[0m04:58:14.391468 [debug] [MainThread]: Sending event: {'category': 'dbt', 'action': 'invocation', 'label': 'start', 'context': [<snowplow_tracker.self_describing_json.SelfDescribingJson object at 0x77dd7651e640>, <snowplow_tracker.self_describing_json.SelfDescribingJson object at 0x77dd75cae850>, <snowplow_tracker.self_describing_json.SelfDescribingJson object at 0x77dd75894220>]}


============================== 04:58:14.397871 | 870e69cb-3cd1-491c-8400-97b383cb9ff5 ==============================
[0m04:58:14.397871 [info ] [MainThread]: Running with dbt=1.9.0-b2
[0m04:58:14.398546 [debug] [MainThread]: running dbt with arguments {'printer_width': '80', 'indirect_selection': 'eager', 'log_cache_events': 'False', 'write_json': 'True', 'partial_parse': 'True', 'cache_selected_only': 'False', 'profiles_dir': '/home/airflow/.dbt', 'fail_fast': 'False', 'debug': 'False', 'log_path': 'logs', 'version_check': 'True', 'warn_error': 'None', 'use_colors': 'True', 'use_experimental_parser': 'False', 'empty': 'False', 'quiet': 'False', 'no_print': 'None', 'warn_error_options': 'WarnErrorOptions(include=[], exclude=[])', 'invocation_command': 'dbt run', 'introspect': 'True', 'log_format': 'default', 'target_path': 'None', 'static_parser': 'True', 'send_anonymous_usage_stats': 'True'}
[0m04:58:14.399782 [error] [MainThread]: Encountered an error:
Runtime Error
  No dbt_project.yml found at expected path /opt/airflow/dbt_ecommerce/dbt_project.yml
  Verify that each entry within packages.yml (and their transitive dependencies) contains a file named dbt_project.yml
  
[0m04:58:14.400710 [debug] [MainThread]: Resource report: {"command_name": "run", "command_wall_clock_time": 0.052114904, "process_user_time": 0.844892, "process_kernel_time": 0.060349, "process_mem_max_rss": "84840", "process_out_blocks": "8", "command_success": false, "process_in_blocks": "0"}
[0m04:58:14.401229 [debug] [MainThread]: Command `dbt run` failed at 04:58:14.401151 after 0.05 seconds
[0m04:58:14.401822 [debug] [MainThread]: Sending event: {'category': 'dbt', 'action': 'invocation', 'label': 'end', 'context': [<snowplow_tracker.self_describing_json.SelfDescribingJson object at 0x77dd7651e640>, <snowplow_tracker.self_describing_json.SelfDescribingJson object at 0x77dd75cae850>, <snowplow_tracker.self_describing_json.SelfDescribingJson object at 0x77dd75877a30>]}
[0m04:58:14.402360 [debug] [MainThread]: Flushing usage events
[0m04:58:16.670658 [debug] [MainThread]: An error was encountered while trying to flush usage events
[0m05:03:05.609759 [debug] [MainThread]: Sending event: {'category': 'dbt', 'action': 'invocation', 'label': 'start', 'context': [<snowplow_tracker.self_describing_json.SelfDescribingJson object at 0x7c6f808a7580>, <snowplow_tracker.self_describing_json.SelfDescribingJson object at 0x7c6f80086c10>, <snowplow_tracker.self_describing_json.SelfDescribingJson object at 0x7c6f8003be20>]}


============================== 05:03:05.616159 | 140028f7-cfb2-43bf-bd37-743875a35803 ==============================
[0m05:03:05.616159 [info ] [MainThread]: Running with dbt=1.9.0-b2
[0m05:03:05.617048 [debug] [MainThread]: running dbt with arguments {'printer_width': '80', 'indirect_selection': 'eager', 'write_json': 'True', 'log_cache_events': 'False', 'partial_parse': 'True', 'cache_selected_only': 'False', 'profiles_dir': '/home/airflow/.dbt', 'version_check': 'True', 'warn_error': 'None', 'log_path': 'logs', 'debug': 'False', 'fail_fast': 'False', 'use_colors': 'True', 'use_experimental_parser': 'False', 'empty': 'False', 'quiet': 'False', 'no_print': 'None', 'warn_error_options': 'WarnErrorOptions(include=[], exclude=[])', 'introspect': 'True', 'invocation_command': 'dbt run', 'static_parser': 'True', 'target_path': 'None', 'log_format': 'default', 'send_anonymous_usage_stats': 'True'}
[0m05:03:05.617991 [error] [MainThread]: Encountered an error:
Runtime Error
  No dbt_project.yml found at expected path /opt/airflow/dbt_ecommerce/dbt_project.yml
  Verify that each entry within packages.yml (and their transitive dependencies) contains a file named dbt_project.yml
  
[0m05:03:05.619228 [debug] [MainThread]: Resource report: {"command_name": "run", "command_wall_clock_time": 0.051966604, "process_user_time": 0.849671, "process_kernel_time": 0.084165, "process_mem_max_rss": "84944", "command_success": false, "process_in_blocks": "0", "process_out_blocks": "0"}
[0m05:03:05.620014 [debug] [MainThread]: Command `dbt run` failed at 05:03:05.619910 after 0.05 seconds
[0m05:03:05.620491 [debug] [MainThread]: Sending event: {'category': 'dbt', 'action': 'invocation', 'label': 'end', 'context': [<snowplow_tracker.self_describing_json.SelfDescribingJson object at 0x7c6f808a7580>, <snowplow_tracker.self_describing_json.SelfDescribingJson object at 0x7c6f7fb7ec70>, <snowplow_tracker.self_describing_json.SelfDescribingJson object at 0x7c6f81df5310>]}
[0m05:03:05.620956 [debug] [MainThread]: Flushing usage events
[0m05:03:06.824272 [debug] [MainThread]: An error was encountered while trying to flush usage events
[0m05:03:49.568990 [debug] [MainThread]: Sending event: {'category': 'dbt', 'action': 'invocation', 'label': 'start', 'context': [<snowplow_tracker.self_describing_json.SelfDescribingJson object at 0x74a09b8675b0>, <snowplow_tracker.self_describing_json.SelfDescribingJson object at 0x74a09b160670>, <snowplow_tracker.self_describing_json.SelfDescribingJson object at 0x74a09acf5fa0>]}


============================== 05:03:49.575187 | f8a170d4-8996-4d5b-b052-6ea8f492ffec ==============================
[0m05:03:49.575187 [info ] [MainThread]: Running with dbt=1.9.0-b2
[0m05:03:49.576207 [debug] [MainThread]: running dbt with arguments {'printer_width': '80', 'indirect_selection': 'eager', 'write_json': 'True', 'log_cache_events': 'False', 'partial_parse': 'True', 'cache_selected_only': 'False', 'warn_error': 'None', 'debug': 'False', 'fail_fast': 'False', 'log_path': 'logs', 'profiles_dir': '/home/airflow/.dbt', 'version_check': 'True', 'use_colors': 'True', 'use_experimental_parser': 'False', 'no_print': 'None', 'quiet': 'False', 'empty': 'False', 'log_format': 'default', 'introspect': 'True', 'static_parser': 'True', 'warn_error_options': 'WarnErrorOptions(include=[], exclude=[])', 'target_path': 'None', 'invocation_command': 'dbt run', 'send_anonymous_usage_stats': 'True'}
[0m05:03:49.581556 [error] [MainThread]: Encountered an error:
Runtime Error
  dbt_project.yml does not parse to a dictionary
[0m05:03:49.583110 [debug] [MainThread]: Resource report: {"command_name": "run", "command_wall_clock_time": 0.089742765, "process_user_time": 0.870359, "process_kernel_time": 0.060441, "process_mem_max_rss": "84744", "command_success": false, "process_in_blocks": "0", "process_out_blocks": "0"}
[0m05:03:49.583975 [debug] [MainThread]: Command `dbt run` failed at 05:03:49.583855 after 0.09 seconds
[0m05:03:49.584766 [debug] [MainThread]: Sending event: {'category': 'dbt', 'action': 'invocation', 'label': 'end', 'context': [<snowplow_tracker.self_describing_json.SelfDescribingJson object at 0x74a09b8675b0>, <snowplow_tracker.self_describing_json.SelfDescribingJson object at 0x74a09b179d90>, <snowplow_tracker.self_describing_json.SelfDescribingJson object at 0x74a09acf5fa0>]}
[0m05:03:49.585389 [debug] [MainThread]: Flushing usage events
[0m05:03:50.784632 [debug] [MainThread]: An error was encountered while trying to flush usage events
[0m05:04:44.041140 [debug] [MainThread]: Sending event: {'category': 'dbt', 'action': 'invocation', 'label': 'start', 'context': [<snowplow_tracker.self_describing_json.SelfDescribingJson object at 0x78d5ae6e7610>, <snowplow_tracker.self_describing_json.SelfDescribingJson object at 0x78d5ae4482b0>, <snowplow_tracker.self_describing_json.SelfDescribingJson object at 0x78d5adb71a30>]}


============================== 05:04:44.047701 | 1228d327-fed6-41e8-9627-9665acca3569 ==============================
[0m05:04:44.047701 [info ] [MainThread]: Running with dbt=1.9.0-b2
[0m05:04:44.048593 [debug] [MainThread]: running dbt with arguments {'printer_width': '80', 'indirect_selection': 'eager', 'write_json': 'True', 'log_cache_events': 'False', 'partial_parse': 'True', 'cache_selected_only': 'False', 'warn_error': 'None', 'debug': 'False', 'fail_fast': 'False', 'log_path': '/opt/airflow/dbt_ecommerce/logs', 'version_check': 'True', 'profiles_dir': '/home/airflow/.dbt', 'use_colors': 'True', 'use_experimental_parser': 'False', 'no_print': 'None', 'quiet': 'False', 'empty': 'False', 'warn_error_options': 'WarnErrorOptions(include=[], exclude=[])', 'invocation_command': 'dbt run', 'introspect': 'True', 'static_parser': 'True', 'target_path': 'None', 'log_format': 'default', 'send_anonymous_usage_stats': 'True'}
[0m05:04:44.154865 [error] [MainThread]: Encountered an error:
Runtime Error
  Required "name" field not present in project

Error encountered in /opt/airflow/dbt_ecommerce/dbt_project.yml
[0m05:04:44.156151 [debug] [MainThread]: Resource report: {"command_name": "run", "command_wall_clock_time": 0.22367954, "process_user_time": 0.932411, "process_kernel_time": 0.076033, "process_mem_max_rss": "88296", "command_success": false, "process_in_blocks": "0", "process_out_blocks": "0"}
[0m05:04:44.156952 [debug] [MainThread]: Command `dbt run` failed at 05:04:44.156856 after 0.22 seconds
[0m05:04:44.157521 [debug] [MainThread]: Sending event: {'category': 'dbt', 'action': 'invocation', 'label': 'end', 'context': [<snowplow_tracker.self_describing_json.SelfDescribingJson object at 0x78d5ae6e7610>, <snowplow_tracker.self_describing_json.SelfDescribingJson object at 0x78d5acfe4d00>, <snowplow_tracker.self_describing_json.SelfDescribingJson object at 0x78d5acfeb130>]}
[0m05:04:44.158093 [debug] [MainThread]: Flushing usage events
[0m05:04:46.377744 [debug] [MainThread]: An error was encountered while trying to flush usage events
[0m05:05:23.246916 [debug] [MainThread]: Sending event: {'category': 'dbt', 'action': 'invocation', 'label': 'start', 'context': [<snowplow_tracker.self_describing_json.SelfDescribingJson object at 0x73fad211e640>, <snowplow_tracker.self_describing_json.SelfDescribingJson object at 0x73fad1fccee0>, <snowplow_tracker.self_describing_json.SelfDescribingJson object at 0x73fad148d1f0>]}


============================== 05:05:23.253066 | f8f4892a-2a01-4ae0-83ab-c397e024905e ==============================
[0m05:05:23.253066 [info ] [MainThread]: Running with dbt=1.9.0-b2
[0m05:05:23.253875 [debug] [MainThread]: running dbt with arguments {'printer_width': '80', 'indirect_selection': 'eager', 'write_json': 'True', 'log_cache_events': 'False', 'partial_parse': 'True', 'cache_selected_only': 'False', 'profiles_dir': '/home/airflow/.dbt', 'debug': 'False', 'warn_error': 'None', 'log_path': '/opt/airflow/dbt_ecommerce/logs', 'version_check': 'True', 'fail_fast': 'False', 'use_colors': 'True', 'use_experimental_parser': 'False', 'empty': 'False', 'quiet': 'False', 'no_print': 'None', 'warn_error_options': 'WarnErrorOptions(include=[], exclude=[])', 'introspect': 'True', 'static_parser': 'True', 'log_format': 'default', 'target_path': 'None', 'invocation_command': 'dbt run', 'send_anonymous_usage_stats': 'True'}
[0m05:05:23.444546 [debug] [MainThread]: Sending event: {'category': 'dbt', 'action': 'project_id', 'label': 'f8f4892a-2a01-4ae0-83ab-c397e024905e', 'context': [<snowplow_tracker.self_describing_json.SelfDescribingJson object at 0x73fad31d6250>]}
[0m05:05:23.490135 [debug] [MainThread]: Sending event: {'category': 'dbt', 'action': 'adapter_info', 'label': 'f8f4892a-2a01-4ae0-83ab-c397e024905e', 'context': [<snowplow_tracker.self_describing_json.SelfDescribingJson object at 0x73fad09d7a90>]}
[0m05:05:23.491678 [info ] [MainThread]: Registered adapter: postgres=1.8.2
[0m05:05:23.504154 [debug] [MainThread]: checksum: 4cfbbe2a671212f062e88a43cba5322b30b7e3e8e91b953aa4de249eeaade60f, vars: {}, profile: , target: , version: 1.9.0b2
[0m05:05:23.509994 [info ] [MainThread]: Unable to do partial parsing because saved manifest not found. Starting full parse.
[0m05:05:23.510815 [debug] [MainThread]: Sending event: {'category': 'dbt', 'action': 'partial_parser', 'label': 'f8f4892a-2a01-4ae0-83ab-c397e024905e', 'context': [<snowplow_tracker.self_describing_json.SelfDescribingJson object at 0x73fad05a4e20>]}
[0m05:05:24.398112 [error] [MainThread]: Encountered an error:
Compilation Error
  Model 'model.dbt_ecommerce.ecom_monthly_revenue' (models/ecom_monthly_revenue.sql) depends on a node named 'stg_ecommerce' which was not found
[0m05:05:24.399676 [debug] [MainThread]: Resource report: {"command_name": "run", "command_wall_clock_time": 1.2061473, "process_user_time": 1.707019, "process_kernel_time": 0.109216, "process_mem_max_rss": "97144", "process_in_blocks": "1376", "command_success": false, "process_out_blocks": "0"}
[0m05:05:24.400461 [debug] [MainThread]: Command `dbt run` failed at 05:05:24.400358 after 1.21 seconds
[0m05:05:24.401260 [debug] [MainThread]: Sending event: {'category': 'dbt', 'action': 'invocation', 'label': 'end', 'context': [<snowplow_tracker.self_describing_json.SelfDescribingJson object at 0x73fad211e640>, <snowplow_tracker.self_describing_json.SelfDescribingJson object at 0x73fad0132e80>, <snowplow_tracker.self_describing_json.SelfDescribingJson object at 0x73fad00efa90>]}
[0m05:05:24.402016 [debug] [MainThread]: Flushing usage events
[0m05:05:25.631764 [debug] [MainThread]: An error was encountered while trying to flush usage events
[0m05:06:00.048154 [debug] [MainThread]: Sending event: {'category': 'dbt', 'action': 'invocation', 'label': 'start', 'context': [<snowplow_tracker.self_describing_json.SelfDescribingJson object at 0x729b0131e670>, <snowplow_tracker.self_describing_json.SelfDescribingJson object at 0x729b02ab5400>, <snowplow_tracker.self_describing_json.SelfDescribingJson object at 0x729b0068f220>]}


============================== 05:06:00.054590 | de035911-778c-4293-bc07-cd201781ae8e ==============================
[0m05:06:00.054590 [info ] [MainThread]: Running with dbt=1.9.0-b2
[0m05:06:00.055577 [debug] [MainThread]: running dbt with arguments {'printer_width': '80', 'indirect_selection': 'eager', 'write_json': 'True', 'log_cache_events': 'False', 'partial_parse': 'True', 'cache_selected_only': 'False', 'profiles_dir': '/home/airflow/.dbt', 'version_check': 'True', 'fail_fast': 'False', 'log_path': '/opt/airflow/dbt_ecommerce/logs', 'debug': 'False', 'warn_error': 'None', 'use_colors': 'True', 'use_experimental_parser': 'False', 'no_print': 'None', 'quiet': 'False', 'empty': 'False', 'warn_error_options': 'WarnErrorOptions(include=[], exclude=[])', 'introspect': 'True', 'static_parser': 'True', 'log_format': 'default', 'target_path': 'None', 'invocation_command': 'dbt run', 'send_anonymous_usage_stats': 'True'}
[0m05:06:00.238467 [debug] [MainThread]: Sending event: {'category': 'dbt', 'action': 'project_id', 'label': 'de035911-778c-4293-bc07-cd201781ae8e', 'context': [<snowplow_tracker.self_describing_json.SelfDescribingJson object at 0x729affe8d0d0>]}
[0m05:06:00.283090 [debug] [MainThread]: Sending event: {'category': 'dbt', 'action': 'adapter_info', 'label': 'de035911-778c-4293-bc07-cd201781ae8e', 'context': [<snowplow_tracker.self_describing_json.SelfDescribingJson object at 0x729b007a8b50>]}
[0m05:06:00.284087 [info ] [MainThread]: Registered adapter: postgres=1.8.2
[0m05:06:00.297148 [debug] [MainThread]: checksum: 4cfbbe2a671212f062e88a43cba5322b30b7e3e8e91b953aa4de249eeaade60f, vars: {}, profile: , target: , version: 1.9.0b2
[0m05:06:00.300334 [info ] [MainThread]: Unable to do partial parsing because saved manifest not found. Starting full parse.
[0m05:06:00.301062 [debug] [MainThread]: Sending event: {'category': 'dbt', 'action': 'partial_parser', 'label': 'de035911-778c-4293-bc07-cd201781ae8e', 'context': [<snowplow_tracker.self_describing_json.SelfDescribingJson object at 0x729b0068f970>]}
[0m05:06:01.334458 [debug] [MainThread]: Sending event: {'category': 'dbt', 'action': 'load_project', 'label': 'de035911-778c-4293-bc07-cd201781ae8e', 'context': [<snowplow_tracker.self_describing_json.SelfDescribingJson object at 0x729aff76e820>]}
[0m05:06:01.436912 [debug] [MainThread]: Sending event: {'category': 'dbt', 'action': 'resource_counts', 'label': 'de035911-778c-4293-bc07-cd201781ae8e', 'context': [<snowplow_tracker.self_describing_json.SelfDescribingJson object at 0x729affb8f610>]}
[0m05:06:01.437968 [info ] [MainThread]: Found 5 models, 423 macros
[0m05:06:01.438859 [debug] [MainThread]: Sending event: {'category': 'dbt', 'action': 'runnable_timing', 'label': 'de035911-778c-4293-bc07-cd201781ae8e', 'context': [<snowplow_tracker.self_describing_json.SelfDescribingJson object at 0x729affeada30>]}
[0m05:06:01.440528 [info ] [MainThread]: 
[0m05:06:01.441311 [info ] [MainThread]: Concurrency: 1 threads (target='dev')
[0m05:06:01.441953 [info ] [MainThread]: 
[0m05:06:01.442826 [debug] [MainThread]: Acquiring new postgres connection 'master'
[0m05:06:01.447092 [debug] [ThreadPool]: Acquiring new postgres connection 'list_airflow'
[0m05:06:01.477705 [debug] [ThreadPool]: Using postgres connection "list_airflow"
[0m05:06:01.478556 [debug] [ThreadPool]: On list_airflow: /* {"app": "dbt", "dbt_version": "1.9.0b2", "profile_name": "dbt_ecommerce", "target_name": "dev", "connection_name": "list_airflow"} */

    select distinct nspname from pg_namespace
  
[0m05:06:01.479067 [debug] [ThreadPool]: Opening a new connection, currently in state init
[0m05:06:01.484836 [debug] [ThreadPool]: SQL status: SELECT 4 in 0.006 seconds
[0m05:06:01.486150 [debug] [ThreadPool]: On list_airflow: Close
[0m05:06:01.488510 [debug] [ThreadPool]: Re-using an available connection from the pool (formerly list_airflow, now list_airflow_public)
[0m05:06:01.494007 [debug] [ThreadPool]: Using postgres connection "list_airflow_public"
[0m05:06:01.494824 [debug] [ThreadPool]: On list_airflow_public: BEGIN
[0m05:06:01.495475 [debug] [ThreadPool]: Opening a new connection, currently in state closed
[0m05:06:01.500481 [debug] [ThreadPool]: SQL status: BEGIN in 0.005 seconds
[0m05:06:01.501181 [debug] [ThreadPool]: Using postgres connection "list_airflow_public"
[0m05:06:01.501718 [debug] [ThreadPool]: On list_airflow_public: /* {"app": "dbt", "dbt_version": "1.9.0b2", "profile_name": "dbt_ecommerce", "target_name": "dev", "connection_name": "list_airflow_public"} */
select
      'airflow' as database,
      tablename as name,
      schemaname as schema,
      'table' as type
    from pg_tables
    where schemaname ilike 'public'
    union all
    select
      'airflow' as database,
      viewname as name,
      schemaname as schema,
      'view' as type
    from pg_views
    where schemaname ilike 'public'
    union all
    select
      'airflow' as database,
      matviewname as name,
      schemaname as schema,
      'materialized_view' as type
    from pg_matviews
    where schemaname ilike 'public'
  
[0m05:06:01.505830 [debug] [ThreadPool]: SQL status: SELECT 47 in 0.004 seconds
[0m05:06:01.507654 [debug] [ThreadPool]: On list_airflow_public: ROLLBACK
[0m05:06:01.508503 [debug] [ThreadPool]: On list_airflow_public: Close
[0m05:06:01.516449 [debug] [MainThread]: Using postgres connection "master"
[0m05:06:01.517173 [debug] [MainThread]: On master: BEGIN
[0m05:06:01.517632 [debug] [MainThread]: Opening a new connection, currently in state init
[0m05:06:01.521728 [debug] [MainThread]: SQL status: BEGIN in 0.004 seconds
[0m05:06:01.522431 [debug] [MainThread]: Using postgres connection "master"
[0m05:06:01.523204 [debug] [MainThread]: On master: /* {"app": "dbt", "dbt_version": "1.9.0b2", "profile_name": "dbt_ecommerce", "target_name": "dev", "connection_name": "master"} */
with relation as (
        select
            pg_rewrite.ev_class as class,
            pg_rewrite.oid as id
        from pg_rewrite
    ),
    class as (
        select
            oid as id,
            relname as name,
            relnamespace as schema,
            relkind as kind
        from pg_class
    ),
    dependency as (
        select distinct
            pg_depend.objid as id,
            pg_depend.refobjid as ref
        from pg_depend
    ),
    schema as (
        select
            pg_namespace.oid as id,
            pg_namespace.nspname as name
        from pg_namespace
        where nspname != 'information_schema' and nspname not like 'pg\_%'
    ),
    referenced as (
        select
            relation.id AS id,
            referenced_class.name ,
            referenced_class.schema ,
            referenced_class.kind
        from relation
        join class as referenced_class on relation.class=referenced_class.id
        where referenced_class.kind in ('r', 'v', 'm')
    ),
    relationships as (
        select
            referenced.name as referenced_name,
            referenced.schema as referenced_schema_id,
            dependent_class.name as dependent_name,
            dependent_class.schema as dependent_schema_id,
            referenced.kind as kind
        from referenced
        join dependency on referenced.id=dependency.id
        join class as dependent_class on dependency.ref=dependent_class.id
        where
            (referenced.name != dependent_class.name or
             referenced.schema != dependent_class.schema)
    )

    select
        referenced_schema.name as referenced_schema,
        relationships.referenced_name as referenced_name,
        dependent_schema.name as dependent_schema,
        relationships.dependent_name as dependent_name
    from relationships
    join schema as dependent_schema on relationships.dependent_schema_id=dependent_schema.id
    join schema as referenced_schema on relationships.referenced_schema_id=referenced_schema.id
    group by referenced_schema, referenced_name, dependent_schema, dependent_name
    order by referenced_schema, referenced_name, dependent_schema, dependent_name;
[0m05:06:01.537628 [debug] [MainThread]: SQL status: SELECT 0 in 0.013 seconds
[0m05:06:01.539101 [debug] [MainThread]: Sending event: {'category': 'dbt', 'action': 'runnable_timing', 'label': 'de035911-778c-4293-bc07-cd201781ae8e', 'context': [<snowplow_tracker.self_describing_json.SelfDescribingJson object at 0x729affb8f550>]}
[0m05:06:01.539872 [debug] [MainThread]: On master: ROLLBACK
[0m05:06:01.540764 [debug] [MainThread]: Using postgres connection "master"
[0m05:06:01.541428 [debug] [MainThread]: On master: BEGIN
[0m05:06:01.542203 [debug] [MainThread]: SQL status: BEGIN in 0.000 seconds
[0m05:06:01.542764 [debug] [MainThread]: On master: COMMIT
[0m05:06:01.543241 [debug] [MainThread]: Using postgres connection "master"
[0m05:06:01.543730 [debug] [MainThread]: On master: COMMIT
[0m05:06:01.544453 [debug] [MainThread]: SQL status: COMMIT in 0.000 seconds
[0m05:06:01.544981 [debug] [MainThread]: On master: Close
[0m05:06:01.551223 [debug] [Thread-1  ]: Began running node model.dbt_ecommerce.stg_ecom
[0m05:06:01.552237 [info ] [Thread-1  ]: 1 of 5 START sql view model public.stg_ecom .................................... [RUN]
[0m05:06:01.553136 [debug] [Thread-1  ]: Re-using an available connection from the pool (formerly list_airflow_public, now model.dbt_ecommerce.stg_ecom)
[0m05:06:01.553874 [debug] [Thread-1  ]: Began compiling node model.dbt_ecommerce.stg_ecom
[0m05:06:01.559373 [debug] [Thread-1  ]: Writing injected SQL for node "model.dbt_ecommerce.stg_ecom"
[0m05:06:01.586755 [debug] [Thread-1  ]: Began executing node model.dbt_ecommerce.stg_ecom
[0m05:06:01.623619 [debug] [Thread-1  ]: Writing runtime sql for node "model.dbt_ecommerce.stg_ecom"
[0m05:06:01.652377 [debug] [Thread-1  ]: Using postgres connection "model.dbt_ecommerce.stg_ecom"
[0m05:06:01.653335 [debug] [Thread-1  ]: On model.dbt_ecommerce.stg_ecom: BEGIN
[0m05:06:01.653845 [debug] [Thread-1  ]: Opening a new connection, currently in state closed
[0m05:06:01.659462 [debug] [Thread-1  ]: SQL status: BEGIN in 0.006 seconds
[0m05:06:01.660375 [debug] [Thread-1  ]: Using postgres connection "model.dbt_ecommerce.stg_ecom"
[0m05:06:01.661286 [debug] [Thread-1  ]: On model.dbt_ecommerce.stg_ecom: /* {"app": "dbt", "dbt_version": "1.9.0b2", "profile_name": "dbt_ecommerce", "target_name": "dev", "node_id": "model.dbt_ecommerce.stg_ecom"} */

  create view "airflow"."public"."stg_ecom__dbt_tmp"
    
    
  as (
    SELECT
    "InvoiceNo"     AS invoice_no,
    "StockCode"     AS stock_code,
    "Description"   AS description,
    "Quantity"      AS quantity,
    "InvoiceDate"::timestamp AS invoice_date,
    "UnitPrice"     AS unit_price,
    "CustomerID"::int AS customer_id,
    "Country"       AS country,
    "Quantity" * "UnitPrice" AS total_price,
    TO_CHAR("InvoiceDate"::timestamp, 'YYYY-MM') AS invoice_month
FROM ecommerce_sales
WHERE "CustomerID" IS NOT NULL
  AND "Quantity" > 0
  AND "UnitPrice" > 0
  );
[0m05:06:01.665479 [debug] [Thread-1  ]: Postgres adapter: Postgres error: column "InvoiceNo" does not exist
LINE 8:     "InvoiceNo"     AS invoice_no,
            ^
HINT:  Perhaps you meant to reference the column "ecommerce_sales.invoice_no".

[0m05:06:01.666408 [debug] [Thread-1  ]: On model.dbt_ecommerce.stg_ecom: ROLLBACK
[0m05:06:01.667575 [debug] [Thread-1  ]: On model.dbt_ecommerce.stg_ecom: Close
[0m05:06:01.669822 [debug] [Thread-1  ]: Database Error in model stg_ecom (models/stg_ecom.sql)
  column "InvoiceNo" does not exist
  LINE 8:     "InvoiceNo"     AS invoice_no,
              ^
  HINT:  Perhaps you meant to reference the column "ecommerce_sales.invoice_no".
  compiled code at target/run/dbt_ecommerce/models/stg_ecom.sql
[0m05:06:01.671537 [debug] [Thread-1  ]: Sending event: {'category': 'dbt', 'action': 'run_model', 'label': 'de035911-778c-4293-bc07-cd201781ae8e', 'context': [<snowplow_tracker.self_describing_json.SelfDescribingJson object at 0x729afe67e6a0>]}
[0m05:06:01.672543 [error] [Thread-1  ]: 1 of 5 ERROR creating sql view model public.stg_ecom ........................... [[31mERROR[0m in 0.12s]
[0m05:06:01.673532 [debug] [Thread-1  ]: Finished running node model.dbt_ecommerce.stg_ecom
[0m05:06:01.674763 [debug] [Thread-4  ]: Marking all children of 'model.dbt_ecommerce.stg_ecom' to be skipped because of status 'error'.  Reason: Database Error in model stg_ecom (models/stg_ecom.sql)
  column "InvoiceNo" does not exist
  LINE 8:     "InvoiceNo"     AS invoice_no,
              ^
  HINT:  Perhaps you meant to reference the column "ecommerce_sales.invoice_no".
  compiled code at target/run/dbt_ecommerce/models/stg_ecom.sql.
[0m05:06:01.676384 [debug] [Thread-1  ]: Began running node model.dbt_ecommerce.ecom_monthly_revenue
[0m05:06:01.677082 [info ] [Thread-1  ]: 2 of 5 SKIP relation public.ecom_monthly_revenue ............................... [[33mSKIP[0m]
[0m05:06:01.677764 [debug] [Thread-1  ]: Finished running node model.dbt_ecommerce.ecom_monthly_revenue
[0m05:06:01.678400 [debug] [Thread-1  ]: Began running node model.dbt_ecommerce.ecom_sales_by_country
[0m05:06:01.679324 [info ] [Thread-1  ]: 3 of 5 SKIP relation public.ecom_sales_by_country .............................. [[33mSKIP[0m]
[0m05:06:01.680163 [debug] [Thread-1  ]: Finished running node model.dbt_ecommerce.ecom_sales_by_country
[0m05:06:01.681090 [debug] [Thread-1  ]: Began running node model.dbt_ecommerce.ecom_top_customers
[0m05:06:01.682096 [info ] [Thread-1  ]: 4 of 5 SKIP relation public.ecom_top_customers ................................. [[33mSKIP[0m]
[0m05:06:01.682842 [debug] [Thread-1  ]: Finished running node model.dbt_ecommerce.ecom_top_customers
[0m05:06:01.683583 [debug] [Thread-1  ]: Began running node model.dbt_ecommerce.ecom_top_product
[0m05:06:01.684354 [info ] [Thread-1  ]: 5 of 5 SKIP relation public.ecom_top_product ................................... [[33mSKIP[0m]
[0m05:06:01.685049 [debug] [Thread-1  ]: Finished running node model.dbt_ecommerce.ecom_top_product
[0m05:06:01.687774 [debug] [MainThread]: Using postgres connection "master"
[0m05:06:01.689323 [debug] [MainThread]: On master: BEGIN
[0m05:06:01.690354 [debug] [MainThread]: Opening a new connection, currently in state closed
[0m05:06:01.696890 [debug] [MainThread]: SQL status: BEGIN in 0.006 seconds
[0m05:06:01.697964 [debug] [MainThread]: On master: COMMIT
[0m05:06:01.698808 [debug] [MainThread]: Using postgres connection "master"
[0m05:06:01.699453 [debug] [MainThread]: On master: COMMIT
[0m05:06:01.700398 [debug] [MainThread]: SQL status: COMMIT in 0.000 seconds
[0m05:06:01.701045 [debug] [MainThread]: On master: Close
[0m05:06:01.701852 [debug] [MainThread]: Connection 'master' was properly closed.
[0m05:06:01.702460 [debug] [MainThread]: Connection 'model.dbt_ecommerce.stg_ecom' was properly closed.
[0m05:06:01.703118 [info ] [MainThread]: 
[0m05:06:01.704045 [info ] [MainThread]: Finished running 5 view models in 0 hours 0 minutes and 0.26 seconds (0.26s).
[0m05:06:01.705490 [debug] [MainThread]: Command end result
[0m05:06:01.767475 [info ] [MainThread]: 
[0m05:06:01.768472 [info ] [MainThread]: [31mCompleted with 1 error, 0 partial successs, and 0 warnings:[0m
[0m05:06:01.769135 [info ] [MainThread]: 
[0m05:06:01.769859 [error] [MainThread]:   Database Error in model stg_ecom (models/stg_ecom.sql)
  column "InvoiceNo" does not exist
  LINE 8:     "InvoiceNo"     AS invoice_no,
              ^
  HINT:  Perhaps you meant to reference the column "ecommerce_sales.invoice_no".
  compiled code at target/run/dbt_ecommerce/models/stg_ecom.sql
[0m05:06:01.770528 [info ] [MainThread]: 
[0m05:06:01.771087 [info ] [MainThread]: Done. PASS=0 WARN=0 ERROR=1 SKIP=4 TOTAL=5
[0m05:06:01.772131 [debug] [MainThread]: Resource report: {"command_name": "run", "command_wall_clock_time": 1.7886077, "process_user_time": 1.913859, "process_kernel_time": 0.147834, "process_mem_max_rss": "107640", "process_in_blocks": "1488", "command_success": false, "process_out_blocks": "0"}
[0m05:06:01.772982 [debug] [MainThread]: Command `dbt run` failed at 05:06:01.772894 after 1.79 seconds
[0m05:06:01.773569 [debug] [MainThread]: Sending event: {'category': 'dbt', 'action': 'invocation', 'label': 'end', 'context': [<snowplow_tracker.self_describing_json.SelfDescribingJson object at 0x729b0131e670>, <snowplow_tracker.self_describing_json.SelfDescribingJson object at 0x729aff67ad30>, <snowplow_tracker.self_describing_json.SelfDescribingJson object at 0x729aff76e8b0>]}
[0m05:06:01.774257 [debug] [MainThread]: Flushing usage events
[0m05:06:02.986689 [debug] [MainThread]: An error was encountered while trying to flush usage events
[0m05:06:40.967898 [debug] [MainThread]: Sending event: {'category': 'dbt', 'action': 'invocation', 'label': 'start', 'context': [<snowplow_tracker.self_describing_json.SelfDescribingJson object at 0x77ba87aee640>, <snowplow_tracker.self_describing_json.SelfDescribingJson object at 0x77ba8727b850>, <snowplow_tracker.self_describing_json.SelfDescribingJson object at 0x77ba86e56220>]}


============================== 05:06:40.975123 | 1afad06e-2fc5-428b-bc51-a223b0a936b9 ==============================
[0m05:06:40.975123 [info ] [MainThread]: Running with dbt=1.9.0-b2
[0m05:06:40.976176 [debug] [MainThread]: running dbt with arguments {'printer_width': '80', 'indirect_selection': 'eager', 'log_cache_events': 'False', 'write_json': 'True', 'partial_parse': 'True', 'cache_selected_only': 'False', 'warn_error': 'None', 'debug': 'False', 'version_check': 'True', 'log_path': '/opt/airflow/dbt_ecommerce/logs', 'profiles_dir': '/home/airflow/.dbt', 'fail_fast': 'False', 'use_colors': 'True', 'use_experimental_parser': 'False', 'no_print': 'None', 'quiet': 'False', 'empty': 'False', 'warn_error_options': 'WarnErrorOptions(include=[], exclude=[])', 'invocation_command': 'dbt run', 'log_format': 'default', 'introspect': 'True', 'target_path': 'None', 'static_parser': 'True', 'send_anonymous_usage_stats': 'True'}
[0m05:06:41.131956 [debug] [MainThread]: Sending event: {'category': 'dbt', 'action': 'project_id', 'label': '1afad06e-2fc5-428b-bc51-a223b0a936b9', 'context': [<snowplow_tracker.self_describing_json.SelfDescribingJson object at 0x77ba88e50250>]}
[0m05:06:41.178093 [debug] [MainThread]: Sending event: {'category': 'dbt', 'action': 'adapter_info', 'label': '1afad06e-2fc5-428b-bc51-a223b0a936b9', 'context': [<snowplow_tracker.self_describing_json.SelfDescribingJson object at 0x77ba88e50160>]}
[0m05:06:41.179733 [info ] [MainThread]: Registered adapter: postgres=1.8.2
[0m05:06:41.192639 [debug] [MainThread]: checksum: 4cfbbe2a671212f062e88a43cba5322b30b7e3e8e91b953aa4de249eeaade60f, vars: {}, profile: , target: , version: 1.9.0b2
[0m05:06:41.390607 [debug] [MainThread]: Partial parsing enabled: 0 files deleted, 0 files added, 1 files changed.
[0m05:06:41.391378 [debug] [MainThread]: Partial parsing: updated file: dbt_ecommerce://models/stg_ecom.sql
[0m05:06:41.566467 [debug] [MainThread]: Sending event: {'category': 'dbt', 'action': 'load_project', 'label': '1afad06e-2fc5-428b-bc51-a223b0a936b9', 'context': [<snowplow_tracker.self_describing_json.SelfDescribingJson object at 0x77ba85a6f880>]}
[0m05:06:41.677744 [debug] [MainThread]: Sending event: {'category': 'dbt', 'action': 'resource_counts', 'label': '1afad06e-2fc5-428b-bc51-a223b0a936b9', 'context': [<snowplow_tracker.self_describing_json.SelfDescribingJson object at 0x77ba8577dfd0>]}
[0m05:06:41.679329 [info ] [MainThread]: Found 5 models, 423 macros
[0m05:06:41.680317 [debug] [MainThread]: Sending event: {'category': 'dbt', 'action': 'runnable_timing', 'label': '1afad06e-2fc5-428b-bc51-a223b0a936b9', 'context': [<snowplow_tracker.self_describing_json.SelfDescribingJson object at 0x77ba857b9040>]}
[0m05:06:41.682039 [info ] [MainThread]: 
[0m05:06:41.682703 [info ] [MainThread]: Concurrency: 1 threads (target='dev')
[0m05:06:41.683350 [info ] [MainThread]: 
[0m05:06:41.684211 [debug] [MainThread]: Acquiring new postgres connection 'master'
[0m05:06:41.688220 [debug] [ThreadPool]: Acquiring new postgres connection 'list_airflow'
[0m05:06:41.715104 [debug] [ThreadPool]: Using postgres connection "list_airflow"
[0m05:06:41.716455 [debug] [ThreadPool]: On list_airflow: /* {"app": "dbt", "dbt_version": "1.9.0b2", "profile_name": "dbt_ecommerce", "target_name": "dev", "connection_name": "list_airflow"} */

    select distinct nspname from pg_namespace
  
[0m05:06:41.717718 [debug] [ThreadPool]: Opening a new connection, currently in state init
[0m05:06:41.724183 [debug] [ThreadPool]: SQL status: SELECT 4 in 0.006 seconds
[0m05:06:41.725889 [debug] [ThreadPool]: On list_airflow: Close
[0m05:06:41.728476 [debug] [ThreadPool]: Re-using an available connection from the pool (formerly list_airflow, now list_airflow_public)
[0m05:06:41.734310 [debug] [ThreadPool]: Using postgres connection "list_airflow_public"
[0m05:06:41.735427 [debug] [ThreadPool]: On list_airflow_public: BEGIN
[0m05:06:41.736424 [debug] [ThreadPool]: Opening a new connection, currently in state closed
[0m05:06:41.741231 [debug] [ThreadPool]: SQL status: BEGIN in 0.005 seconds
[0m05:06:41.742265 [debug] [ThreadPool]: Using postgres connection "list_airflow_public"
[0m05:06:41.743018 [debug] [ThreadPool]: On list_airflow_public: /* {"app": "dbt", "dbt_version": "1.9.0b2", "profile_name": "dbt_ecommerce", "target_name": "dev", "connection_name": "list_airflow_public"} */
select
      'airflow' as database,
      tablename as name,
      schemaname as schema,
      'table' as type
    from pg_tables
    where schemaname ilike 'public'
    union all
    select
      'airflow' as database,
      viewname as name,
      schemaname as schema,
      'view' as type
    from pg_views
    where schemaname ilike 'public'
    union all
    select
      'airflow' as database,
      matviewname as name,
      schemaname as schema,
      'materialized_view' as type
    from pg_matviews
    where schemaname ilike 'public'
  
[0m05:06:41.745619 [debug] [ThreadPool]: SQL status: SELECT 47 in 0.002 seconds
[0m05:06:41.747565 [debug] [ThreadPool]: On list_airflow_public: ROLLBACK
[0m05:06:41.748508 [debug] [ThreadPool]: On list_airflow_public: Close
[0m05:06:41.756144 [debug] [MainThread]: Using postgres connection "master"
[0m05:06:41.757057 [debug] [MainThread]: On master: BEGIN
[0m05:06:41.757637 [debug] [MainThread]: Opening a new connection, currently in state init
[0m05:06:41.762198 [debug] [MainThread]: SQL status: BEGIN in 0.005 seconds
[0m05:06:41.763017 [debug] [MainThread]: Using postgres connection "master"
[0m05:06:41.763895 [debug] [MainThread]: On master: /* {"app": "dbt", "dbt_version": "1.9.0b2", "profile_name": "dbt_ecommerce", "target_name": "dev", "connection_name": "master"} */
with relation as (
        select
            pg_rewrite.ev_class as class,
            pg_rewrite.oid as id
        from pg_rewrite
    ),
    class as (
        select
            oid as id,
            relname as name,
            relnamespace as schema,
            relkind as kind
        from pg_class
    ),
    dependency as (
        select distinct
            pg_depend.objid as id,
            pg_depend.refobjid as ref
        from pg_depend
    ),
    schema as (
        select
            pg_namespace.oid as id,
            pg_namespace.nspname as name
        from pg_namespace
        where nspname != 'information_schema' and nspname not like 'pg\_%'
    ),
    referenced as (
        select
            relation.id AS id,
            referenced_class.name ,
            referenced_class.schema ,
            referenced_class.kind
        from relation
        join class as referenced_class on relation.class=referenced_class.id
        where referenced_class.kind in ('r', 'v', 'm')
    ),
    relationships as (
        select
            referenced.name as referenced_name,
            referenced.schema as referenced_schema_id,
            dependent_class.name as dependent_name,
            dependent_class.schema as dependent_schema_id,
            referenced.kind as kind
        from referenced
        join dependency on referenced.id=dependency.id
        join class as dependent_class on dependency.ref=dependent_class.id
        where
            (referenced.name != dependent_class.name or
             referenced.schema != dependent_class.schema)
    )

    select
        referenced_schema.name as referenced_schema,
        relationships.referenced_name as referenced_name,
        dependent_schema.name as dependent_schema,
        relationships.dependent_name as dependent_name
    from relationships
    join schema as dependent_schema on relationships.dependent_schema_id=dependent_schema.id
    join schema as referenced_schema on relationships.referenced_schema_id=referenced_schema.id
    group by referenced_schema, referenced_name, dependent_schema, dependent_name
    order by referenced_schema, referenced_name, dependent_schema, dependent_name;
[0m05:06:41.776676 [debug] [MainThread]: SQL status: SELECT 0 in 0.012 seconds
[0m05:06:41.778119 [debug] [MainThread]: Sending event: {'category': 'dbt', 'action': 'runnable_timing', 'label': '1afad06e-2fc5-428b-bc51-a223b0a936b9', 'context': [<snowplow_tracker.self_describing_json.SelfDescribingJson object at 0x77ba8572e610>]}
[0m05:06:41.779092 [debug] [MainThread]: On master: ROLLBACK
[0m05:06:41.780328 [debug] [MainThread]: Using postgres connection "master"
[0m05:06:41.781148 [debug] [MainThread]: On master: BEGIN
[0m05:06:41.782300 [debug] [MainThread]: SQL status: BEGIN in 0.000 seconds
[0m05:06:41.783078 [debug] [MainThread]: On master: COMMIT
[0m05:06:41.784066 [debug] [MainThread]: Using postgres connection "master"
[0m05:06:41.784783 [debug] [MainThread]: On master: COMMIT
[0m05:06:41.785796 [debug] [MainThread]: SQL status: COMMIT in 0.000 seconds
[0m05:06:41.786576 [debug] [MainThread]: On master: Close
[0m05:06:41.792832 [debug] [Thread-1  ]: Began running node model.dbt_ecommerce.stg_ecom
[0m05:06:41.793645 [info ] [Thread-1  ]: 1 of 5 START sql view model public.stg_ecom .................................... [RUN]
[0m05:06:41.794593 [debug] [Thread-1  ]: Re-using an available connection from the pool (formerly list_airflow_public, now model.dbt_ecommerce.stg_ecom)
[0m05:06:41.795284 [debug] [Thread-1  ]: Began compiling node model.dbt_ecommerce.stg_ecom
[0m05:06:41.801193 [debug] [Thread-1  ]: Writing injected SQL for node "model.dbt_ecommerce.stg_ecom"
[0m05:06:41.809040 [debug] [Thread-1  ]: Began executing node model.dbt_ecommerce.stg_ecom
[0m05:06:41.836154 [debug] [Thread-1  ]: Writing runtime sql for node "model.dbt_ecommerce.stg_ecom"
[0m05:06:41.866979 [debug] [Thread-1  ]: Using postgres connection "model.dbt_ecommerce.stg_ecom"
[0m05:06:41.868037 [debug] [Thread-1  ]: On model.dbt_ecommerce.stg_ecom: BEGIN
[0m05:06:41.868728 [debug] [Thread-1  ]: Opening a new connection, currently in state closed
[0m05:06:41.873209 [debug] [Thread-1  ]: SQL status: BEGIN in 0.004 seconds
[0m05:06:41.873991 [debug] [Thread-1  ]: Using postgres connection "model.dbt_ecommerce.stg_ecom"
[0m05:06:41.874859 [debug] [Thread-1  ]: On model.dbt_ecommerce.stg_ecom: /* {"app": "dbt", "dbt_version": "1.9.0b2", "profile_name": "dbt_ecommerce", "target_name": "dev", "node_id": "model.dbt_ecommerce.stg_ecom"} */

  create view "airflow"."public"."stg_ecom__dbt_tmp"
    
    
  as (
    SELECT
    "ecommerce_sales.invoice_no"     AS invoice_no,
    "ecommerce_sales.StockCode"     AS stock_code,
    "ecommerce_sales.Description"   AS description,
    "ecommerce_sales.Quantity"      AS quantity,
    "ecommerce_sales.InvoiceDate"::timestamp AS invoice_date,
    "ecommerce_sales.UnitPrice"     AS unit_price,
    "CustomerID"::int AS customer_id,
    "Country"       AS country,
    "Quantity" * "UnitPrice" AS total_price,
    TO_CHAR("InvoiceDate"::timestamp, 'YYYY-MM') AS invoice_month
FROM ecommerce_sales
WHERE "CustomerID" IS NOT NULL
  AND "Quantity" > 0
  AND "UnitPrice" > 0
  );
[0m05:06:41.876063 [debug] [Thread-1  ]: Postgres adapter: Postgres error: column "ecommerce_sales.invoice_no" does not exist
LINE 8:     "ecommerce_sales.invoice_no"     AS invoice_no,
            ^

[0m05:06:41.876703 [debug] [Thread-1  ]: On model.dbt_ecommerce.stg_ecom: ROLLBACK
[0m05:06:41.877774 [debug] [Thread-1  ]: On model.dbt_ecommerce.stg_ecom: Close
[0m05:06:41.879810 [debug] [Thread-1  ]: Database Error in model stg_ecom (models/stg_ecom.sql)
  column "ecommerce_sales.invoice_no" does not exist
  LINE 8:     "ecommerce_sales.invoice_no"     AS invoice_no,
              ^
  compiled code at target/run/dbt_ecommerce/models/stg_ecom.sql
[0m05:06:41.881412 [debug] [Thread-1  ]: Sending event: {'category': 'dbt', 'action': 'run_model', 'label': '1afad06e-2fc5-428b-bc51-a223b0a936b9', 'context': [<snowplow_tracker.self_describing_json.SelfDescribingJson object at 0x77ba841bfd30>]}
[0m05:06:41.882398 [error] [Thread-1  ]: 1 of 5 ERROR creating sql view model public.stg_ecom ........................... [[31mERROR[0m in 0.09s]
[0m05:06:41.883705 [debug] [Thread-1  ]: Finished running node model.dbt_ecommerce.stg_ecom
[0m05:06:41.884480 [debug] [Thread-4  ]: Marking all children of 'model.dbt_ecommerce.stg_ecom' to be skipped because of status 'error'.  Reason: Database Error in model stg_ecom (models/stg_ecom.sql)
  column "ecommerce_sales.invoice_no" does not exist
  LINE 8:     "ecommerce_sales.invoice_no"     AS invoice_no,
              ^
  compiled code at target/run/dbt_ecommerce/models/stg_ecom.sql.
[0m05:06:41.886308 [debug] [Thread-1  ]: Began running node model.dbt_ecommerce.ecom_monthly_revenue
[0m05:06:41.887119 [info ] [Thread-1  ]: 2 of 5 SKIP relation public.ecom_monthly_revenue ............................... [[33mSKIP[0m]
[0m05:06:41.887903 [debug] [Thread-1  ]: Finished running node model.dbt_ecommerce.ecom_monthly_revenue
[0m05:06:41.888680 [debug] [Thread-1  ]: Began running node model.dbt_ecommerce.ecom_sales_by_country
[0m05:06:41.889689 [info ] [Thread-1  ]: 3 of 5 SKIP relation public.ecom_sales_by_country .............................. [[33mSKIP[0m]
[0m05:06:41.890448 [debug] [Thread-1  ]: Finished running node model.dbt_ecommerce.ecom_sales_by_country
[0m05:06:41.890946 [debug] [Thread-1  ]: Began running node model.dbt_ecommerce.ecom_top_customers
[0m05:06:41.891521 [info ] [Thread-1  ]: 4 of 5 SKIP relation public.ecom_top_customers ................................. [[33mSKIP[0m]
[0m05:06:41.892158 [debug] [Thread-1  ]: Finished running node model.dbt_ecommerce.ecom_top_customers
[0m05:06:41.892743 [debug] [Thread-1  ]: Began running node model.dbt_ecommerce.ecom_top_product
[0m05:06:41.893854 [info ] [Thread-1  ]: 5 of 5 SKIP relation public.ecom_top_product ................................... [[33mSKIP[0m]
[0m05:06:41.894567 [debug] [Thread-1  ]: Finished running node model.dbt_ecommerce.ecom_top_product
[0m05:06:41.896420 [debug] [MainThread]: Using postgres connection "master"
[0m05:06:41.897399 [debug] [MainThread]: On master: BEGIN
[0m05:06:41.898354 [debug] [MainThread]: Opening a new connection, currently in state closed
[0m05:06:41.902988 [debug] [MainThread]: SQL status: BEGIN in 0.005 seconds
[0m05:06:41.903668 [debug] [MainThread]: On master: COMMIT
[0m05:06:41.904197 [debug] [MainThread]: Using postgres connection "master"
[0m05:06:41.904714 [debug] [MainThread]: On master: COMMIT
[0m05:06:41.905369 [debug] [MainThread]: SQL status: COMMIT in 0.000 seconds
[0m05:06:41.905855 [debug] [MainThread]: On master: Close
[0m05:06:41.906537 [debug] [MainThread]: Connection 'master' was properly closed.
[0m05:06:41.907038 [debug] [MainThread]: Connection 'model.dbt_ecommerce.stg_ecom' was properly closed.
[0m05:06:41.907525 [info ] [MainThread]: 
[0m05:06:41.908150 [info ] [MainThread]: Finished running 5 view models in 0 hours 0 minutes and 0.22 seconds (0.22s).
[0m05:06:41.909108 [debug] [MainThread]: Command end result
[0m05:06:41.990368 [info ] [MainThread]: 
[0m05:06:41.991854 [info ] [MainThread]: [31mCompleted with 1 error, 0 partial successs, and 0 warnings:[0m
[0m05:06:41.993518 [info ] [MainThread]: 
[0m05:06:41.995193 [error] [MainThread]:   Database Error in model stg_ecom (models/stg_ecom.sql)
  column "ecommerce_sales.invoice_no" does not exist
  LINE 8:     "ecommerce_sales.invoice_no"     AS invoice_no,
              ^
  compiled code at target/run/dbt_ecommerce/models/stg_ecom.sql
[0m05:06:41.996542 [info ] [MainThread]: 
[0m05:06:41.997627 [info ] [MainThread]: Done. PASS=0 WARN=0 ERROR=1 SKIP=4 TOTAL=5
[0m05:06:41.999146 [debug] [MainThread]: Resource report: {"command_name": "run", "command_wall_clock_time": 1.0782951, "process_user_time": 1.469961, "process_kernel_time": 0.083656, "process_mem_max_rss": "108952", "command_success": false, "process_in_blocks": "0", "process_out_blocks": "0"}
[0m05:06:42.000603 [debug] [MainThread]: Command `dbt run` failed at 05:06:42.000399 after 1.08 seconds
[0m05:06:42.001926 [debug] [MainThread]: Sending event: {'category': 'dbt', 'action': 'invocation', 'label': 'end', 'context': [<snowplow_tracker.self_describing_json.SelfDescribingJson object at 0x77ba87aee640>, <snowplow_tracker.self_describing_json.SelfDescribingJson object at 0x77ba88e50250>, <snowplow_tracker.self_describing_json.SelfDescribingJson object at 0x77ba84ef48e0>]}
[0m05:06:42.003359 [debug] [MainThread]: Flushing usage events
[0m05:06:44.214602 [debug] [MainThread]: An error was encountered while trying to flush usage events
[0m05:07:05.178947 [debug] [MainThread]: Sending event: {'category': 'dbt', 'action': 'invocation', 'label': 'start', 'context': [<snowplow_tracker.self_describing_json.SelfDescribingJson object at 0x7fce0fb275b0>, <snowplow_tracker.self_describing_json.SelfDescribingJson object at 0x7fce0f2efd30>, <snowplow_tracker.self_describing_json.SelfDescribingJson object at 0x7fce0f2bc5b0>]}


============================== 05:07:05.184893 | bcb8a014-734a-446c-a31a-f2de99906172 ==============================
[0m05:07:05.184893 [info ] [MainThread]: Running with dbt=1.9.0-b2
[0m05:07:05.185515 [debug] [MainThread]: running dbt with arguments {'printer_width': '80', 'indirect_selection': 'eager', 'log_cache_events': 'False', 'write_json': 'True', 'partial_parse': 'True', 'cache_selected_only': 'False', 'warn_error': 'None', 'debug': 'False', 'fail_fast': 'False', 'log_path': '/opt/airflow/dbt_ecommerce/logs', 'profiles_dir': '/home/airflow/.dbt', 'version_check': 'True', 'use_colors': 'True', 'use_experimental_parser': 'False', 'no_print': 'None', 'quiet': 'False', 'empty': 'False', 'warn_error_options': 'WarnErrorOptions(include=[], exclude=[])', 'introspect': 'True', 'static_parser': 'True', 'log_format': 'default', 'target_path': 'None', 'invocation_command': 'dbt run', 'send_anonymous_usage_stats': 'True'}
[0m05:07:05.366451 [debug] [MainThread]: Sending event: {'category': 'dbt', 'action': 'project_id', 'label': 'bcb8a014-734a-446c-a31a-f2de99906172', 'context': [<snowplow_tracker.self_describing_json.SelfDescribingJson object at 0x7fce10e4f0a0>]}
[0m05:07:05.409744 [debug] [MainThread]: Sending event: {'category': 'dbt', 'action': 'adapter_info', 'label': 'bcb8a014-734a-446c-a31a-f2de99906172', 'context': [<snowplow_tracker.self_describing_json.SelfDescribingJson object at 0x7fce0efb5af0>]}
[0m05:07:05.411189 [info ] [MainThread]: Registered adapter: postgres=1.8.2
[0m05:07:05.423228 [debug] [MainThread]: checksum: 4cfbbe2a671212f062e88a43cba5322b30b7e3e8e91b953aa4de249eeaade60f, vars: {}, profile: , target: , version: 1.9.0b2
[0m05:07:05.602224 [debug] [MainThread]: Partial parsing enabled: 0 files deleted, 0 files added, 1 files changed.
[0m05:07:05.603151 [debug] [MainThread]: Partial parsing: updated file: dbt_ecommerce://models/stg_ecom.sql
[0m05:07:05.777099 [debug] [MainThread]: Sending event: {'category': 'dbt', 'action': 'load_project', 'label': 'bcb8a014-734a-446c-a31a-f2de99906172', 'context': [<snowplow_tracker.self_describing_json.SelfDescribingJson object at 0x7fce0daaf7c0>]}
[0m05:07:05.868022 [debug] [MainThread]: Sending event: {'category': 'dbt', 'action': 'resource_counts', 'label': 'bcb8a014-734a-446c-a31a-f2de99906172', 'context': [<snowplow_tracker.self_describing_json.SelfDescribingJson object at 0x7fce0d7bdf10>]}
[0m05:07:05.868767 [info ] [MainThread]: Found 5 models, 423 macros
[0m05:07:05.869588 [debug] [MainThread]: Sending event: {'category': 'dbt', 'action': 'runnable_timing', 'label': 'bcb8a014-734a-446c-a31a-f2de99906172', 'context': [<snowplow_tracker.self_describing_json.SelfDescribingJson object at 0x7fce0dfbe520>]}
[0m05:07:05.871778 [info ] [MainThread]: 
[0m05:07:05.872566 [info ] [MainThread]: Concurrency: 1 threads (target='dev')
[0m05:07:05.873250 [info ] [MainThread]: 
[0m05:07:05.874133 [debug] [MainThread]: Acquiring new postgres connection 'master'
[0m05:07:05.878392 [debug] [ThreadPool]: Acquiring new postgres connection 'list_airflow'
[0m05:07:05.906147 [debug] [ThreadPool]: Using postgres connection "list_airflow"
[0m05:07:05.907145 [debug] [ThreadPool]: On list_airflow: /* {"app": "dbt", "dbt_version": "1.9.0b2", "profile_name": "dbt_ecommerce", "target_name": "dev", "connection_name": "list_airflow"} */

    select distinct nspname from pg_namespace
  
[0m05:07:05.908204 [debug] [ThreadPool]: Opening a new connection, currently in state init
[0m05:07:05.914577 [debug] [ThreadPool]: SQL status: SELECT 4 in 0.006 seconds
[0m05:07:05.916406 [debug] [ThreadPool]: On list_airflow: Close
[0m05:07:05.927512 [debug] [ThreadPool]: Re-using an available connection from the pool (formerly list_airflow, now list_airflow_public)
[0m05:07:05.933256 [debug] [ThreadPool]: Using postgres connection "list_airflow_public"
[0m05:07:05.942452 [debug] [ThreadPool]: On list_airflow_public: BEGIN
[0m05:07:05.943367 [debug] [ThreadPool]: Opening a new connection, currently in state closed
[0m05:07:05.948663 [debug] [ThreadPool]: SQL status: BEGIN in 0.005 seconds
[0m05:07:05.957384 [debug] [ThreadPool]: Using postgres connection "list_airflow_public"
[0m05:07:05.963931 [debug] [ThreadPool]: On list_airflow_public: /* {"app": "dbt", "dbt_version": "1.9.0b2", "profile_name": "dbt_ecommerce", "target_name": "dev", "connection_name": "list_airflow_public"} */
select
      'airflow' as database,
      tablename as name,
      schemaname as schema,
      'table' as type
    from pg_tables
    where schemaname ilike 'public'
    union all
    select
      'airflow' as database,
      viewname as name,
      schemaname as schema,
      'view' as type
    from pg_views
    where schemaname ilike 'public'
    union all
    select
      'airflow' as database,
      matviewname as name,
      schemaname as schema,
      'materialized_view' as type
    from pg_matviews
    where schemaname ilike 'public'
  
[0m05:07:05.967102 [debug] [ThreadPool]: SQL status: SELECT 47 in 0.002 seconds
[0m05:07:05.969354 [debug] [ThreadPool]: On list_airflow_public: ROLLBACK
[0m05:07:05.973078 [debug] [ThreadPool]: On list_airflow_public: Close
[0m05:07:05.983517 [debug] [MainThread]: Using postgres connection "master"
[0m05:07:05.984690 [debug] [MainThread]: On master: BEGIN
[0m05:07:05.985784 [debug] [MainThread]: Opening a new connection, currently in state init
[0m05:07:05.990782 [debug] [MainThread]: SQL status: BEGIN in 0.005 seconds
[0m05:07:05.991728 [debug] [MainThread]: Using postgres connection "master"
[0m05:07:05.992603 [debug] [MainThread]: On master: /* {"app": "dbt", "dbt_version": "1.9.0b2", "profile_name": "dbt_ecommerce", "target_name": "dev", "connection_name": "master"} */
with relation as (
        select
            pg_rewrite.ev_class as class,
            pg_rewrite.oid as id
        from pg_rewrite
    ),
    class as (
        select
            oid as id,
            relname as name,
            relnamespace as schema,
            relkind as kind
        from pg_class
    ),
    dependency as (
        select distinct
            pg_depend.objid as id,
            pg_depend.refobjid as ref
        from pg_depend
    ),
    schema as (
        select
            pg_namespace.oid as id,
            pg_namespace.nspname as name
        from pg_namespace
        where nspname != 'information_schema' and nspname not like 'pg\_%'
    ),
    referenced as (
        select
            relation.id AS id,
            referenced_class.name ,
            referenced_class.schema ,
            referenced_class.kind
        from relation
        join class as referenced_class on relation.class=referenced_class.id
        where referenced_class.kind in ('r', 'v', 'm')
    ),
    relationships as (
        select
            referenced.name as referenced_name,
            referenced.schema as referenced_schema_id,
            dependent_class.name as dependent_name,
            dependent_class.schema as dependent_schema_id,
            referenced.kind as kind
        from referenced
        join dependency on referenced.id=dependency.id
        join class as dependent_class on dependency.ref=dependent_class.id
        where
            (referenced.name != dependent_class.name or
             referenced.schema != dependent_class.schema)
    )

    select
        referenced_schema.name as referenced_schema,
        relationships.referenced_name as referenced_name,
        dependent_schema.name as dependent_schema,
        relationships.dependent_name as dependent_name
    from relationships
    join schema as dependent_schema on relationships.dependent_schema_id=dependent_schema.id
    join schema as referenced_schema on relationships.referenced_schema_id=referenced_schema.id
    group by referenced_schema, referenced_name, dependent_schema, dependent_name
    order by referenced_schema, referenced_name, dependent_schema, dependent_name;
[0m05:07:06.005966 [debug] [MainThread]: SQL status: SELECT 0 in 0.013 seconds
[0m05:07:06.007441 [debug] [MainThread]: Sending event: {'category': 'dbt', 'action': 'runnable_timing', 'label': 'bcb8a014-734a-446c-a31a-f2de99906172', 'context': [<snowplow_tracker.self_describing_json.SelfDescribingJson object at 0x7fce0d76e550>]}
[0m05:07:06.008207 [debug] [MainThread]: On master: ROLLBACK
[0m05:07:06.009008 [debug] [MainThread]: Using postgres connection "master"
[0m05:07:06.009589 [debug] [MainThread]: On master: BEGIN
[0m05:07:06.010346 [debug] [MainThread]: SQL status: BEGIN in 0.000 seconds
[0m05:07:06.010836 [debug] [MainThread]: On master: COMMIT
[0m05:07:06.011447 [debug] [MainThread]: Using postgres connection "master"
[0m05:07:06.012001 [debug] [MainThread]: On master: COMMIT
[0m05:07:06.012574 [debug] [MainThread]: SQL status: COMMIT in 0.000 seconds
[0m05:07:06.013119 [debug] [MainThread]: On master: Close
[0m05:07:06.019452 [debug] [Thread-1  ]: Began running node model.dbt_ecommerce.stg_ecom
[0m05:07:06.021363 [info ] [Thread-1  ]: 1 of 5 START sql view model public.stg_ecom .................................... [RUN]
[0m05:07:06.022186 [debug] [Thread-1  ]: Re-using an available connection from the pool (formerly list_airflow_public, now model.dbt_ecommerce.stg_ecom)
[0m05:07:06.022889 [debug] [Thread-1  ]: Began compiling node model.dbt_ecommerce.stg_ecom
[0m05:07:06.030382 [debug] [Thread-1  ]: Writing injected SQL for node "model.dbt_ecommerce.stg_ecom"
[0m05:07:06.046852 [debug] [Thread-1  ]: Began executing node model.dbt_ecommerce.stg_ecom
[0m05:07:06.072978 [debug] [Thread-1  ]: Writing runtime sql for node "model.dbt_ecommerce.stg_ecom"
[0m05:07:06.087593 [debug] [Thread-1  ]: Using postgres connection "model.dbt_ecommerce.stg_ecom"
[0m05:07:06.088501 [debug] [Thread-1  ]: On model.dbt_ecommerce.stg_ecom: BEGIN
[0m05:07:06.089234 [debug] [Thread-1  ]: Opening a new connection, currently in state closed
[0m05:07:06.094054 [debug] [Thread-1  ]: SQL status: BEGIN in 0.005 seconds
[0m05:07:06.094869 [debug] [Thread-1  ]: Using postgres connection "model.dbt_ecommerce.stg_ecom"
[0m05:07:06.095611 [debug] [Thread-1  ]: On model.dbt_ecommerce.stg_ecom: /* {"app": "dbt", "dbt_version": "1.9.0b2", "profile_name": "dbt_ecommerce", "target_name": "dev", "node_id": "model.dbt_ecommerce.stg_ecom"} */

  create view "airflow"."public"."stg_ecom__dbt_tmp"
    
    
  as (
    SELECT
    "ecommerce_sales.invoice_no"     AS invoice_no,
    "StockCode"     AS stock_code,
    "Description"   AS description,
    "Quantity"      AS quantity,
    "InvoiceDate"::timestamp AS invoice_date,
    "UnitPrice"     AS unit_price,
    "CustomerID"::int AS customer_id,
    "Country"       AS country,
    "Quantity" * "UnitPrice" AS total_price,
    TO_CHAR("InvoiceDate"::timestamp, 'YYYY-MM') AS invoice_month
FROM ecommerce_sales
WHERE "CustomerID" IS NOT NULL
  AND "Quantity" > 0
  AND "UnitPrice" > 0
  );
[0m05:07:06.096711 [debug] [Thread-1  ]: Postgres adapter: Postgres error: column "ecommerce_sales.invoice_no" does not exist
LINE 8:     "ecommerce_sales.invoice_no"     AS invoice_no,
            ^

[0m05:07:06.097341 [debug] [Thread-1  ]: On model.dbt_ecommerce.stg_ecom: ROLLBACK
[0m05:07:06.098348 [debug] [Thread-1  ]: On model.dbt_ecommerce.stg_ecom: Close
[0m05:07:06.100415 [debug] [Thread-1  ]: Database Error in model stg_ecom (models/stg_ecom.sql)
  column "ecommerce_sales.invoice_no" does not exist
  LINE 8:     "ecommerce_sales.invoice_no"     AS invoice_no,
              ^
  compiled code at target/run/dbt_ecommerce/models/stg_ecom.sql
[0m05:07:06.102160 [debug] [Thread-1  ]: Sending event: {'category': 'dbt', 'action': 'run_model', 'label': 'bcb8a014-734a-446c-a31a-f2de99906172', 'context': [<snowplow_tracker.self_describing_json.SelfDescribingJson object at 0x7fce0ca80c70>]}
[0m05:07:06.103051 [error] [Thread-1  ]: 1 of 5 ERROR creating sql view model public.stg_ecom ........................... [[31mERROR[0m in 0.08s]
[0m05:07:06.103802 [debug] [Thread-1  ]: Finished running node model.dbt_ecommerce.stg_ecom
[0m05:07:06.104879 [debug] [Thread-4  ]: Marking all children of 'model.dbt_ecommerce.stg_ecom' to be skipped because of status 'error'.  Reason: Database Error in model stg_ecom (models/stg_ecom.sql)
  column "ecommerce_sales.invoice_no" does not exist
  LINE 8:     "ecommerce_sales.invoice_no"     AS invoice_no,
              ^
  compiled code at target/run/dbt_ecommerce/models/stg_ecom.sql.
[0m05:07:06.106064 [debug] [Thread-1  ]: Began running node model.dbt_ecommerce.ecom_monthly_revenue
[0m05:07:06.106748 [info ] [Thread-1  ]: 2 of 5 SKIP relation public.ecom_monthly_revenue ............................... [[33mSKIP[0m]
[0m05:07:06.107386 [debug] [Thread-1  ]: Finished running node model.dbt_ecommerce.ecom_monthly_revenue
[0m05:07:06.108041 [debug] [Thread-1  ]: Began running node model.dbt_ecommerce.ecom_sales_by_country
[0m05:07:06.108710 [info ] [Thread-1  ]: 3 of 5 SKIP relation public.ecom_sales_by_country .............................. [[33mSKIP[0m]
[0m05:07:06.109357 [debug] [Thread-1  ]: Finished running node model.dbt_ecommerce.ecom_sales_by_country
[0m05:07:06.110076 [debug] [Thread-1  ]: Began running node model.dbt_ecommerce.ecom_top_customers
[0m05:07:06.110735 [info ] [Thread-1  ]: 4 of 5 SKIP relation public.ecom_top_customers ................................. [[33mSKIP[0m]
[0m05:07:06.111417 [debug] [Thread-1  ]: Finished running node model.dbt_ecommerce.ecom_top_customers
[0m05:07:06.111992 [debug] [Thread-1  ]: Began running node model.dbt_ecommerce.ecom_top_product
[0m05:07:06.112679 [info ] [Thread-1  ]: 5 of 5 SKIP relation public.ecom_top_product ................................... [[33mSKIP[0m]
[0m05:07:06.113361 [debug] [Thread-1  ]: Finished running node model.dbt_ecommerce.ecom_top_product
[0m05:07:06.115097 [debug] [MainThread]: Using postgres connection "master"
[0m05:07:06.115642 [debug] [MainThread]: On master: BEGIN
[0m05:07:06.116384 [debug] [MainThread]: Opening a new connection, currently in state closed
[0m05:07:06.121684 [debug] [MainThread]: SQL status: BEGIN in 0.005 seconds
[0m05:07:06.122577 [debug] [MainThread]: On master: COMMIT
[0m05:07:06.123198 [debug] [MainThread]: Using postgres connection "master"
[0m05:07:06.123781 [debug] [MainThread]: On master: COMMIT
[0m05:07:06.124691 [debug] [MainThread]: SQL status: COMMIT in 0.000 seconds
[0m05:07:06.125445 [debug] [MainThread]: On master: Close
[0m05:07:06.126275 [debug] [MainThread]: Connection 'master' was properly closed.
[0m05:07:06.126866 [debug] [MainThread]: Connection 'model.dbt_ecommerce.stg_ecom' was properly closed.
[0m05:07:06.127396 [info ] [MainThread]: 
[0m05:07:06.128187 [info ] [MainThread]: Finished running 5 view models in 0 hours 0 minutes and 0.25 seconds (0.25s).
[0m05:07:06.129051 [debug] [MainThread]: Command end result
[0m05:07:06.191029 [info ] [MainThread]: 
[0m05:07:06.191970 [info ] [MainThread]: [31mCompleted with 1 error, 0 partial successs, and 0 warnings:[0m
[0m05:07:06.192910 [info ] [MainThread]: 
[0m05:07:06.193683 [error] [MainThread]:   Database Error in model stg_ecom (models/stg_ecom.sql)
  column "ecommerce_sales.invoice_no" does not exist
  LINE 8:     "ecommerce_sales.invoice_no"     AS invoice_no,
              ^
  compiled code at target/run/dbt_ecommerce/models/stg_ecom.sql
[0m05:07:06.194221 [info ] [MainThread]: 
[0m05:07:06.194800 [info ] [MainThread]: Done. PASS=0 WARN=0 ERROR=1 SKIP=4 TOTAL=5
[0m05:07:06.196034 [debug] [MainThread]: Resource report: {"command_name": "run", "command_wall_clock_time": 1.0676178, "process_user_time": 1.466756, "process_kernel_time": 0.092173, "process_mem_max_rss": "108812", "command_success": false, "process_in_blocks": "0", "process_out_blocks": "0"}
[0m05:07:06.196786 [debug] [MainThread]: Command `dbt run` failed at 05:07:06.196703 after 1.07 seconds
[0m05:07:06.197500 [debug] [MainThread]: Sending event: {'category': 'dbt', 'action': 'invocation', 'label': 'end', 'context': [<snowplow_tracker.self_describing_json.SelfDescribingJson object at 0x7fce0fb275b0>, <snowplow_tracker.self_describing_json.SelfDescribingJson object at 0x7fce0e3ee070>, <snowplow_tracker.self_describing_json.SelfDescribingJson object at 0x7fce0d76e7c0>]}
[0m05:07:06.198260 [debug] [MainThread]: Flushing usage events
[0m05:07:08.440727 [debug] [MainThread]: An error was encountered while trying to flush usage events
[0m05:07:13.338048 [debug] [MainThread]: Sending event: {'category': 'dbt', 'action': 'invocation', 'label': 'start', 'context': [<snowplow_tracker.self_describing_json.SelfDescribingJson object at 0x7bf7eb827640>, <snowplow_tracker.self_describing_json.SelfDescribingJson object at 0x7bf7eafb5850>, <snowplow_tracker.self_describing_json.SelfDescribingJson object at 0x7bf7eab98220>]}


============================== 05:07:13.343719 | 4acd9707-8198-419e-9bd3-10d7f1f5ff79 ==============================
[0m05:07:13.343719 [info ] [MainThread]: Running with dbt=1.9.0-b2
[0m05:07:13.344341 [debug] [MainThread]: running dbt with arguments {'printer_width': '80', 'indirect_selection': 'eager', 'write_json': 'True', 'log_cache_events': 'False', 'partial_parse': 'True', 'cache_selected_only': 'False', 'warn_error': 'None', 'version_check': 'True', 'debug': 'False', 'log_path': '/opt/airflow/dbt_ecommerce/logs', 'profiles_dir': '/home/airflow/.dbt', 'fail_fast': 'False', 'use_colors': 'True', 'use_experimental_parser': 'False', 'no_print': 'None', 'quiet': 'False', 'empty': 'False', 'log_format': 'default', 'static_parser': 'True', 'invocation_command': 'dbt run', 'introspect': 'True', 'target_path': 'None', 'warn_error_options': 'WarnErrorOptions(include=[], exclude=[])', 'send_anonymous_usage_stats': 'True'}
[0m05:07:13.499608 [debug] [MainThread]: Sending event: {'category': 'dbt', 'action': 'project_id', 'label': '4acd9707-8198-419e-9bd3-10d7f1f5ff79', 'context': [<snowplow_tracker.self_describing_json.SelfDescribingJson object at 0x7bf7ecb54250>]}
[0m05:07:13.542631 [debug] [MainThread]: Sending event: {'category': 'dbt', 'action': 'adapter_info', 'label': '4acd9707-8198-419e-9bd3-10d7f1f5ff79', 'context': [<snowplow_tracker.self_describing_json.SelfDescribingJson object at 0x7bf7ecb54160>]}
[0m05:07:13.543677 [info ] [MainThread]: Registered adapter: postgres=1.8.2
[0m05:07:13.556715 [debug] [MainThread]: checksum: 4cfbbe2a671212f062e88a43cba5322b30b7e3e8e91b953aa4de249eeaade60f, vars: {}, profile: , target: , version: 1.9.0b2
[0m05:07:13.786178 [debug] [MainThread]: Partial parsing enabled: 0 files deleted, 0 files added, 1 files changed.
[0m05:07:13.787081 [debug] [MainThread]: Partial parsing: updated file: dbt_ecommerce://models/stg_ecom.sql
[0m05:07:13.965942 [debug] [MainThread]: Sending event: {'category': 'dbt', 'action': 'load_project', 'label': '4acd9707-8198-419e-9bd3-10d7f1f5ff79', 'context': [<snowplow_tracker.self_describing_json.SelfDescribingJson object at 0x7bf7e97a5880>]}
[0m05:07:14.071438 [debug] [MainThread]: Sending event: {'category': 'dbt', 'action': 'resource_counts', 'label': '4acd9707-8198-419e-9bd3-10d7f1f5ff79', 'context': [<snowplow_tracker.self_describing_json.SelfDescribingJson object at 0x7bf7e96fdfd0>]}
[0m05:07:14.072423 [info ] [MainThread]: Found 5 models, 423 macros
[0m05:07:14.073478 [debug] [MainThread]: Sending event: {'category': 'dbt', 'action': 'runnable_timing', 'label': '4acd9707-8198-419e-9bd3-10d7f1f5ff79', 'context': [<snowplow_tracker.self_describing_json.SelfDescribingJson object at 0x7bf7e973c040>]}
[0m05:07:14.075781 [info ] [MainThread]: 
[0m05:07:14.076688 [info ] [MainThread]: Concurrency: 1 threads (target='dev')
[0m05:07:14.077393 [info ] [MainThread]: 
[0m05:07:14.078277 [debug] [MainThread]: Acquiring new postgres connection 'master'
[0m05:07:14.083504 [debug] [ThreadPool]: Acquiring new postgres connection 'list_airflow'
[0m05:07:14.112627 [debug] [ThreadPool]: Using postgres connection "list_airflow"
[0m05:07:14.113531 [debug] [ThreadPool]: On list_airflow: /* {"app": "dbt", "dbt_version": "1.9.0b2", "profile_name": "dbt_ecommerce", "target_name": "dev", "connection_name": "list_airflow"} */

    select distinct nspname from pg_namespace
  
[0m05:07:14.114266 [debug] [ThreadPool]: Opening a new connection, currently in state init
[0m05:07:14.120619 [debug] [ThreadPool]: SQL status: SELECT 4 in 0.006 seconds
[0m05:07:14.122320 [debug] [ThreadPool]: On list_airflow: Close
[0m05:07:14.124787 [debug] [ThreadPool]: Re-using an available connection from the pool (formerly list_airflow, now list_airflow_public)
[0m05:07:14.130677 [debug] [ThreadPool]: Using postgres connection "list_airflow_public"
[0m05:07:14.131468 [debug] [ThreadPool]: On list_airflow_public: BEGIN
[0m05:07:14.132299 [debug] [ThreadPool]: Opening a new connection, currently in state closed
[0m05:07:14.137138 [debug] [ThreadPool]: SQL status: BEGIN in 0.005 seconds
[0m05:07:14.137835 [debug] [ThreadPool]: Using postgres connection "list_airflow_public"
[0m05:07:14.138482 [debug] [ThreadPool]: On list_airflow_public: /* {"app": "dbt", "dbt_version": "1.9.0b2", "profile_name": "dbt_ecommerce", "target_name": "dev", "connection_name": "list_airflow_public"} */
select
      'airflow' as database,
      tablename as name,
      schemaname as schema,
      'table' as type
    from pg_tables
    where schemaname ilike 'public'
    union all
    select
      'airflow' as database,
      viewname as name,
      schemaname as schema,
      'view' as type
    from pg_views
    where schemaname ilike 'public'
    union all
    select
      'airflow' as database,
      matviewname as name,
      schemaname as schema,
      'materialized_view' as type
    from pg_matviews
    where schemaname ilike 'public'
  
[0m05:07:14.141093 [debug] [ThreadPool]: SQL status: SELECT 47 in 0.002 seconds
[0m05:07:14.142795 [debug] [ThreadPool]: On list_airflow_public: ROLLBACK
[0m05:07:14.143695 [debug] [ThreadPool]: On list_airflow_public: Close
[0m05:07:14.150832 [debug] [MainThread]: Using postgres connection "master"
[0m05:07:14.151527 [debug] [MainThread]: On master: BEGIN
[0m05:07:14.152308 [debug] [MainThread]: Opening a new connection, currently in state init
[0m05:07:14.156757 [debug] [MainThread]: SQL status: BEGIN in 0.004 seconds
[0m05:07:14.157693 [debug] [MainThread]: Using postgres connection "master"
[0m05:07:14.158446 [debug] [MainThread]: On master: /* {"app": "dbt", "dbt_version": "1.9.0b2", "profile_name": "dbt_ecommerce", "target_name": "dev", "connection_name": "master"} */
with relation as (
        select
            pg_rewrite.ev_class as class,
            pg_rewrite.oid as id
        from pg_rewrite
    ),
    class as (
        select
            oid as id,
            relname as name,
            relnamespace as schema,
            relkind as kind
        from pg_class
    ),
    dependency as (
        select distinct
            pg_depend.objid as id,
            pg_depend.refobjid as ref
        from pg_depend
    ),
    schema as (
        select
            pg_namespace.oid as id,
            pg_namespace.nspname as name
        from pg_namespace
        where nspname != 'information_schema' and nspname not like 'pg\_%'
    ),
    referenced as (
        select
            relation.id AS id,
            referenced_class.name ,
            referenced_class.schema ,
            referenced_class.kind
        from relation
        join class as referenced_class on relation.class=referenced_class.id
        where referenced_class.kind in ('r', 'v', 'm')
    ),
    relationships as (
        select
            referenced.name as referenced_name,
            referenced.schema as referenced_schema_id,
            dependent_class.name as dependent_name,
            dependent_class.schema as dependent_schema_id,
            referenced.kind as kind
        from referenced
        join dependency on referenced.id=dependency.id
        join class as dependent_class on dependency.ref=dependent_class.id
        where
            (referenced.name != dependent_class.name or
             referenced.schema != dependent_class.schema)
    )

    select
        referenced_schema.name as referenced_schema,
        relationships.referenced_name as referenced_name,
        dependent_schema.name as dependent_schema,
        relationships.dependent_name as dependent_name
    from relationships
    join schema as dependent_schema on relationships.dependent_schema_id=dependent_schema.id
    join schema as referenced_schema on relationships.referenced_schema_id=referenced_schema.id
    group by referenced_schema, referenced_name, dependent_schema, dependent_name
    order by referenced_schema, referenced_name, dependent_schema, dependent_name;
[0m05:07:14.170501 [debug] [MainThread]: SQL status: SELECT 0 in 0.011 seconds
[0m05:07:14.171996 [debug] [MainThread]: Sending event: {'category': 'dbt', 'action': 'runnable_timing', 'label': '4acd9707-8198-419e-9bd3-10d7f1f5ff79', 'context': [<snowplow_tracker.self_describing_json.SelfDescribingJson object at 0x7bf7e96ae610>]}
[0m05:07:14.172853 [debug] [MainThread]: On master: ROLLBACK
[0m05:07:14.173733 [debug] [MainThread]: Using postgres connection "master"
[0m05:07:14.174635 [debug] [MainThread]: On master: BEGIN
[0m05:07:14.175889 [debug] [MainThread]: SQL status: BEGIN in 0.000 seconds
[0m05:07:14.176732 [debug] [MainThread]: On master: COMMIT
[0m05:07:14.177594 [debug] [MainThread]: Using postgres connection "master"
[0m05:07:14.178328 [debug] [MainThread]: On master: COMMIT
[0m05:07:14.179273 [debug] [MainThread]: SQL status: COMMIT in 0.000 seconds
[0m05:07:14.180108 [debug] [MainThread]: On master: Close
[0m05:07:14.186120 [debug] [Thread-1  ]: Began running node model.dbt_ecommerce.stg_ecom
[0m05:07:14.187317 [info ] [Thread-1  ]: 1 of 5 START sql view model public.stg_ecom .................................... [RUN]
[0m05:07:14.188275 [debug] [Thread-1  ]: Re-using an available connection from the pool (formerly list_airflow_public, now model.dbt_ecommerce.stg_ecom)
[0m05:07:14.189035 [debug] [Thread-1  ]: Began compiling node model.dbt_ecommerce.stg_ecom
[0m05:07:14.194632 [debug] [Thread-1  ]: Writing injected SQL for node "model.dbt_ecommerce.stg_ecom"
[0m05:07:14.208786 [debug] [Thread-1  ]: Began executing node model.dbt_ecommerce.stg_ecom
[0m05:07:14.234399 [debug] [Thread-1  ]: Writing runtime sql for node "model.dbt_ecommerce.stg_ecom"
[0m05:07:14.249022 [debug] [Thread-1  ]: Using postgres connection "model.dbt_ecommerce.stg_ecom"
[0m05:07:14.249755 [debug] [Thread-1  ]: On model.dbt_ecommerce.stg_ecom: BEGIN
[0m05:07:14.250404 [debug] [Thread-1  ]: Opening a new connection, currently in state closed
[0m05:07:14.254845 [debug] [Thread-1  ]: SQL status: BEGIN in 0.004 seconds
[0m05:07:14.255548 [debug] [Thread-1  ]: Using postgres connection "model.dbt_ecommerce.stg_ecom"
[0m05:07:14.256243 [debug] [Thread-1  ]: On model.dbt_ecommerce.stg_ecom: /* {"app": "dbt", "dbt_version": "1.9.0b2", "profile_name": "dbt_ecommerce", "target_name": "dev", "node_id": "model.dbt_ecommerce.stg_ecom"} */

  create view "airflow"."public"."stg_ecom__dbt_tmp"
    
    
  as (
    SELECT
    "InvoiceNo"     AS invoice_no,
    "StockCode"     AS stock_code,
    "Description"   AS description,
    "Quantity"      AS quantity,
    "InvoiceDate"::timestamp AS invoice_date,
    "UnitPrice"     AS unit_price,
    "CustomerID"::int AS customer_id,
    "Country"       AS country,
    "Quantity" * "UnitPrice" AS total_price,
    TO_CHAR("InvoiceDate"::timestamp, 'YYYY-MM') AS invoice_month
FROM ecommerce_sales
WHERE "CustomerID" IS NOT NULL
  AND "Quantity" > 0
  AND "UnitPrice" > 0
  );
[0m05:07:14.257301 [debug] [Thread-1  ]: Postgres adapter: Postgres error: column "InvoiceNo" does not exist
LINE 8:     "InvoiceNo"     AS invoice_no,
            ^
HINT:  Perhaps you meant to reference the column "ecommerce_sales.invoice_no".

[0m05:07:14.257851 [debug] [Thread-1  ]: On model.dbt_ecommerce.stg_ecom: ROLLBACK
[0m05:07:14.258619 [debug] [Thread-1  ]: On model.dbt_ecommerce.stg_ecom: Close
[0m05:07:14.260395 [debug] [Thread-1  ]: Database Error in model stg_ecom (models/stg_ecom.sql)
  column "InvoiceNo" does not exist
  LINE 8:     "InvoiceNo"     AS invoice_no,
              ^
  HINT:  Perhaps you meant to reference the column "ecommerce_sales.invoice_no".
  compiled code at target/run/dbt_ecommerce/models/stg_ecom.sql
[0m05:07:14.261795 [debug] [Thread-1  ]: Sending event: {'category': 'dbt', 'action': 'run_model', 'label': '4acd9707-8198-419e-9bd3-10d7f1f5ff79', 'context': [<snowplow_tracker.self_describing_json.SelfDescribingJson object at 0x7bf7e8782d30>]}
[0m05:07:14.262633 [error] [Thread-1  ]: 1 of 5 ERROR creating sql view model public.stg_ecom ........................... [[31mERROR[0m in 0.07s]
[0m05:07:14.263528 [debug] [Thread-1  ]: Finished running node model.dbt_ecommerce.stg_ecom
[0m05:07:14.264184 [debug] [Thread-4  ]: Marking all children of 'model.dbt_ecommerce.stg_ecom' to be skipped because of status 'error'.  Reason: Database Error in model stg_ecom (models/stg_ecom.sql)
  column "InvoiceNo" does not exist
  LINE 8:     "InvoiceNo"     AS invoice_no,
              ^
  HINT:  Perhaps you meant to reference the column "ecommerce_sales.invoice_no".
  compiled code at target/run/dbt_ecommerce/models/stg_ecom.sql.
[0m05:07:14.265204 [debug] [Thread-1  ]: Began running node model.dbt_ecommerce.ecom_monthly_revenue
[0m05:07:14.265751 [info ] [Thread-1  ]: 2 of 5 SKIP relation public.ecom_monthly_revenue ............................... [[33mSKIP[0m]
[0m05:07:14.266318 [debug] [Thread-1  ]: Finished running node model.dbt_ecommerce.ecom_monthly_revenue
[0m05:07:14.266984 [debug] [Thread-1  ]: Began running node model.dbt_ecommerce.ecom_sales_by_country
[0m05:07:14.267832 [info ] [Thread-1  ]: 3 of 5 SKIP relation public.ecom_sales_by_country .............................. [[33mSKIP[0m]
[0m05:07:14.268675 [debug] [Thread-1  ]: Finished running node model.dbt_ecommerce.ecom_sales_by_country
[0m05:07:14.269332 [debug] [Thread-1  ]: Began running node model.dbt_ecommerce.ecom_top_customers
[0m05:07:14.269814 [info ] [Thread-1  ]: 4 of 5 SKIP relation public.ecom_top_customers ................................. [[33mSKIP[0m]
[0m05:07:14.270527 [debug] [Thread-1  ]: Finished running node model.dbt_ecommerce.ecom_top_customers
[0m05:07:14.271112 [debug] [Thread-1  ]: Began running node model.dbt_ecommerce.ecom_top_product
[0m05:07:14.271700 [info ] [Thread-1  ]: 5 of 5 SKIP relation public.ecom_top_product ................................... [[33mSKIP[0m]
[0m05:07:14.272483 [debug] [Thread-1  ]: Finished running node model.dbt_ecommerce.ecom_top_product
[0m05:07:14.273760 [debug] [MainThread]: Using postgres connection "master"
[0m05:07:14.274433 [debug] [MainThread]: On master: BEGIN
[0m05:07:14.275040 [debug] [MainThread]: Opening a new connection, currently in state closed
[0m05:07:14.280419 [debug] [MainThread]: SQL status: BEGIN in 0.005 seconds
[0m05:07:14.280991 [debug] [MainThread]: On master: COMMIT
[0m05:07:14.281920 [debug] [MainThread]: Using postgres connection "master"
[0m05:07:14.282466 [debug] [MainThread]: On master: COMMIT
[0m05:07:14.283020 [debug] [MainThread]: SQL status: COMMIT in 0.000 seconds
[0m05:07:14.283651 [debug] [MainThread]: On master: Close
[0m05:07:14.284302 [debug] [MainThread]: Connection 'master' was properly closed.
[0m05:07:14.284833 [debug] [MainThread]: Connection 'model.dbt_ecommerce.stg_ecom' was properly closed.
[0m05:07:14.285448 [info ] [MainThread]: 
[0m05:07:14.286167 [info ] [MainThread]: Finished running 5 view models in 0 hours 0 minutes and 0.21 seconds (0.21s).
[0m05:07:14.287176 [debug] [MainThread]: Command end result
[0m05:07:14.345159 [info ] [MainThread]: 
[0m05:07:14.346130 [info ] [MainThread]: [31mCompleted with 1 error, 0 partial successs, and 0 warnings:[0m
[0m05:07:14.347316 [info ] [MainThread]: 
[0m05:07:14.348149 [error] [MainThread]:   Database Error in model stg_ecom (models/stg_ecom.sql)
  column "InvoiceNo" does not exist
  LINE 8:     "InvoiceNo"     AS invoice_no,
              ^
  HINT:  Perhaps you meant to reference the column "ecommerce_sales.invoice_no".
  compiled code at target/run/dbt_ecommerce/models/stg_ecom.sql
[0m05:07:14.348936 [info ] [MainThread]: 
[0m05:07:14.349474 [info ] [MainThread]: Done. PASS=0 WARN=0 ERROR=1 SKIP=4 TOTAL=5
[0m05:07:14.350902 [debug] [MainThread]: Resource report: {"command_name": "run", "command_wall_clock_time": 1.0608345, "process_user_time": 1.420418, "process_kernel_time": 0.144042, "process_mem_max_rss": "108796", "command_success": false, "process_in_blocks": "0", "process_out_blocks": "0"}
[0m05:07:14.351778 [debug] [MainThread]: Command `dbt run` failed at 05:07:14.351682 after 1.06 seconds
[0m05:07:14.352414 [debug] [MainThread]: Sending event: {'category': 'dbt', 'action': 'invocation', 'label': 'end', 'context': [<snowplow_tracker.self_describing_json.SelfDescribingJson object at 0x7bf7eb827640>, <snowplow_tracker.self_describing_json.SelfDescribingJson object at 0x7bf7ecb54250>, <snowplow_tracker.self_describing_json.SelfDescribingJson object at 0x7bf7e8e768e0>]}
[0m05:07:14.353171 [debug] [MainThread]: Flushing usage events
[0m05:07:16.616775 [debug] [MainThread]: An error was encountered while trying to flush usage events
[0m05:08:15.617566 [debug] [MainThread]: Sending event: {'category': 'dbt', 'action': 'invocation', 'label': 'start', 'context': [<snowplow_tracker.self_describing_json.SelfDescribingJson object at 0x7baba67e76a0>, <snowplow_tracker.self_describing_json.SelfDescribingJson object at 0x7baba5f72670>, <snowplow_tracker.self_describing_json.SelfDescribingJson object at 0x7baba5b564c0>]}


============================== 05:08:15.625144 | eb769696-dbf6-4554-8f77-334758e12119 ==============================
[0m05:08:15.625144 [info ] [MainThread]: Running with dbt=1.9.0-b2
[0m05:08:15.625968 [debug] [MainThread]: running dbt with arguments {'printer_width': '80', 'indirect_selection': 'eager', 'write_json': 'True', 'log_cache_events': 'False', 'partial_parse': 'True', 'cache_selected_only': 'False', 'warn_error': 'None', 'debug': 'False', 'fail_fast': 'False', 'log_path': '/opt/airflow/dbt_ecommerce/logs', 'version_check': 'True', 'profiles_dir': '/home/airflow/.dbt', 'use_colors': 'True', 'use_experimental_parser': 'False', 'empty': 'False', 'quiet': 'False', 'no_print': 'None', 'log_format': 'default', 'static_parser': 'True', 'introspect': 'True', 'invocation_command': 'dbt run', 'target_path': 'None', 'warn_error_options': 'WarnErrorOptions(include=[], exclude=[])', 'send_anonymous_usage_stats': 'True'}
[0m05:08:15.857952 [debug] [MainThread]: Sending event: {'category': 'dbt', 'action': 'project_id', 'label': 'eb769696-dbf6-4554-8f77-334758e12119', 'context': [<snowplow_tracker.self_describing_json.SelfDescribingJson object at 0x7baba5c32c70>]}
[0m05:08:15.901617 [debug] [MainThread]: Sending event: {'category': 'dbt', 'action': 'adapter_info', 'label': 'eb769696-dbf6-4554-8f77-334758e12119', 'context': [<snowplow_tracker.self_describing_json.SelfDescribingJson object at 0x7baba5c32c40>]}
[0m05:08:15.903067 [info ] [MainThread]: Registered adapter: postgres=1.8.2
[0m05:08:15.916330 [debug] [MainThread]: checksum: 4cfbbe2a671212f062e88a43cba5322b30b7e3e8e91b953aa4de249eeaade60f, vars: {}, profile: , target: , version: 1.9.0b2
[0m05:08:16.145180 [debug] [MainThread]: Partial parsing enabled: 0 files deleted, 0 files added, 1 files changed.
[0m05:08:16.146027 [debug] [MainThread]: Partial parsing: updated file: dbt_ecommerce://models/stg_ecom.sql
[0m05:08:16.327193 [debug] [MainThread]: Sending event: {'category': 'dbt', 'action': 'load_project', 'label': 'eb769696-dbf6-4554-8f77-334758e12119', 'context': [<snowplow_tracker.self_describing_json.SelfDescribingJson object at 0x7baba476f8e0>]}
[0m05:08:16.430664 [debug] [MainThread]: Sending event: {'category': 'dbt', 'action': 'resource_counts', 'label': 'eb769696-dbf6-4554-8f77-334758e12119', 'context': [<snowplow_tracker.self_describing_json.SelfDescribingJson object at 0x7baba46bd1f0>]}
[0m05:08:16.431690 [info ] [MainThread]: Found 5 models, 423 macros
[0m05:08:16.432505 [debug] [MainThread]: Sending event: {'category': 'dbt', 'action': 'runnable_timing', 'label': 'eb769696-dbf6-4554-8f77-334758e12119', 'context': [<snowplow_tracker.self_describing_json.SelfDescribingJson object at 0x7baba46f9070>]}
[0m05:08:16.434056 [info ] [MainThread]: 
[0m05:08:16.434705 [info ] [MainThread]: Concurrency: 1 threads (target='dev')
[0m05:08:16.435422 [info ] [MainThread]: 
[0m05:08:16.436193 [debug] [MainThread]: Acquiring new postgres connection 'master'
[0m05:08:16.440246 [debug] [ThreadPool]: Acquiring new postgres connection 'list_airflow'
[0m05:08:16.470595 [debug] [ThreadPool]: Using postgres connection "list_airflow"
[0m05:08:16.471536 [debug] [ThreadPool]: On list_airflow: /* {"app": "dbt", "dbt_version": "1.9.0b2", "profile_name": "dbt_ecommerce", "target_name": "dev", "connection_name": "list_airflow"} */

    select distinct nspname from pg_namespace
  
[0m05:08:16.472321 [debug] [ThreadPool]: Opening a new connection, currently in state init
[0m05:08:16.478873 [debug] [ThreadPool]: SQL status: SELECT 4 in 0.007 seconds
[0m05:08:16.480311 [debug] [ThreadPool]: On list_airflow: Close
[0m05:08:16.482071 [debug] [ThreadPool]: Re-using an available connection from the pool (formerly list_airflow, now list_airflow_public)
[0m05:08:16.487293 [debug] [ThreadPool]: Using postgres connection "list_airflow_public"
[0m05:08:16.488036 [debug] [ThreadPool]: On list_airflow_public: BEGIN
[0m05:08:16.488775 [debug] [ThreadPool]: Opening a new connection, currently in state closed
[0m05:08:16.493639 [debug] [ThreadPool]: SQL status: BEGIN in 0.005 seconds
[0m05:08:16.494446 [debug] [ThreadPool]: Using postgres connection "list_airflow_public"
[0m05:08:16.495089 [debug] [ThreadPool]: On list_airflow_public: /* {"app": "dbt", "dbt_version": "1.9.0b2", "profile_name": "dbt_ecommerce", "target_name": "dev", "connection_name": "list_airflow_public"} */
select
      'airflow' as database,
      tablename as name,
      schemaname as schema,
      'table' as type
    from pg_tables
    where schemaname ilike 'public'
    union all
    select
      'airflow' as database,
      viewname as name,
      schemaname as schema,
      'view' as type
    from pg_views
    where schemaname ilike 'public'
    union all
    select
      'airflow' as database,
      matviewname as name,
      schemaname as schema,
      'materialized_view' as type
    from pg_matviews
    where schemaname ilike 'public'
  
[0m05:08:16.497853 [debug] [ThreadPool]: SQL status: SELECT 47 in 0.002 seconds
[0m05:08:16.499939 [debug] [ThreadPool]: On list_airflow_public: ROLLBACK
[0m05:08:16.500996 [debug] [ThreadPool]: On list_airflow_public: Close
[0m05:08:16.508889 [debug] [MainThread]: Using postgres connection "master"
[0m05:08:16.509401 [debug] [MainThread]: On master: BEGIN
[0m05:08:16.509995 [debug] [MainThread]: Opening a new connection, currently in state init
[0m05:08:16.514635 [debug] [MainThread]: SQL status: BEGIN in 0.005 seconds
[0m05:08:16.515235 [debug] [MainThread]: Using postgres connection "master"
[0m05:08:16.516046 [debug] [MainThread]: On master: /* {"app": "dbt", "dbt_version": "1.9.0b2", "profile_name": "dbt_ecommerce", "target_name": "dev", "connection_name": "master"} */
with relation as (
        select
            pg_rewrite.ev_class as class,
            pg_rewrite.oid as id
        from pg_rewrite
    ),
    class as (
        select
            oid as id,
            relname as name,
            relnamespace as schema,
            relkind as kind
        from pg_class
    ),
    dependency as (
        select distinct
            pg_depend.objid as id,
            pg_depend.refobjid as ref
        from pg_depend
    ),
    schema as (
        select
            pg_namespace.oid as id,
            pg_namespace.nspname as name
        from pg_namespace
        where nspname != 'information_schema' and nspname not like 'pg\_%'
    ),
    referenced as (
        select
            relation.id AS id,
            referenced_class.name ,
            referenced_class.schema ,
            referenced_class.kind
        from relation
        join class as referenced_class on relation.class=referenced_class.id
        where referenced_class.kind in ('r', 'v', 'm')
    ),
    relationships as (
        select
            referenced.name as referenced_name,
            referenced.schema as referenced_schema_id,
            dependent_class.name as dependent_name,
            dependent_class.schema as dependent_schema_id,
            referenced.kind as kind
        from referenced
        join dependency on referenced.id=dependency.id
        join class as dependent_class on dependency.ref=dependent_class.id
        where
            (referenced.name != dependent_class.name or
             referenced.schema != dependent_class.schema)
    )

    select
        referenced_schema.name as referenced_schema,
        relationships.referenced_name as referenced_name,
        dependent_schema.name as dependent_schema,
        relationships.dependent_name as dependent_name
    from relationships
    join schema as dependent_schema on relationships.dependent_schema_id=dependent_schema.id
    join schema as referenced_schema on relationships.referenced_schema_id=referenced_schema.id
    group by referenced_schema, referenced_name, dependent_schema, dependent_name
    order by referenced_schema, referenced_name, dependent_schema, dependent_name;
[0m05:08:16.528198 [debug] [MainThread]: SQL status: SELECT 0 in 0.012 seconds
[0m05:08:16.529262 [debug] [MainThread]: Sending event: {'category': 'dbt', 'action': 'runnable_timing', 'label': 'eb769696-dbf6-4554-8f77-334758e12119', 'context': [<snowplow_tracker.self_describing_json.SelfDescribingJson object at 0x7baba466e640>]}
[0m05:08:16.529850 [debug] [MainThread]: On master: ROLLBACK
[0m05:08:16.530417 [debug] [MainThread]: Using postgres connection "master"
[0m05:08:16.530836 [debug] [MainThread]: On master: BEGIN
[0m05:08:16.531459 [debug] [MainThread]: SQL status: BEGIN in 0.000 seconds
[0m05:08:16.531957 [debug] [MainThread]: On master: COMMIT
[0m05:08:16.532486 [debug] [MainThread]: Using postgres connection "master"
[0m05:08:16.532993 [debug] [MainThread]: On master: COMMIT
[0m05:08:16.533543 [debug] [MainThread]: SQL status: COMMIT in 0.000 seconds
[0m05:08:16.534035 [debug] [MainThread]: On master: Close
[0m05:08:16.539962 [debug] [Thread-1  ]: Began running node model.dbt_ecommerce.stg_ecom
[0m05:08:16.540685 [info ] [Thread-1  ]: 1 of 5 START sql view model public.stg_ecom .................................... [RUN]
[0m05:08:16.541468 [debug] [Thread-1  ]: Re-using an available connection from the pool (formerly list_airflow_public, now model.dbt_ecommerce.stg_ecom)
[0m05:08:16.542066 [debug] [Thread-1  ]: Began compiling node model.dbt_ecommerce.stg_ecom
[0m05:08:16.547578 [debug] [Thread-1  ]: Writing injected SQL for node "model.dbt_ecommerce.stg_ecom"
[0m05:08:16.553966 [debug] [Thread-1  ]: Began executing node model.dbt_ecommerce.stg_ecom
[0m05:08:16.580532 [debug] [Thread-1  ]: Writing runtime sql for node "model.dbt_ecommerce.stg_ecom"
[0m05:08:16.608639 [debug] [Thread-1  ]: Using postgres connection "model.dbt_ecommerce.stg_ecom"
[0m05:08:16.609663 [debug] [Thread-1  ]: On model.dbt_ecommerce.stg_ecom: BEGIN
[0m05:08:16.610649 [debug] [Thread-1  ]: Opening a new connection, currently in state closed
[0m05:08:16.615800 [debug] [Thread-1  ]: SQL status: BEGIN in 0.005 seconds
[0m05:08:16.618051 [debug] [Thread-1  ]: Using postgres connection "model.dbt_ecommerce.stg_ecom"
[0m05:08:16.619017 [debug] [Thread-1  ]: On model.dbt_ecommerce.stg_ecom: /* {"app": "dbt", "dbt_version": "1.9.0b2", "profile_name": "dbt_ecommerce", "target_name": "dev", "node_id": "model.dbt_ecommerce.stg_ecom"} */

  create view "airflow"."public"."stg_ecom__dbt_tmp"
    
    
  as (
    SELECT
    "invoiceNo"     AS invoice_no,
    "stockCode"     AS stock_code,
    "description"   AS description,
    "quantity"      AS quantity,
    "invoiceDate"::timestamp AS invoice_date,
    "unitPrice"     AS unit_price,
    "customerID"::int AS customer_id,
    "country"       AS country,
    "quantity" * "unitPrice" AS total_price,
    TO_CHAR("invoiceDate"::timestamp, 'YYYY-MM') AS invoice_month
FROM ecommerce_sales
WHERE "customerID" IS NOT NULL
  AND "quantity" > 0
  AND "unitPrice" > 0
  );
[0m05:08:16.622402 [debug] [Thread-1  ]: Postgres adapter: Postgres error: column "invoiceNo" does not exist
LINE 8:     "invoiceNo"     AS invoice_no,
            ^
HINT:  Perhaps you meant to reference the column "ecommerce_sales.invoice_no".

[0m05:08:16.623443 [debug] [Thread-1  ]: On model.dbt_ecommerce.stg_ecom: ROLLBACK
[0m05:08:16.624260 [debug] [Thread-1  ]: On model.dbt_ecommerce.stg_ecom: Close
[0m05:08:16.628870 [debug] [Thread-1  ]: Database Error in model stg_ecom (models/stg_ecom.sql)
  column "invoiceNo" does not exist
  LINE 8:     "invoiceNo"     AS invoice_no,
              ^
  HINT:  Perhaps you meant to reference the column "ecommerce_sales.invoice_no".
  compiled code at target/run/dbt_ecommerce/models/stg_ecom.sql
[0m05:08:16.630438 [debug] [Thread-1  ]: Sending event: {'category': 'dbt', 'action': 'run_model', 'label': 'eb769696-dbf6-4554-8f77-334758e12119', 'context': [<snowplow_tracker.self_describing_json.SelfDescribingJson object at 0x7baba3740d90>]}
[0m05:08:16.631321 [error] [Thread-1  ]: 1 of 5 ERROR creating sql view model public.stg_ecom ........................... [[31mERROR[0m in 0.09s]
[0m05:08:16.632165 [debug] [Thread-1  ]: Finished running node model.dbt_ecommerce.stg_ecom
[0m05:08:16.632998 [debug] [Thread-4  ]: Marking all children of 'model.dbt_ecommerce.stg_ecom' to be skipped because of status 'error'.  Reason: Database Error in model stg_ecom (models/stg_ecom.sql)
  column "invoiceNo" does not exist
  LINE 8:     "invoiceNo"     AS invoice_no,
              ^
  HINT:  Perhaps you meant to reference the column "ecommerce_sales.invoice_no".
  compiled code at target/run/dbt_ecommerce/models/stg_ecom.sql.
[0m05:08:16.634139 [debug] [Thread-1  ]: Began running node model.dbt_ecommerce.ecom_monthly_revenue
[0m05:08:16.634831 [info ] [Thread-1  ]: 2 of 5 SKIP relation public.ecom_monthly_revenue ............................... [[33mSKIP[0m]
[0m05:08:16.635575 [debug] [Thread-1  ]: Finished running node model.dbt_ecommerce.ecom_monthly_revenue
[0m05:08:16.636114 [debug] [Thread-1  ]: Began running node model.dbt_ecommerce.ecom_sales_by_country
[0m05:08:16.636644 [info ] [Thread-1  ]: 3 of 5 SKIP relation public.ecom_sales_by_country .............................. [[33mSKIP[0m]
[0m05:08:16.637227 [debug] [Thread-1  ]: Finished running node model.dbt_ecommerce.ecom_sales_by_country
[0m05:08:16.637910 [debug] [Thread-1  ]: Began running node model.dbt_ecommerce.ecom_top_customers
[0m05:08:16.638392 [info ] [Thread-1  ]: 4 of 5 SKIP relation public.ecom_top_customers ................................. [[33mSKIP[0m]
[0m05:08:16.639031 [debug] [Thread-1  ]: Finished running node model.dbt_ecommerce.ecom_top_customers
[0m05:08:16.639633 [debug] [Thread-1  ]: Began running node model.dbt_ecommerce.ecom_top_product
[0m05:08:16.640145 [info ] [Thread-1  ]: 5 of 5 SKIP relation public.ecom_top_product ................................... [[33mSKIP[0m]
[0m05:08:16.641113 [debug] [Thread-1  ]: Finished running node model.dbt_ecommerce.ecom_top_product
[0m05:08:16.643069 [debug] [MainThread]: Using postgres connection "master"
[0m05:08:16.643678 [debug] [MainThread]: On master: BEGIN
[0m05:08:16.644055 [debug] [MainThread]: Opening a new connection, currently in state closed
[0m05:08:16.649726 [debug] [MainThread]: SQL status: BEGIN in 0.006 seconds
[0m05:08:16.650657 [debug] [MainThread]: On master: COMMIT
[0m05:08:16.651632 [debug] [MainThread]: Using postgres connection "master"
[0m05:08:16.652600 [debug] [MainThread]: On master: COMMIT
[0m05:08:16.653516 [debug] [MainThread]: SQL status: COMMIT in 0.000 seconds
[0m05:08:16.654396 [debug] [MainThread]: On master: Close
[0m05:08:16.655309 [debug] [MainThread]: Connection 'master' was properly closed.
[0m05:08:16.655865 [debug] [MainThread]: Connection 'model.dbt_ecommerce.stg_ecom' was properly closed.
[0m05:08:16.656507 [info ] [MainThread]: 
[0m05:08:16.657139 [info ] [MainThread]: Finished running 5 view models in 0 hours 0 minutes and 0.22 seconds (0.22s).
[0m05:08:16.658159 [debug] [MainThread]: Command end result
[0m05:08:16.715393 [info ] [MainThread]: 
[0m05:08:16.716348 [info ] [MainThread]: [31mCompleted with 1 error, 0 partial successs, and 0 warnings:[0m
[0m05:08:16.717234 [info ] [MainThread]: 
[0m05:08:16.717852 [error] [MainThread]:   Database Error in model stg_ecom (models/stg_ecom.sql)
  column "invoiceNo" does not exist
  LINE 8:     "invoiceNo"     AS invoice_no,
              ^
  HINT:  Perhaps you meant to reference the column "ecommerce_sales.invoice_no".
  compiled code at target/run/dbt_ecommerce/models/stg_ecom.sql
[0m05:08:16.718356 [info ] [MainThread]: 
[0m05:08:16.718909 [info ] [MainThread]: Done. PASS=0 WARN=0 ERROR=1 SKIP=4 TOTAL=5
[0m05:08:16.721662 [debug] [MainThread]: Resource report: {"command_name": "run", "command_wall_clock_time": 1.155198, "process_user_time": 1.446707, "process_kernel_time": 0.231316, "process_mem_max_rss": "108480", "process_in_blocks": "52736", "command_success": false, "process_out_blocks": "0"}
[0m05:08:16.722623 [debug] [MainThread]: Command `dbt run` failed at 05:08:16.722515 after 1.16 seconds
[0m05:08:16.723189 [debug] [MainThread]: Sending event: {'category': 'dbt', 'action': 'invocation', 'label': 'end', 'context': [<snowplow_tracker.self_describing_json.SelfDescribingJson object at 0x7baba67e76a0>, <snowplow_tracker.self_describing_json.SelfDescribingJson object at 0x7baba5c32c70>, <snowplow_tracker.self_describing_json.SelfDescribingJson object at 0x7baba374ec70>]}
[0m05:08:16.724115 [debug] [MainThread]: Flushing usage events
[0m05:08:17.921501 [debug] [MainThread]: An error was encountered while trying to flush usage events
[0m05:08:39.169849 [debug] [MainThread]: Sending event: {'category': 'dbt', 'action': 'invocation', 'label': 'start', 'context': [<snowplow_tracker.self_describing_json.SelfDescribingJson object at 0x75d0c02276d0>, <snowplow_tracker.self_describing_json.SelfDescribingJson object at 0x75d0bfb1e7f0>, <snowplow_tracker.self_describing_json.SelfDescribingJson object at 0x75d0bf9b1df0>]}


============================== 05:08:39.175998 | 6aedf830-2612-4f3b-933b-a7a47472ae5f ==============================
[0m05:08:39.175998 [info ] [MainThread]: Running with dbt=1.9.0-b2
[0m05:08:39.176703 [debug] [MainThread]: running dbt with arguments {'printer_width': '80', 'indirect_selection': 'eager', 'write_json': 'True', 'log_cache_events': 'False', 'partial_parse': 'True', 'cache_selected_only': 'False', 'profiles_dir': '/home/airflow/.dbt', 'fail_fast': 'False', 'debug': 'False', 'log_path': '/opt/airflow/dbt_ecommerce/logs', 'warn_error': 'None', 'version_check': 'True', 'use_colors': 'True', 'use_experimental_parser': 'False', 'no_print': 'None', 'quiet': 'False', 'empty': 'False', 'log_format': 'default', 'static_parser': 'True', 'invocation_command': 'dbt run', 'warn_error_options': 'WarnErrorOptions(include=[], exclude=[])', 'target_path': 'None', 'introspect': 'True', 'send_anonymous_usage_stats': 'True'}
[0m05:08:39.352638 [debug] [MainThread]: Sending event: {'category': 'dbt', 'action': 'project_id', 'label': '6aedf830-2612-4f3b-933b-a7a47472ae5f', 'context': [<snowplow_tracker.self_describing_json.SelfDescribingJson object at 0x75d0c14d8400>]}
[0m05:08:39.397542 [debug] [MainThread]: Sending event: {'category': 'dbt', 'action': 'adapter_info', 'label': '6aedf830-2612-4f3b-933b-a7a47472ae5f', 'context': [<snowplow_tracker.self_describing_json.SelfDescribingJson object at 0x75d0bf6b2c10>]}
[0m05:08:39.398626 [info ] [MainThread]: Registered adapter: postgres=1.8.2
[0m05:08:39.412596 [debug] [MainThread]: checksum: 4cfbbe2a671212f062e88a43cba5322b30b7e3e8e91b953aa4de249eeaade60f, vars: {}, profile: , target: , version: 1.9.0b2
[0m05:08:39.644020 [debug] [MainThread]: Partial parsing enabled: 0 files deleted, 0 files added, 1 files changed.
[0m05:08:39.645501 [debug] [MainThread]: Partial parsing: updated file: dbt_ecommerce://models/stg_ecom.sql
[0m05:08:39.820934 [debug] [MainThread]: Sending event: {'category': 'dbt', 'action': 'load_project', 'label': '6aedf830-2612-4f3b-933b-a7a47472ae5f', 'context': [<snowplow_tracker.self_describing_json.SelfDescribingJson object at 0x75d0be1af910>]}
[0m05:08:39.925383 [debug] [MainThread]: Sending event: {'category': 'dbt', 'action': 'resource_counts', 'label': '6aedf830-2612-4f3b-933b-a7a47472ae5f', 'context': [<snowplow_tracker.self_describing_json.SelfDescribingJson object at 0x75d0be0fdf40>]}
[0m05:08:39.926307 [info ] [MainThread]: Found 5 models, 423 macros
[0m05:08:39.927185 [debug] [MainThread]: Sending event: {'category': 'dbt', 'action': 'runnable_timing', 'label': '6aedf830-2612-4f3b-933b-a7a47472ae5f', 'context': [<snowplow_tracker.self_describing_json.SelfDescribingJson object at 0x75d0be13c0a0>]}
[0m05:08:39.928778 [info ] [MainThread]: 
[0m05:08:39.929470 [info ] [MainThread]: Concurrency: 1 threads (target='dev')
[0m05:08:39.929935 [info ] [MainThread]: 
[0m05:08:39.930691 [debug] [MainThread]: Acquiring new postgres connection 'master'
[0m05:08:39.935195 [debug] [ThreadPool]: Acquiring new postgres connection 'list_airflow'
[0m05:08:39.961016 [debug] [ThreadPool]: Using postgres connection "list_airflow"
[0m05:08:39.962098 [debug] [ThreadPool]: On list_airflow: /* {"app": "dbt", "dbt_version": "1.9.0b2", "profile_name": "dbt_ecommerce", "target_name": "dev", "connection_name": "list_airflow"} */

    select distinct nspname from pg_namespace
  
[0m05:08:39.963079 [debug] [ThreadPool]: Opening a new connection, currently in state init
[0m05:08:39.969234 [debug] [ThreadPool]: SQL status: SELECT 4 in 0.006 seconds
[0m05:08:39.970767 [debug] [ThreadPool]: On list_airflow: Close
[0m05:08:39.972939 [debug] [ThreadPool]: Re-using an available connection from the pool (formerly list_airflow, now list_airflow_public)
[0m05:08:39.978499 [debug] [ThreadPool]: Using postgres connection "list_airflow_public"
[0m05:08:39.979210 [debug] [ThreadPool]: On list_airflow_public: BEGIN
[0m05:08:39.979736 [debug] [ThreadPool]: Opening a new connection, currently in state closed
[0m05:08:39.984489 [debug] [ThreadPool]: SQL status: BEGIN in 0.005 seconds
[0m05:08:39.985211 [debug] [ThreadPool]: Using postgres connection "list_airflow_public"
[0m05:08:39.985770 [debug] [ThreadPool]: On list_airflow_public: /* {"app": "dbt", "dbt_version": "1.9.0b2", "profile_name": "dbt_ecommerce", "target_name": "dev", "connection_name": "list_airflow_public"} */
select
      'airflow' as database,
      tablename as name,
      schemaname as schema,
      'table' as type
    from pg_tables
    where schemaname ilike 'public'
    union all
    select
      'airflow' as database,
      viewname as name,
      schemaname as schema,
      'view' as type
    from pg_views
    where schemaname ilike 'public'
    union all
    select
      'airflow' as database,
      matviewname as name,
      schemaname as schema,
      'materialized_view' as type
    from pg_matviews
    where schemaname ilike 'public'
  
[0m05:08:39.988103 [debug] [ThreadPool]: SQL status: SELECT 47 in 0.002 seconds
[0m05:08:39.990037 [debug] [ThreadPool]: On list_airflow_public: ROLLBACK
[0m05:08:39.990928 [debug] [ThreadPool]: On list_airflow_public: Close
[0m05:08:39.999237 [debug] [MainThread]: Using postgres connection "master"
[0m05:08:40.000074 [debug] [MainThread]: On master: BEGIN
[0m05:08:40.000836 [debug] [MainThread]: Opening a new connection, currently in state init
[0m05:08:40.005697 [debug] [MainThread]: SQL status: BEGIN in 0.005 seconds
[0m05:08:40.006500 [debug] [MainThread]: Using postgres connection "master"
[0m05:08:40.007485 [debug] [MainThread]: On master: /* {"app": "dbt", "dbt_version": "1.9.0b2", "profile_name": "dbt_ecommerce", "target_name": "dev", "connection_name": "master"} */
with relation as (
        select
            pg_rewrite.ev_class as class,
            pg_rewrite.oid as id
        from pg_rewrite
    ),
    class as (
        select
            oid as id,
            relname as name,
            relnamespace as schema,
            relkind as kind
        from pg_class
    ),
    dependency as (
        select distinct
            pg_depend.objid as id,
            pg_depend.refobjid as ref
        from pg_depend
    ),
    schema as (
        select
            pg_namespace.oid as id,
            pg_namespace.nspname as name
        from pg_namespace
        where nspname != 'information_schema' and nspname not like 'pg\_%'
    ),
    referenced as (
        select
            relation.id AS id,
            referenced_class.name ,
            referenced_class.schema ,
            referenced_class.kind
        from relation
        join class as referenced_class on relation.class=referenced_class.id
        where referenced_class.kind in ('r', 'v', 'm')
    ),
    relationships as (
        select
            referenced.name as referenced_name,
            referenced.schema as referenced_schema_id,
            dependent_class.name as dependent_name,
            dependent_class.schema as dependent_schema_id,
            referenced.kind as kind
        from referenced
        join dependency on referenced.id=dependency.id
        join class as dependent_class on dependency.ref=dependent_class.id
        where
            (referenced.name != dependent_class.name or
             referenced.schema != dependent_class.schema)
    )

    select
        referenced_schema.name as referenced_schema,
        relationships.referenced_name as referenced_name,
        dependent_schema.name as dependent_schema,
        relationships.dependent_name as dependent_name
    from relationships
    join schema as dependent_schema on relationships.dependent_schema_id=dependent_schema.id
    join schema as referenced_schema on relationships.referenced_schema_id=referenced_schema.id
    group by referenced_schema, referenced_name, dependent_schema, dependent_name
    order by referenced_schema, referenced_name, dependent_schema, dependent_name;
[0m05:08:40.020186 [debug] [MainThread]: SQL status: SELECT 0 in 0.012 seconds
[0m05:08:40.021540 [debug] [MainThread]: Sending event: {'category': 'dbt', 'action': 'runnable_timing', 'label': '6aedf830-2612-4f3b-933b-a7a47472ae5f', 'context': [<snowplow_tracker.self_describing_json.SelfDescribingJson object at 0x75d0be0aa670>]}
[0m05:08:40.022693 [debug] [MainThread]: On master: ROLLBACK
[0m05:08:40.023680 [debug] [MainThread]: Using postgres connection "master"
[0m05:08:40.024592 [debug] [MainThread]: On master: BEGIN
[0m05:08:40.025693 [debug] [MainThread]: SQL status: BEGIN in 0.000 seconds
[0m05:08:40.026451 [debug] [MainThread]: On master: COMMIT
[0m05:08:40.027313 [debug] [MainThread]: Using postgres connection "master"
[0m05:08:40.028061 [debug] [MainThread]: On master: COMMIT
[0m05:08:40.028949 [debug] [MainThread]: SQL status: COMMIT in 0.000 seconds
[0m05:08:40.029661 [debug] [MainThread]: On master: Close
[0m05:08:40.035958 [debug] [Thread-1  ]: Began running node model.dbt_ecommerce.stg_ecom
[0m05:08:40.036892 [info ] [Thread-1  ]: 1 of 5 START sql view model public.stg_ecom .................................... [RUN]
[0m05:08:40.037931 [debug] [Thread-1  ]: Re-using an available connection from the pool (formerly list_airflow_public, now model.dbt_ecommerce.stg_ecom)
[0m05:08:40.038600 [debug] [Thread-1  ]: Began compiling node model.dbt_ecommerce.stg_ecom
[0m05:08:40.044100 [debug] [Thread-1  ]: Writing injected SQL for node "model.dbt_ecommerce.stg_ecom"
[0m05:08:40.054783 [debug] [Thread-1  ]: Began executing node model.dbt_ecommerce.stg_ecom
[0m05:08:40.082666 [debug] [Thread-1  ]: Writing runtime sql for node "model.dbt_ecommerce.stg_ecom"
[0m05:08:40.097683 [debug] [Thread-1  ]: Using postgres connection "model.dbt_ecommerce.stg_ecom"
[0m05:08:40.098567 [debug] [Thread-1  ]: On model.dbt_ecommerce.stg_ecom: BEGIN
[0m05:08:40.099283 [debug] [Thread-1  ]: Opening a new connection, currently in state closed
[0m05:08:40.104207 [debug] [Thread-1  ]: SQL status: BEGIN in 0.005 seconds
[0m05:08:40.105240 [debug] [Thread-1  ]: Using postgres connection "model.dbt_ecommerce.stg_ecom"
[0m05:08:40.106042 [debug] [Thread-1  ]: On model.dbt_ecommerce.stg_ecom: /* {"app": "dbt", "dbt_version": "1.9.0b2", "profile_name": "dbt_ecommerce", "target_name": "dev", "node_id": "model.dbt_ecommerce.stg_ecom"} */

  create view "airflow"."public"."stg_ecom__dbt_tmp"
    
    
  as (
    SELECT
    "invoiceno"     AS invoice_no,
    "stockCode"     AS stock_code,
    "description"   AS description,
    "quantity"      AS quantity,
    "invoiceDate"::timestamp AS invoice_date,
    "unitPrice"     AS unit_price,
    "customerID"::int AS customer_id,
    "country"       AS country,
    "quantity" * "unitPrice" AS total_price,
    TO_CHAR("invoiceDate"::timestamp, 'YYYY-MM') AS invoice_month
FROM ecommerce_sales
WHERE "customerID" IS NOT NULL
  AND "quantity" > 0
  AND "unitPrice" > 0
  );
[0m05:08:40.107287 [debug] [Thread-1  ]: Postgres adapter: Postgres error: column "invoiceno" does not exist
LINE 8:     "invoiceno"     AS invoice_no,
            ^
HINT:  Perhaps you meant to reference the column "ecommerce_sales.invoice_no".

[0m05:08:40.107880 [debug] [Thread-1  ]: On model.dbt_ecommerce.stg_ecom: ROLLBACK
[0m05:08:40.108757 [debug] [Thread-1  ]: On model.dbt_ecommerce.stg_ecom: Close
[0m05:08:40.110730 [debug] [Thread-1  ]: Database Error in model stg_ecom (models/stg_ecom.sql)
  column "invoiceno" does not exist
  LINE 8:     "invoiceno"     AS invoice_no,
              ^
  HINT:  Perhaps you meant to reference the column "ecommerce_sales.invoice_no".
  compiled code at target/run/dbt_ecommerce/models/stg_ecom.sql
[0m05:08:40.112436 [debug] [Thread-1  ]: Sending event: {'category': 'dbt', 'action': 'run_model', 'label': '6aedf830-2612-4f3b-933b-a7a47472ae5f', 'context': [<snowplow_tracker.self_describing_json.SelfDescribingJson object at 0x75d0bd182dc0>]}
[0m05:08:40.113423 [error] [Thread-1  ]: 1 of 5 ERROR creating sql view model public.stg_ecom ........................... [[31mERROR[0m in 0.07s]
[0m05:08:40.114343 [debug] [Thread-1  ]: Finished running node model.dbt_ecommerce.stg_ecom
[0m05:08:40.115290 [debug] [Thread-4  ]: Marking all children of 'model.dbt_ecommerce.stg_ecom' to be skipped because of status 'error'.  Reason: Database Error in model stg_ecom (models/stg_ecom.sql)
  column "invoiceno" does not exist
  LINE 8:     "invoiceno"     AS invoice_no,
              ^
  HINT:  Perhaps you meant to reference the column "ecommerce_sales.invoice_no".
  compiled code at target/run/dbt_ecommerce/models/stg_ecom.sql.
[0m05:08:40.116358 [debug] [Thread-1  ]: Began running node model.dbt_ecommerce.ecom_monthly_revenue
[0m05:08:40.117108 [info ] [Thread-1  ]: 2 of 5 SKIP relation public.ecom_monthly_revenue ............................... [[33mSKIP[0m]
[0m05:08:40.117837 [debug] [Thread-1  ]: Finished running node model.dbt_ecommerce.ecom_monthly_revenue
[0m05:08:40.118386 [debug] [Thread-1  ]: Began running node model.dbt_ecommerce.ecom_sales_by_country
[0m05:08:40.118904 [info ] [Thread-1  ]: 3 of 5 SKIP relation public.ecom_sales_by_country .............................. [[33mSKIP[0m]
[0m05:08:40.119554 [debug] [Thread-1  ]: Finished running node model.dbt_ecommerce.ecom_sales_by_country
[0m05:08:40.120163 [debug] [Thread-1  ]: Began running node model.dbt_ecommerce.ecom_top_customers
[0m05:08:40.120813 [info ] [Thread-1  ]: 4 of 5 SKIP relation public.ecom_top_customers ................................. [[33mSKIP[0m]
[0m05:08:40.121546 [debug] [Thread-1  ]: Finished running node model.dbt_ecommerce.ecom_top_customers
[0m05:08:40.122184 [debug] [Thread-1  ]: Began running node model.dbt_ecommerce.ecom_top_product
[0m05:08:40.122754 [info ] [Thread-1  ]: 5 of 5 SKIP relation public.ecom_top_product ................................... [[33mSKIP[0m]
[0m05:08:40.123228 [debug] [Thread-1  ]: Finished running node model.dbt_ecommerce.ecom_top_product
[0m05:08:40.124511 [debug] [MainThread]: Using postgres connection "master"
[0m05:08:40.125167 [debug] [MainThread]: On master: BEGIN
[0m05:08:40.125686 [debug] [MainThread]: Opening a new connection, currently in state closed
[0m05:08:40.130719 [debug] [MainThread]: SQL status: BEGIN in 0.005 seconds
[0m05:08:40.131556 [debug] [MainThread]: On master: COMMIT
[0m05:08:40.132290 [debug] [MainThread]: Using postgres connection "master"
[0m05:08:40.132853 [debug] [MainThread]: On master: COMMIT
[0m05:08:40.133605 [debug] [MainThread]: SQL status: COMMIT in 0.000 seconds
[0m05:08:40.134228 [debug] [MainThread]: On master: Close
[0m05:08:40.134977 [debug] [MainThread]: Connection 'master' was properly closed.
[0m05:08:40.135505 [debug] [MainThread]: Connection 'model.dbt_ecommerce.stg_ecom' was properly closed.
[0m05:08:40.136069 [info ] [MainThread]: 
[0m05:08:40.136569 [info ] [MainThread]: Finished running 5 view models in 0 hours 0 minutes and 0.21 seconds (0.21s).
[0m05:08:40.137540 [debug] [MainThread]: Command end result
[0m05:08:40.194472 [info ] [MainThread]: 
[0m05:08:40.195380 [info ] [MainThread]: [31mCompleted with 1 error, 0 partial successs, and 0 warnings:[0m
[0m05:08:40.196123 [info ] [MainThread]: 
[0m05:08:40.196844 [error] [MainThread]:   Database Error in model stg_ecom (models/stg_ecom.sql)
  column "invoiceno" does not exist
  LINE 8:     "invoiceno"     AS invoice_no,
              ^
  HINT:  Perhaps you meant to reference the column "ecommerce_sales.invoice_no".
  compiled code at target/run/dbt_ecommerce/models/stg_ecom.sql
[0m05:08:40.197502 [info ] [MainThread]: 
[0m05:08:40.198176 [info ] [MainThread]: Done. PASS=0 WARN=0 ERROR=1 SKIP=4 TOTAL=5
[0m05:08:40.199334 [debug] [MainThread]: Resource report: {"command_name": "run", "command_wall_clock_time": 1.0828592, "process_user_time": 1.441211, "process_kernel_time": 0.092851, "process_mem_max_rss": "108808", "command_success": false, "process_in_blocks": "0", "process_out_blocks": "0"}
[0m05:08:40.200120 [debug] [MainThread]: Command `dbt run` failed at 05:08:40.200039 after 1.08 seconds
[0m05:08:40.200720 [debug] [MainThread]: Sending event: {'category': 'dbt', 'action': 'invocation', 'label': 'end', 'context': [<snowplow_tracker.self_describing_json.SelfDescribingJson object at 0x75d0c02276d0>, <snowplow_tracker.self_describing_json.SelfDescribingJson object at 0x75d0c14d8400>, <snowplow_tracker.self_describing_json.SelfDescribingJson object at 0x75d0be0fdfd0>]}
[0m05:08:40.201309 [debug] [MainThread]: Flushing usage events
[0m05:08:42.391913 [debug] [MainThread]: An error was encountered while trying to flush usage events
[0m05:08:52.833126 [debug] [MainThread]: Sending event: {'category': 'dbt', 'action': 'invocation', 'label': 'start', 'context': [<snowplow_tracker.self_describing_json.SelfDescribingJson object at 0x749dd3f67640>, <snowplow_tracker.self_describing_json.SelfDescribingJson object at 0x749dd36f2850>, <snowplow_tracker.self_describing_json.SelfDescribingJson object at 0x749dd32cd220>]}


============================== 05:08:52.838475 | b8753a78-7159-448e-9c00-0253a6f41c71 ==============================
[0m05:08:52.838475 [info ] [MainThread]: Running with dbt=1.9.0-b2
[0m05:08:52.839372 [debug] [MainThread]: running dbt with arguments {'printer_width': '80', 'indirect_selection': 'eager', 'write_json': 'True', 'log_cache_events': 'False', 'partial_parse': 'True', 'cache_selected_only': 'False', 'warn_error': 'None', 'version_check': 'True', 'profiles_dir': '/home/airflow/.dbt', 'log_path': '/opt/airflow/dbt_ecommerce/logs', 'debug': 'False', 'fail_fast': 'False', 'use_colors': 'True', 'use_experimental_parser': 'False', 'no_print': 'None', 'quiet': 'False', 'empty': 'False', 'warn_error_options': 'WarnErrorOptions(include=[], exclude=[])', 'static_parser': 'True', 'invocation_command': 'dbt run', 'introspect': 'True', 'target_path': 'None', 'log_format': 'default', 'send_anonymous_usage_stats': 'True'}
[0m05:08:53.003307 [debug] [MainThread]: Sending event: {'category': 'dbt', 'action': 'project_id', 'label': 'b8753a78-7159-448e-9c00-0253a6f41c71', 'context': [<snowplow_tracker.self_describing_json.SelfDescribingJson object at 0x749dd5296250>]}
[0m05:08:53.047984 [debug] [MainThread]: Sending event: {'category': 'dbt', 'action': 'adapter_info', 'label': 'b8753a78-7159-448e-9c00-0253a6f41c71', 'context': [<snowplow_tracker.self_describing_json.SelfDescribingJson object at 0x749dd5296160>]}
[0m05:08:53.049134 [info ] [MainThread]: Registered adapter: postgres=1.8.2
[0m05:08:53.061408 [debug] [MainThread]: checksum: 4cfbbe2a671212f062e88a43cba5322b30b7e3e8e91b953aa4de249eeaade60f, vars: {}, profile: , target: , version: 1.9.0b2
[0m05:08:53.268579 [debug] [MainThread]: Partial parsing enabled: 0 files deleted, 0 files added, 1 files changed.
[0m05:08:53.269366 [debug] [MainThread]: Partial parsing: updated file: dbt_ecommerce://models/stg_ecom.sql
[0m05:08:53.443043 [debug] [MainThread]: Sending event: {'category': 'dbt', 'action': 'load_project', 'label': 'b8753a78-7159-448e-9c00-0253a6f41c71', 'context': [<snowplow_tracker.self_describing_json.SelfDescribingJson object at 0x749dd1ee5880>]}
[0m05:08:53.543983 [debug] [MainThread]: Sending event: {'category': 'dbt', 'action': 'resource_counts', 'label': 'b8753a78-7159-448e-9c00-0253a6f41c71', 'context': [<snowplow_tracker.self_describing_json.SelfDescribingJson object at 0x749dd1bfdfd0>]}
[0m05:08:53.544690 [info ] [MainThread]: Found 5 models, 423 macros
[0m05:08:53.545494 [debug] [MainThread]: Sending event: {'category': 'dbt', 'action': 'runnable_timing', 'label': 'b8753a78-7159-448e-9c00-0253a6f41c71', 'context': [<snowplow_tracker.self_describing_json.SelfDescribingJson object at 0x749dd1e7a040>]}
[0m05:08:53.547188 [info ] [MainThread]: 
[0m05:08:53.548042 [info ] [MainThread]: Concurrency: 1 threads (target='dev')
[0m05:08:53.548639 [info ] [MainThread]: 
[0m05:08:53.549392 [debug] [MainThread]: Acquiring new postgres connection 'master'
[0m05:08:53.553011 [debug] [ThreadPool]: Acquiring new postgres connection 'list_airflow'
[0m05:08:53.579822 [debug] [ThreadPool]: Using postgres connection "list_airflow"
[0m05:08:53.580633 [debug] [ThreadPool]: On list_airflow: /* {"app": "dbt", "dbt_version": "1.9.0b2", "profile_name": "dbt_ecommerce", "target_name": "dev", "connection_name": "list_airflow"} */

    select distinct nspname from pg_namespace
  
[0m05:08:53.581376 [debug] [ThreadPool]: Opening a new connection, currently in state init
[0m05:08:53.587386 [debug] [ThreadPool]: SQL status: SELECT 4 in 0.006 seconds
[0m05:08:53.589025 [debug] [ThreadPool]: On list_airflow: Close
[0m05:08:53.590969 [debug] [ThreadPool]: Re-using an available connection from the pool (formerly list_airflow, now list_airflow_public)
[0m05:08:53.596353 [debug] [ThreadPool]: Using postgres connection "list_airflow_public"
[0m05:08:53.597123 [debug] [ThreadPool]: On list_airflow_public: BEGIN
[0m05:08:53.597800 [debug] [ThreadPool]: Opening a new connection, currently in state closed
[0m05:08:53.602434 [debug] [ThreadPool]: SQL status: BEGIN in 0.005 seconds
[0m05:08:53.603281 [debug] [ThreadPool]: Using postgres connection "list_airflow_public"
[0m05:08:53.604045 [debug] [ThreadPool]: On list_airflow_public: /* {"app": "dbt", "dbt_version": "1.9.0b2", "profile_name": "dbt_ecommerce", "target_name": "dev", "connection_name": "list_airflow_public"} */
select
      'airflow' as database,
      tablename as name,
      schemaname as schema,
      'table' as type
    from pg_tables
    where schemaname ilike 'public'
    union all
    select
      'airflow' as database,
      viewname as name,
      schemaname as schema,
      'view' as type
    from pg_views
    where schemaname ilike 'public'
    union all
    select
      'airflow' as database,
      matviewname as name,
      schemaname as schema,
      'materialized_view' as type
    from pg_matviews
    where schemaname ilike 'public'
  
[0m05:08:53.606849 [debug] [ThreadPool]: SQL status: SELECT 47 in 0.002 seconds
[0m05:08:53.608745 [debug] [ThreadPool]: On list_airflow_public: ROLLBACK
[0m05:08:53.609443 [debug] [ThreadPool]: On list_airflow_public: Close
[0m05:08:53.616853 [debug] [MainThread]: Using postgres connection "master"
[0m05:08:53.617512 [debug] [MainThread]: On master: BEGIN
[0m05:08:53.618162 [debug] [MainThread]: Opening a new connection, currently in state init
[0m05:08:53.622695 [debug] [MainThread]: SQL status: BEGIN in 0.004 seconds
[0m05:08:53.623751 [debug] [MainThread]: Using postgres connection "master"
[0m05:08:53.624748 [debug] [MainThread]: On master: /* {"app": "dbt", "dbt_version": "1.9.0b2", "profile_name": "dbt_ecommerce", "target_name": "dev", "connection_name": "master"} */
with relation as (
        select
            pg_rewrite.ev_class as class,
            pg_rewrite.oid as id
        from pg_rewrite
    ),
    class as (
        select
            oid as id,
            relname as name,
            relnamespace as schema,
            relkind as kind
        from pg_class
    ),
    dependency as (
        select distinct
            pg_depend.objid as id,
            pg_depend.refobjid as ref
        from pg_depend
    ),
    schema as (
        select
            pg_namespace.oid as id,
            pg_namespace.nspname as name
        from pg_namespace
        where nspname != 'information_schema' and nspname not like 'pg\_%'
    ),
    referenced as (
        select
            relation.id AS id,
            referenced_class.name ,
            referenced_class.schema ,
            referenced_class.kind
        from relation
        join class as referenced_class on relation.class=referenced_class.id
        where referenced_class.kind in ('r', 'v', 'm')
    ),
    relationships as (
        select
            referenced.name as referenced_name,
            referenced.schema as referenced_schema_id,
            dependent_class.name as dependent_name,
            dependent_class.schema as dependent_schema_id,
            referenced.kind as kind
        from referenced
        join dependency on referenced.id=dependency.id
        join class as dependent_class on dependency.ref=dependent_class.id
        where
            (referenced.name != dependent_class.name or
             referenced.schema != dependent_class.schema)
    )

    select
        referenced_schema.name as referenced_schema,
        relationships.referenced_name as referenced_name,
        dependent_schema.name as dependent_schema,
        relationships.dependent_name as dependent_name
    from relationships
    join schema as dependent_schema on relationships.dependent_schema_id=dependent_schema.id
    join schema as referenced_schema on relationships.referenced_schema_id=referenced_schema.id
    group by referenced_schema, referenced_name, dependent_schema, dependent_name
    order by referenced_schema, referenced_name, dependent_schema, dependent_name;
[0m05:08:53.636912 [debug] [MainThread]: SQL status: SELECT 0 in 0.011 seconds
[0m05:08:53.638420 [debug] [MainThread]: Sending event: {'category': 'dbt', 'action': 'runnable_timing', 'label': 'b8753a78-7159-448e-9c00-0253a6f41c71', 'context': [<snowplow_tracker.self_describing_json.SelfDescribingJson object at 0x749dd1bae610>]}
[0m05:08:53.639441 [debug] [MainThread]: On master: ROLLBACK
[0m05:08:53.640449 [debug] [MainThread]: Using postgres connection "master"
[0m05:08:53.641295 [debug] [MainThread]: On master: BEGIN
[0m05:08:53.642204 [debug] [MainThread]: SQL status: BEGIN in 0.000 seconds
[0m05:08:53.643152 [debug] [MainThread]: On master: COMMIT
[0m05:08:53.644063 [debug] [MainThread]: Using postgres connection "master"
[0m05:08:53.644897 [debug] [MainThread]: On master: COMMIT
[0m05:08:53.645965 [debug] [MainThread]: SQL status: COMMIT in 0.000 seconds
[0m05:08:53.646832 [debug] [MainThread]: On master: Close
[0m05:08:53.653025 [debug] [Thread-1  ]: Began running node model.dbt_ecommerce.stg_ecom
[0m05:08:53.654188 [info ] [Thread-1  ]: 1 of 5 START sql view model public.stg_ecom .................................... [RUN]
[0m05:08:53.655220 [debug] [Thread-1  ]: Re-using an available connection from the pool (formerly list_airflow_public, now model.dbt_ecommerce.stg_ecom)
[0m05:08:53.655860 [debug] [Thread-1  ]: Began compiling node model.dbt_ecommerce.stg_ecom
[0m05:08:53.661295 [debug] [Thread-1  ]: Writing injected SQL for node "model.dbt_ecommerce.stg_ecom"
[0m05:08:53.674874 [debug] [Thread-1  ]: Began executing node model.dbt_ecommerce.stg_ecom
[0m05:08:53.702128 [debug] [Thread-1  ]: Writing runtime sql for node "model.dbt_ecommerce.stg_ecom"
[0m05:08:53.717938 [debug] [Thread-1  ]: Using postgres connection "model.dbt_ecommerce.stg_ecom"
[0m05:08:53.718766 [debug] [Thread-1  ]: On model.dbt_ecommerce.stg_ecom: BEGIN
[0m05:08:53.719333 [debug] [Thread-1  ]: Opening a new connection, currently in state closed
[0m05:08:53.723965 [debug] [Thread-1  ]: SQL status: BEGIN in 0.005 seconds
[0m05:08:53.724603 [debug] [Thread-1  ]: Using postgres connection "model.dbt_ecommerce.stg_ecom"
[0m05:08:53.725218 [debug] [Thread-1  ]: On model.dbt_ecommerce.stg_ecom: /* {"app": "dbt", "dbt_version": "1.9.0b2", "profile_name": "dbt_ecommerce", "target_name": "dev", "node_id": "model.dbt_ecommerce.stg_ecom"} */

  create view "airflow"."public"."stg_ecom__dbt_tmp"
    
    
  as (
    SELECT
    "invoice_no"     AS invoice_no,
    "stockCode"     AS stock_code,
    "description"   AS description,
    "quantity"      AS quantity,
    "invoiceDate"::timestamp AS invoice_date,
    "unitPrice"     AS unit_price,
    "customerID"::int AS customer_id,
    "country"       AS country,
    "quantity" * "unitPrice" AS total_price,
    TO_CHAR("invoiceDate"::timestamp, 'YYYY-MM') AS invoice_month
FROM ecommerce_sales
WHERE "customerID" IS NOT NULL
  AND "quantity" > 0
  AND "unitPrice" > 0
  );
[0m05:08:53.726234 [debug] [Thread-1  ]: Postgres adapter: Postgres error: column "stockCode" does not exist
LINE 9:     "stockCode"     AS stock_code,
            ^
HINT:  Perhaps you meant to reference the column "ecommerce_sales.stock_code".

[0m05:08:53.726675 [debug] [Thread-1  ]: On model.dbt_ecommerce.stg_ecom: ROLLBACK
[0m05:08:53.727614 [debug] [Thread-1  ]: On model.dbt_ecommerce.stg_ecom: Close
[0m05:08:53.729682 [debug] [Thread-1  ]: Database Error in model stg_ecom (models/stg_ecom.sql)
  column "stockCode" does not exist
  LINE 9:     "stockCode"     AS stock_code,
              ^
  HINT:  Perhaps you meant to reference the column "ecommerce_sales.stock_code".
  compiled code at target/run/dbt_ecommerce/models/stg_ecom.sql
[0m05:08:53.731142 [debug] [Thread-1  ]: Sending event: {'category': 'dbt', 'action': 'run_model', 'label': 'b8753a78-7159-448e-9c00-0253a6f41c71', 'context': [<snowplow_tracker.self_describing_json.SelfDescribingJson object at 0x749dd12bfd60>]}
[0m05:08:53.732264 [error] [Thread-1  ]: 1 of 5 ERROR creating sql view model public.stg_ecom ........................... [[31mERROR[0m in 0.08s]
[0m05:08:53.733116 [debug] [Thread-1  ]: Finished running node model.dbt_ecommerce.stg_ecom
[0m05:08:53.734053 [debug] [Thread-4  ]: Marking all children of 'model.dbt_ecommerce.stg_ecom' to be skipped because of status 'error'.  Reason: Database Error in model stg_ecom (models/stg_ecom.sql)
  column "stockCode" does not exist
  LINE 9:     "stockCode"     AS stock_code,
              ^
  HINT:  Perhaps you meant to reference the column "ecommerce_sales.stock_code".
  compiled code at target/run/dbt_ecommerce/models/stg_ecom.sql.
[0m05:08:53.735047 [debug] [Thread-1  ]: Began running node model.dbt_ecommerce.ecom_monthly_revenue
[0m05:08:53.735671 [info ] [Thread-1  ]: 2 of 5 SKIP relation public.ecom_monthly_revenue ............................... [[33mSKIP[0m]
[0m05:08:53.736490 [debug] [Thread-1  ]: Finished running node model.dbt_ecommerce.ecom_monthly_revenue
[0m05:08:53.737030 [debug] [Thread-1  ]: Began running node model.dbt_ecommerce.ecom_sales_by_country
[0m05:08:53.737674 [info ] [Thread-1  ]: 3 of 5 SKIP relation public.ecom_sales_by_country .............................. [[33mSKIP[0m]
[0m05:08:53.738213 [debug] [Thread-1  ]: Finished running node model.dbt_ecommerce.ecom_sales_by_country
[0m05:08:53.738760 [debug] [Thread-1  ]: Began running node model.dbt_ecommerce.ecom_top_customers
[0m05:08:53.739286 [info ] [Thread-1  ]: 4 of 5 SKIP relation public.ecom_top_customers ................................. [[33mSKIP[0m]
[0m05:08:53.739902 [debug] [Thread-1  ]: Finished running node model.dbt_ecommerce.ecom_top_customers
[0m05:08:53.740879 [debug] [Thread-1  ]: Began running node model.dbt_ecommerce.ecom_top_product
[0m05:08:53.741577 [info ] [Thread-1  ]: 5 of 5 SKIP relation public.ecom_top_product ................................... [[33mSKIP[0m]
[0m05:08:53.742292 [debug] [Thread-1  ]: Finished running node model.dbt_ecommerce.ecom_top_product
[0m05:08:53.744110 [debug] [MainThread]: Using postgres connection "master"
[0m05:08:53.744981 [debug] [MainThread]: On master: BEGIN
[0m05:08:53.745563 [debug] [MainThread]: Opening a new connection, currently in state closed
[0m05:08:53.751960 [debug] [MainThread]: SQL status: BEGIN in 0.006 seconds
[0m05:08:53.752773 [debug] [MainThread]: On master: COMMIT
[0m05:08:53.753427 [debug] [MainThread]: Using postgres connection "master"
[0m05:08:53.754184 [debug] [MainThread]: On master: COMMIT
[0m05:08:53.754939 [debug] [MainThread]: SQL status: COMMIT in 0.000 seconds
[0m05:08:53.755614 [debug] [MainThread]: On master: Close
[0m05:08:53.756437 [debug] [MainThread]: Connection 'master' was properly closed.
[0m05:08:53.757088 [debug] [MainThread]: Connection 'model.dbt_ecommerce.stg_ecom' was properly closed.
[0m05:08:53.757932 [info ] [MainThread]: 
[0m05:08:53.758570 [info ] [MainThread]: Finished running 5 view models in 0 hours 0 minutes and 0.21 seconds (0.21s).
[0m05:08:53.759474 [debug] [MainThread]: Command end result
[0m05:08:53.814343 [info ] [MainThread]: 
[0m05:08:53.815098 [info ] [MainThread]: [31mCompleted with 1 error, 0 partial successs, and 0 warnings:[0m
[0m05:08:53.815730 [info ] [MainThread]: 
[0m05:08:53.816558 [error] [MainThread]:   Database Error in model stg_ecom (models/stg_ecom.sql)
  column "stockCode" does not exist
  LINE 9:     "stockCode"     AS stock_code,
              ^
  HINT:  Perhaps you meant to reference the column "ecommerce_sales.stock_code".
  compiled code at target/run/dbt_ecommerce/models/stg_ecom.sql
[0m05:08:53.817275 [info ] [MainThread]: 
[0m05:08:53.817899 [info ] [MainThread]: Done. PASS=0 WARN=0 ERROR=1 SKIP=4 TOTAL=5
[0m05:08:53.818979 [debug] [MainThread]: Resource report: {"command_name": "run", "command_wall_clock_time": 1.0320107, "process_user_time": 1.407756, "process_kernel_time": 0.114584, "process_mem_max_rss": "108596", "command_success": false, "process_in_blocks": "0", "process_out_blocks": "0"}
[0m05:08:53.819781 [debug] [MainThread]: Command `dbt run` failed at 05:08:53.819692 after 1.03 seconds
[0m05:08:53.820384 [debug] [MainThread]: Sending event: {'category': 'dbt', 'action': 'invocation', 'label': 'end', 'context': [<snowplow_tracker.self_describing_json.SelfDescribingJson object at 0x749dd3f67640>, <snowplow_tracker.self_describing_json.SelfDescribingJson object at 0x749dd5296250>, <snowplow_tracker.self_describing_json.SelfDescribingJson object at 0x749dd0ece5b0>]}
[0m05:08:53.821023 [debug] [MainThread]: Flushing usage events
[0m05:08:55.018755 [debug] [MainThread]: An error was encountered while trying to flush usage events
[0m05:09:07.019037 [debug] [MainThread]: Sending event: {'category': 'dbt', 'action': 'invocation', 'label': 'start', 'context': [<snowplow_tracker.self_describing_json.SelfDescribingJson object at 0x7d6b341275b0>, <snowplow_tracker.self_describing_json.SelfDescribingJson object at 0x7d6b33624100>, <snowplow_tracker.self_describing_json.SelfDescribingJson object at 0x7d6b33901b80>]}


============================== 05:09:07.025405 | 66492858-41db-4143-87e2-e8b45596807d ==============================
[0m05:09:07.025405 [info ] [MainThread]: Running with dbt=1.9.0-b2
[0m05:09:07.026302 [debug] [MainThread]: running dbt with arguments {'printer_width': '80', 'indirect_selection': 'eager', 'log_cache_events': 'False', 'write_json': 'True', 'partial_parse': 'True', 'cache_selected_only': 'False', 'profiles_dir': '/home/airflow/.dbt', 'debug': 'False', 'version_check': 'True', 'log_path': '/opt/airflow/dbt_ecommerce/logs', 'warn_error': 'None', 'fail_fast': 'False', 'use_colors': 'True', 'use_experimental_parser': 'False', 'no_print': 'None', 'quiet': 'False', 'empty': 'False', 'log_format': 'default', 'invocation_command': 'dbt run', 'introspect': 'True', 'static_parser': 'True', 'target_path': 'None', 'warn_error_options': 'WarnErrorOptions(include=[], exclude=[])', 'send_anonymous_usage_stats': 'True'}
[0m05:09:07.198198 [debug] [MainThread]: Sending event: {'category': 'dbt', 'action': 'project_id', 'label': '66492858-41db-4143-87e2-e8b45596807d', 'context': [<snowplow_tracker.self_describing_json.SelfDescribingJson object at 0x7d6b329cfa60>]}
[0m05:09:07.241542 [debug] [MainThread]: Sending event: {'category': 'dbt', 'action': 'adapter_info', 'label': '66492858-41db-4143-87e2-e8b45596807d', 'context': [<snowplow_tracker.self_describing_json.SelfDescribingJson object at 0x7d6b3360df40>]}
[0m05:09:07.242866 [info ] [MainThread]: Registered adapter: postgres=1.8.2
[0m05:09:07.255348 [debug] [MainThread]: checksum: 4cfbbe2a671212f062e88a43cba5322b30b7e3e8e91b953aa4de249eeaade60f, vars: {}, profile: , target: , version: 1.9.0b2
[0m05:09:07.436244 [debug] [MainThread]: Partial parsing enabled: 0 files deleted, 0 files added, 1 files changed.
[0m05:09:07.437197 [debug] [MainThread]: Partial parsing: updated file: dbt_ecommerce://models/stg_ecom.sql
[0m05:09:07.614288 [debug] [MainThread]: Sending event: {'category': 'dbt', 'action': 'load_project', 'label': '66492858-41db-4143-87e2-e8b45596807d', 'context': [<snowplow_tracker.self_describing_json.SelfDescribingJson object at 0x7d6b320af7f0>]}
[0m05:09:07.723378 [debug] [MainThread]: Sending event: {'category': 'dbt', 'action': 'resource_counts', 'label': '66492858-41db-4143-87e2-e8b45596807d', 'context': [<snowplow_tracker.self_describing_json.SelfDescribingJson object at 0x7d6b31dbdf40>]}
[0m05:09:07.724163 [info ] [MainThread]: Found 5 models, 423 macros
[0m05:09:07.725071 [debug] [MainThread]: Sending event: {'category': 'dbt', 'action': 'runnable_timing', 'label': '66492858-41db-4143-87e2-e8b45596807d', 'context': [<snowplow_tracker.self_describing_json.SelfDescribingJson object at 0x7d6b325d81f0>]}
[0m05:09:07.726794 [info ] [MainThread]: 
[0m05:09:07.727736 [info ] [MainThread]: Concurrency: 1 threads (target='dev')
[0m05:09:07.728541 [info ] [MainThread]: 
[0m05:09:07.729670 [debug] [MainThread]: Acquiring new postgres connection 'master'
[0m05:09:07.733614 [debug] [ThreadPool]: Acquiring new postgres connection 'list_airflow'
[0m05:09:07.761140 [debug] [ThreadPool]: Using postgres connection "list_airflow"
[0m05:09:07.762188 [debug] [ThreadPool]: On list_airflow: /* {"app": "dbt", "dbt_version": "1.9.0b2", "profile_name": "dbt_ecommerce", "target_name": "dev", "connection_name": "list_airflow"} */

    select distinct nspname from pg_namespace
  
[0m05:09:07.763053 [debug] [ThreadPool]: Opening a new connection, currently in state init
[0m05:09:07.769481 [debug] [ThreadPool]: SQL status: SELECT 4 in 0.006 seconds
[0m05:09:07.770985 [debug] [ThreadPool]: On list_airflow: Close
[0m05:09:07.773218 [debug] [ThreadPool]: Re-using an available connection from the pool (formerly list_airflow, now list_airflow_public)
[0m05:09:07.778523 [debug] [ThreadPool]: Using postgres connection "list_airflow_public"
[0m05:09:07.779246 [debug] [ThreadPool]: On list_airflow_public: BEGIN
[0m05:09:07.779913 [debug] [ThreadPool]: Opening a new connection, currently in state closed
[0m05:09:07.785037 [debug] [ThreadPool]: SQL status: BEGIN in 0.005 seconds
[0m05:09:07.785887 [debug] [ThreadPool]: Using postgres connection "list_airflow_public"
[0m05:09:07.786351 [debug] [ThreadPool]: On list_airflow_public: /* {"app": "dbt", "dbt_version": "1.9.0b2", "profile_name": "dbt_ecommerce", "target_name": "dev", "connection_name": "list_airflow_public"} */
select
      'airflow' as database,
      tablename as name,
      schemaname as schema,
      'table' as type
    from pg_tables
    where schemaname ilike 'public'
    union all
    select
      'airflow' as database,
      viewname as name,
      schemaname as schema,
      'view' as type
    from pg_views
    where schemaname ilike 'public'
    union all
    select
      'airflow' as database,
      matviewname as name,
      schemaname as schema,
      'materialized_view' as type
    from pg_matviews
    where schemaname ilike 'public'
  
[0m05:09:07.789175 [debug] [ThreadPool]: SQL status: SELECT 47 in 0.002 seconds
[0m05:09:07.791079 [debug] [ThreadPool]: On list_airflow_public: ROLLBACK
[0m05:09:07.792121 [debug] [ThreadPool]: On list_airflow_public: Close
[0m05:09:07.801190 [debug] [MainThread]: Using postgres connection "master"
[0m05:09:07.801833 [debug] [MainThread]: On master: BEGIN
[0m05:09:07.802658 [debug] [MainThread]: Opening a new connection, currently in state init
[0m05:09:07.807214 [debug] [MainThread]: SQL status: BEGIN in 0.004 seconds
[0m05:09:07.808017 [debug] [MainThread]: Using postgres connection "master"
[0m05:09:07.808834 [debug] [MainThread]: On master: /* {"app": "dbt", "dbt_version": "1.9.0b2", "profile_name": "dbt_ecommerce", "target_name": "dev", "connection_name": "master"} */
with relation as (
        select
            pg_rewrite.ev_class as class,
            pg_rewrite.oid as id
        from pg_rewrite
    ),
    class as (
        select
            oid as id,
            relname as name,
            relnamespace as schema,
            relkind as kind
        from pg_class
    ),
    dependency as (
        select distinct
            pg_depend.objid as id,
            pg_depend.refobjid as ref
        from pg_depend
    ),
    schema as (
        select
            pg_namespace.oid as id,
            pg_namespace.nspname as name
        from pg_namespace
        where nspname != 'information_schema' and nspname not like 'pg\_%'
    ),
    referenced as (
        select
            relation.id AS id,
            referenced_class.name ,
            referenced_class.schema ,
            referenced_class.kind
        from relation
        join class as referenced_class on relation.class=referenced_class.id
        where referenced_class.kind in ('r', 'v', 'm')
    ),
    relationships as (
        select
            referenced.name as referenced_name,
            referenced.schema as referenced_schema_id,
            dependent_class.name as dependent_name,
            dependent_class.schema as dependent_schema_id,
            referenced.kind as kind
        from referenced
        join dependency on referenced.id=dependency.id
        join class as dependent_class on dependency.ref=dependent_class.id
        where
            (referenced.name != dependent_class.name or
             referenced.schema != dependent_class.schema)
    )

    select
        referenced_schema.name as referenced_schema,
        relationships.referenced_name as referenced_name,
        dependent_schema.name as dependent_schema,
        relationships.dependent_name as dependent_name
    from relationships
    join schema as dependent_schema on relationships.dependent_schema_id=dependent_schema.id
    join schema as referenced_schema on relationships.referenced_schema_id=referenced_schema.id
    group by referenced_schema, referenced_name, dependent_schema, dependent_name
    order by referenced_schema, referenced_name, dependent_schema, dependent_name;
[0m05:09:07.821338 [debug] [MainThread]: SQL status: SELECT 0 in 0.012 seconds
[0m05:09:07.822625 [debug] [MainThread]: Sending event: {'category': 'dbt', 'action': 'runnable_timing', 'label': '66492858-41db-4143-87e2-e8b45596807d', 'context': [<snowplow_tracker.self_describing_json.SelfDescribingJson object at 0x7d6b31d6e580>]}
[0m05:09:07.823380 [debug] [MainThread]: On master: ROLLBACK
[0m05:09:07.824249 [debug] [MainThread]: Using postgres connection "master"
[0m05:09:07.824672 [debug] [MainThread]: On master: BEGIN
[0m05:09:07.825363 [debug] [MainThread]: SQL status: BEGIN in 0.000 seconds
[0m05:09:07.825908 [debug] [MainThread]: On master: COMMIT
[0m05:09:07.826296 [debug] [MainThread]: Using postgres connection "master"
[0m05:09:07.826820 [debug] [MainThread]: On master: COMMIT
[0m05:09:07.827293 [debug] [MainThread]: SQL status: COMMIT in 0.000 seconds
[0m05:09:07.827786 [debug] [MainThread]: On master: Close
[0m05:09:07.833565 [debug] [Thread-1  ]: Began running node model.dbt_ecommerce.stg_ecom
[0m05:09:07.834395 [info ] [Thread-1  ]: 1 of 5 START sql view model public.stg_ecom .................................... [RUN]
[0m05:09:07.835188 [debug] [Thread-1  ]: Re-using an available connection from the pool (formerly list_airflow_public, now model.dbt_ecommerce.stg_ecom)
[0m05:09:07.835988 [debug] [Thread-1  ]: Began compiling node model.dbt_ecommerce.stg_ecom
[0m05:09:07.841533 [debug] [Thread-1  ]: Writing injected SQL for node "model.dbt_ecommerce.stg_ecom"
[0m05:09:07.853440 [debug] [Thread-1  ]: Began executing node model.dbt_ecommerce.stg_ecom
[0m05:09:07.880997 [debug] [Thread-1  ]: Writing runtime sql for node "model.dbt_ecommerce.stg_ecom"
[0m05:09:07.892795 [debug] [Thread-1  ]: Using postgres connection "model.dbt_ecommerce.stg_ecom"
[0m05:09:07.893570 [debug] [Thread-1  ]: On model.dbt_ecommerce.stg_ecom: BEGIN
[0m05:09:07.894282 [debug] [Thread-1  ]: Opening a new connection, currently in state closed
[0m05:09:07.898902 [debug] [Thread-1  ]: SQL status: BEGIN in 0.005 seconds
[0m05:09:07.899598 [debug] [Thread-1  ]: Using postgres connection "model.dbt_ecommerce.stg_ecom"
[0m05:09:07.900229 [debug] [Thread-1  ]: On model.dbt_ecommerce.stg_ecom: /* {"app": "dbt", "dbt_version": "1.9.0b2", "profile_name": "dbt_ecommerce", "target_name": "dev", "node_id": "model.dbt_ecommerce.stg_ecom"} */

  create view "airflow"."public"."stg_ecom__dbt_tmp"
    
    
  as (
    SELECT
    "invoice_no"     AS invoice_no,
    "stock_code"     AS stock_code,
    "description"   AS description,
    "quantity"      AS quantity,
    "invoice_date"::timestamp AS invoice_date,
    "unit_price"     AS unit_price,
    "customer_id"::int AS customer_id,
    "country"       AS country,
    "quantity" * "unit_price" AS total_price,
    TO_CHAR("invoice_date"::timestamp, 'YYYY-MM') AS invoice_month
FROM ecommerce_sales
WHERE "customerID" IS NOT NULL
  AND "quantity" > 0
  AND "unitPrice" > 0
  );
[0m05:09:07.902602 [debug] [Thread-1  ]: Postgres adapter: Postgres error: column "customerID" does not exist
LINE 19: WHERE "customerID" IS NOT NULL
               ^
HINT:  Perhaps you meant to reference the column "ecommerce_sales.customer_id".

[0m05:09:07.903248 [debug] [Thread-1  ]: On model.dbt_ecommerce.stg_ecom: ROLLBACK
[0m05:09:07.904169 [debug] [Thread-1  ]: On model.dbt_ecommerce.stg_ecom: Close
[0m05:09:07.906112 [debug] [Thread-1  ]: Database Error in model stg_ecom (models/stg_ecom.sql)
  column "customerID" does not exist
  LINE 19: WHERE "customerID" IS NOT NULL
                 ^
  HINT:  Perhaps you meant to reference the column "ecommerce_sales.customer_id".
  compiled code at target/run/dbt_ecommerce/models/stg_ecom.sql
[0m05:09:07.907810 [debug] [Thread-1  ]: Sending event: {'category': 'dbt', 'action': 'run_model', 'label': '66492858-41db-4143-87e2-e8b45596807d', 'context': [<snowplow_tracker.self_describing_json.SelfDescribingJson object at 0x7d6b31082ca0>]}
[0m05:09:07.908975 [error] [Thread-1  ]: 1 of 5 ERROR creating sql view model public.stg_ecom ........................... [[31mERROR[0m in 0.07s]
[0m05:09:07.909949 [debug] [Thread-1  ]: Finished running node model.dbt_ecommerce.stg_ecom
[0m05:09:07.910742 [debug] [Thread-4  ]: Marking all children of 'model.dbt_ecommerce.stg_ecom' to be skipped because of status 'error'.  Reason: Database Error in model stg_ecom (models/stg_ecom.sql)
  column "customerID" does not exist
  LINE 19: WHERE "customerID" IS NOT NULL
                 ^
  HINT:  Perhaps you meant to reference the column "ecommerce_sales.customer_id".
  compiled code at target/run/dbt_ecommerce/models/stg_ecom.sql.
[0m05:09:07.911980 [debug] [Thread-1  ]: Began running node model.dbt_ecommerce.ecom_monthly_revenue
[0m05:09:07.912672 [info ] [Thread-1  ]: 2 of 5 SKIP relation public.ecom_monthly_revenue ............................... [[33mSKIP[0m]
[0m05:09:07.913273 [debug] [Thread-1  ]: Finished running node model.dbt_ecommerce.ecom_monthly_revenue
[0m05:09:07.913924 [debug] [Thread-1  ]: Began running node model.dbt_ecommerce.ecom_sales_by_country
[0m05:09:07.914410 [info ] [Thread-1  ]: 3 of 5 SKIP relation public.ecom_sales_by_country .............................. [[33mSKIP[0m]
[0m05:09:07.915078 [debug] [Thread-1  ]: Finished running node model.dbt_ecommerce.ecom_sales_by_country
[0m05:09:07.915597 [debug] [Thread-1  ]: Began running node model.dbt_ecommerce.ecom_top_customers
[0m05:09:07.916148 [info ] [Thread-1  ]: 4 of 5 SKIP relation public.ecom_top_customers ................................. [[33mSKIP[0m]
[0m05:09:07.916824 [debug] [Thread-1  ]: Finished running node model.dbt_ecommerce.ecom_top_customers
[0m05:09:07.917304 [debug] [Thread-1  ]: Began running node model.dbt_ecommerce.ecom_top_product
[0m05:09:07.917877 [info ] [Thread-1  ]: 5 of 5 SKIP relation public.ecom_top_product ................................... [[33mSKIP[0m]
[0m05:09:07.918453 [debug] [Thread-1  ]: Finished running node model.dbt_ecommerce.ecom_top_product
[0m05:09:07.920082 [debug] [MainThread]: Using postgres connection "master"
[0m05:09:07.920731 [debug] [MainThread]: On master: BEGIN
[0m05:09:07.921164 [debug] [MainThread]: Opening a new connection, currently in state closed
[0m05:09:07.926512 [debug] [MainThread]: SQL status: BEGIN in 0.005 seconds
[0m05:09:07.927379 [debug] [MainThread]: On master: COMMIT
[0m05:09:07.928124 [debug] [MainThread]: Using postgres connection "master"
[0m05:09:07.928737 [debug] [MainThread]: On master: COMMIT
[0m05:09:07.929380 [debug] [MainThread]: SQL status: COMMIT in 0.000 seconds
[0m05:09:07.929895 [debug] [MainThread]: On master: Close
[0m05:09:07.930633 [debug] [MainThread]: Connection 'master' was properly closed.
[0m05:09:07.931327 [debug] [MainThread]: Connection 'model.dbt_ecommerce.stg_ecom' was properly closed.
[0m05:09:07.932006 [info ] [MainThread]: 
[0m05:09:07.932569 [info ] [MainThread]: Finished running 5 view models in 0 hours 0 minutes and 0.20 seconds (0.20s).
[0m05:09:07.933625 [debug] [MainThread]: Command end result
[0m05:09:07.991088 [info ] [MainThread]: 
[0m05:09:07.992105 [info ] [MainThread]: [31mCompleted with 1 error, 0 partial successs, and 0 warnings:[0m
[0m05:09:07.992849 [info ] [MainThread]: 
[0m05:09:07.993597 [error] [MainThread]:   Database Error in model stg_ecom (models/stg_ecom.sql)
  column "customerID" does not exist
  LINE 19: WHERE "customerID" IS NOT NULL
                 ^
  HINT:  Perhaps you meant to reference the column "ecommerce_sales.customer_id".
  compiled code at target/run/dbt_ecommerce/models/stg_ecom.sql
[0m05:09:07.994085 [info ] [MainThread]: 
[0m05:09:07.994684 [info ] [MainThread]: Done. PASS=0 WARN=0 ERROR=1 SKIP=4 TOTAL=5
[0m05:09:07.995843 [debug] [MainThread]: Resource report: {"command_name": "run", "command_wall_clock_time": 1.0306641, "process_user_time": 1.443194, "process_kernel_time": 0.103941, "process_mem_max_rss": "108544", "command_success": false, "process_in_blocks": "0", "process_out_blocks": "0"}
[0m05:09:07.996804 [debug] [MainThread]: Command `dbt run` failed at 05:09:07.996703 after 1.03 seconds
[0m05:09:07.997410 [debug] [MainThread]: Sending event: {'category': 'dbt', 'action': 'invocation', 'label': 'end', 'context': [<snowplow_tracker.self_describing_json.SelfDescribingJson object at 0x7d6b341275b0>, <snowplow_tracker.self_describing_json.SelfDescribingJson object at 0x7d6b329cfeb0>, <snowplow_tracker.self_describing_json.SelfDescribingJson object at 0x7d6b310adb50>]}
[0m05:09:07.997939 [debug] [MainThread]: Flushing usage events
[0m05:09:10.178504 [debug] [MainThread]: An error was encountered while trying to flush usage events
[0m05:09:48.242131 [debug] [MainThread]: Sending event: {'category': 'dbt', 'action': 'invocation', 'label': 'start', 'context': [<snowplow_tracker.self_describing_json.SelfDescribingJson object at 0x73b6c9a9e610>, <snowplow_tracker.self_describing_json.SelfDescribingJson object at 0x73b6c981a2b0>, <snowplow_tracker.self_describing_json.SelfDescribingJson object at 0x73b6c8f28a30>]}


============================== 05:09:48.248972 | 4dde81fd-c1b3-48d6-8392-3a0114dedc01 ==============================
[0m05:09:48.248972 [info ] [MainThread]: Running with dbt=1.9.0-b2
[0m05:09:48.249728 [debug] [MainThread]: running dbt with arguments {'printer_width': '80', 'indirect_selection': 'eager', 'write_json': 'True', 'log_cache_events': 'False', 'partial_parse': 'True', 'cache_selected_only': 'False', 'profiles_dir': '/home/airflow/.dbt', 'debug': 'False', 'fail_fast': 'False', 'log_path': '/opt/airflow/dbt_ecommerce/logs', 'warn_error': 'None', 'version_check': 'True', 'use_colors': 'True', 'use_experimental_parser': 'False', 'no_print': 'None', 'quiet': 'False', 'empty': 'False', 'log_format': 'default', 'invocation_command': 'dbt run', 'introspect': 'True', 'warn_error_options': 'WarnErrorOptions(include=[], exclude=[])', 'target_path': 'None', 'static_parser': 'True', 'send_anonymous_usage_stats': 'True'}
[0m05:09:48.434299 [debug] [MainThread]: Sending event: {'category': 'dbt', 'action': 'project_id', 'label': '4dde81fd-c1b3-48d6-8392-3a0114dedc01', 'context': [<snowplow_tracker.self_describing_json.SelfDescribingJson object at 0x73b6cab54220>]}
[0m05:09:48.477096 [debug] [MainThread]: Sending event: {'category': 'dbt', 'action': 'adapter_info', 'label': '4dde81fd-c1b3-48d6-8392-3a0114dedc01', 'context': [<snowplow_tracker.self_describing_json.SelfDescribingJson object at 0x73b6c832ba90>]}
[0m05:09:48.478610 [info ] [MainThread]: Registered adapter: postgres=1.8.2
[0m05:09:48.490726 [debug] [MainThread]: checksum: 4cfbbe2a671212f062e88a43cba5322b30b7e3e8e91b953aa4de249eeaade60f, vars: {}, profile: , target: , version: 1.9.0b2
[0m05:09:48.741325 [debug] [MainThread]: Partial parsing enabled: 0 files deleted, 0 files added, 1 files changed.
[0m05:09:48.742225 [debug] [MainThread]: Partial parsing: updated file: dbt_ecommerce://models/stg_ecom.sql
[0m05:09:48.926382 [debug] [MainThread]: Sending event: {'category': 'dbt', 'action': 'load_project', 'label': '4dde81fd-c1b3-48d6-8392-3a0114dedc01', 'context': [<snowplow_tracker.self_describing_json.SelfDescribingJson object at 0x73b6c77aa850>]}
[0m05:09:49.017404 [debug] [MainThread]: Sending event: {'category': 'dbt', 'action': 'resource_counts', 'label': '4dde81fd-c1b3-48d6-8392-3a0114dedc01', 'context': [<snowplow_tracker.self_describing_json.SelfDescribingJson object at 0x73b6c76fdfa0>]}
[0m05:09:49.024523 [info ] [MainThread]: Found 5 models, 423 macros
[0m05:09:49.025664 [debug] [MainThread]: Sending event: {'category': 'dbt', 'action': 'runnable_timing', 'label': '4dde81fd-c1b3-48d6-8392-3a0114dedc01', 'context': [<snowplow_tracker.self_describing_json.SelfDescribingJson object at 0x73b6c773b0d0>]}
[0m05:09:49.027537 [info ] [MainThread]: 
[0m05:09:49.028316 [info ] [MainThread]: Concurrency: 1 threads (target='dev')
[0m05:09:49.028844 [info ] [MainThread]: 
[0m05:09:49.029609 [debug] [MainThread]: Acquiring new postgres connection 'master'
[0m05:09:49.033278 [debug] [ThreadPool]: Acquiring new postgres connection 'list_airflow'
[0m05:09:49.061208 [debug] [ThreadPool]: Using postgres connection "list_airflow"
[0m05:09:49.061947 [debug] [ThreadPool]: On list_airflow: /* {"app": "dbt", "dbt_version": "1.9.0b2", "profile_name": "dbt_ecommerce", "target_name": "dev", "connection_name": "list_airflow"} */

    select distinct nspname from pg_namespace
  
[0m05:09:49.062624 [debug] [ThreadPool]: Opening a new connection, currently in state init
[0m05:09:49.069039 [debug] [ThreadPool]: SQL status: SELECT 4 in 0.006 seconds
[0m05:09:49.070480 [debug] [ThreadPool]: On list_airflow: Close
[0m05:09:49.072553 [debug] [ThreadPool]: Re-using an available connection from the pool (formerly list_airflow, now list_airflow_public)
[0m05:09:49.077872 [debug] [ThreadPool]: Using postgres connection "list_airflow_public"
[0m05:09:49.078705 [debug] [ThreadPool]: On list_airflow_public: BEGIN
[0m05:09:49.079411 [debug] [ThreadPool]: Opening a new connection, currently in state closed
[0m05:09:49.083874 [debug] [ThreadPool]: SQL status: BEGIN in 0.004 seconds
[0m05:09:49.084701 [debug] [ThreadPool]: Using postgres connection "list_airflow_public"
[0m05:09:49.085515 [debug] [ThreadPool]: On list_airflow_public: /* {"app": "dbt", "dbt_version": "1.9.0b2", "profile_name": "dbt_ecommerce", "target_name": "dev", "connection_name": "list_airflow_public"} */
select
      'airflow' as database,
      tablename as name,
      schemaname as schema,
      'table' as type
    from pg_tables
    where schemaname ilike 'public'
    union all
    select
      'airflow' as database,
      viewname as name,
      schemaname as schema,
      'view' as type
    from pg_views
    where schemaname ilike 'public'
    union all
    select
      'airflow' as database,
      matviewname as name,
      schemaname as schema,
      'materialized_view' as type
    from pg_matviews
    where schemaname ilike 'public'
  
[0m05:09:49.088484 [debug] [ThreadPool]: SQL status: SELECT 47 in 0.002 seconds
[0m05:09:49.090240 [debug] [ThreadPool]: On list_airflow_public: ROLLBACK
[0m05:09:49.091122 [debug] [ThreadPool]: On list_airflow_public: Close
[0m05:09:49.098777 [debug] [MainThread]: Using postgres connection "master"
[0m05:09:49.099507 [debug] [MainThread]: On master: BEGIN
[0m05:09:49.100135 [debug] [MainThread]: Opening a new connection, currently in state init
[0m05:09:49.104291 [debug] [MainThread]: SQL status: BEGIN in 0.004 seconds
[0m05:09:49.105026 [debug] [MainThread]: Using postgres connection "master"
[0m05:09:49.105683 [debug] [MainThread]: On master: /* {"app": "dbt", "dbt_version": "1.9.0b2", "profile_name": "dbt_ecommerce", "target_name": "dev", "connection_name": "master"} */
with relation as (
        select
            pg_rewrite.ev_class as class,
            pg_rewrite.oid as id
        from pg_rewrite
    ),
    class as (
        select
            oid as id,
            relname as name,
            relnamespace as schema,
            relkind as kind
        from pg_class
    ),
    dependency as (
        select distinct
            pg_depend.objid as id,
            pg_depend.refobjid as ref
        from pg_depend
    ),
    schema as (
        select
            pg_namespace.oid as id,
            pg_namespace.nspname as name
        from pg_namespace
        where nspname != 'information_schema' and nspname not like 'pg\_%'
    ),
    referenced as (
        select
            relation.id AS id,
            referenced_class.name ,
            referenced_class.schema ,
            referenced_class.kind
        from relation
        join class as referenced_class on relation.class=referenced_class.id
        where referenced_class.kind in ('r', 'v', 'm')
    ),
    relationships as (
        select
            referenced.name as referenced_name,
            referenced.schema as referenced_schema_id,
            dependent_class.name as dependent_name,
            dependent_class.schema as dependent_schema_id,
            referenced.kind as kind
        from referenced
        join dependency on referenced.id=dependency.id
        join class as dependent_class on dependency.ref=dependent_class.id
        where
            (referenced.name != dependent_class.name or
             referenced.schema != dependent_class.schema)
    )

    select
        referenced_schema.name as referenced_schema,
        relationships.referenced_name as referenced_name,
        dependent_schema.name as dependent_schema,
        relationships.dependent_name as dependent_name
    from relationships
    join schema as dependent_schema on relationships.dependent_schema_id=dependent_schema.id
    join schema as referenced_schema on relationships.referenced_schema_id=referenced_schema.id
    group by referenced_schema, referenced_name, dependent_schema, dependent_name
    order by referenced_schema, referenced_name, dependent_schema, dependent_name;
[0m05:09:49.117925 [debug] [MainThread]: SQL status: SELECT 0 in 0.012 seconds
[0m05:09:49.119718 [debug] [MainThread]: Sending event: {'category': 'dbt', 'action': 'runnable_timing', 'label': '4dde81fd-c1b3-48d6-8392-3a0114dedc01', 'context': [<snowplow_tracker.self_describing_json.SelfDescribingJson object at 0x73b6c76ae5e0>]}
[0m05:09:49.120729 [debug] [MainThread]: On master: ROLLBACK
[0m05:09:49.121765 [debug] [MainThread]: Using postgres connection "master"
[0m05:09:49.122709 [debug] [MainThread]: On master: BEGIN
[0m05:09:49.123724 [debug] [MainThread]: SQL status: BEGIN in 0.000 seconds
[0m05:09:49.124630 [debug] [MainThread]: On master: COMMIT
[0m05:09:49.125451 [debug] [MainThread]: Using postgres connection "master"
[0m05:09:49.126415 [debug] [MainThread]: On master: COMMIT
[0m05:09:49.127338 [debug] [MainThread]: SQL status: COMMIT in 0.000 seconds
[0m05:09:49.128265 [debug] [MainThread]: On master: Close
[0m05:09:49.134199 [debug] [Thread-1  ]: Began running node model.dbt_ecommerce.stg_ecom
[0m05:09:49.135460 [info ] [Thread-1  ]: 1 of 5 START sql view model public.stg_ecom .................................... [RUN]
[0m05:09:49.136374 [debug] [Thread-1  ]: Re-using an available connection from the pool (formerly list_airflow_public, now model.dbt_ecommerce.stg_ecom)
[0m05:09:49.136943 [debug] [Thread-1  ]: Began compiling node model.dbt_ecommerce.stg_ecom
[0m05:09:49.142581 [debug] [Thread-1  ]: Writing injected SQL for node "model.dbt_ecommerce.stg_ecom"
[0m05:09:49.155167 [debug] [Thread-1  ]: Began executing node model.dbt_ecommerce.stg_ecom
[0m05:09:49.183337 [debug] [Thread-1  ]: Writing runtime sql for node "model.dbt_ecommerce.stg_ecom"
[0m05:09:49.199632 [debug] [Thread-1  ]: Using postgres connection "model.dbt_ecommerce.stg_ecom"
[0m05:09:49.200513 [debug] [Thread-1  ]: On model.dbt_ecommerce.stg_ecom: BEGIN
[0m05:09:49.201509 [debug] [Thread-1  ]: Opening a new connection, currently in state closed
[0m05:09:49.207239 [debug] [Thread-1  ]: SQL status: BEGIN in 0.006 seconds
[0m05:09:49.208206 [debug] [Thread-1  ]: Using postgres connection "model.dbt_ecommerce.stg_ecom"
[0m05:09:49.208999 [debug] [Thread-1  ]: On model.dbt_ecommerce.stg_ecom: /* {"app": "dbt", "dbt_version": "1.9.0b2", "profile_name": "dbt_ecommerce", "target_name": "dev", "node_id": "model.dbt_ecommerce.stg_ecom"} */

  create view "airflow"."public"."stg_ecom__dbt_tmp"
    
    
  as (
    SELECT
    "invoice_no"     AS invoice_no,
    "stock_code"     AS stock_code,
    "description"   AS description,
    "quantity"      AS quantity,
    "invoice_date"::timestamp AS invoice_date,
    "unit_price"     AS unit_price,
    "customer_id"::int AS customer_id,
    "country"       AS country,
    "quantity" * "unit_price" AS total_price,
    TO_CHAR("invoice_date"::timestamp, 'YYYY-MM') AS invoice_month
FROM ecommerce_sales
WHERE "customer_id" IS NOT NULL
  AND "quantity" > 0
  AND "unit_price" > 0
  );
[0m05:09:49.219368 [debug] [Thread-1  ]: SQL status: CREATE VIEW in 0.009 seconds
[0m05:09:49.225378 [debug] [Thread-1  ]: Using postgres connection "model.dbt_ecommerce.stg_ecom"
[0m05:09:49.226364 [debug] [Thread-1  ]: On model.dbt_ecommerce.stg_ecom: /* {"app": "dbt", "dbt_version": "1.9.0b2", "profile_name": "dbt_ecommerce", "target_name": "dev", "node_id": "model.dbt_ecommerce.stg_ecom"} */
alter table "airflow"."public"."stg_ecom__dbt_tmp" rename to "stg_ecom"
[0m05:09:49.227548 [debug] [Thread-1  ]: SQL status: ALTER TABLE in 0.001 seconds
[0m05:09:49.239273 [debug] [Thread-1  ]: On model.dbt_ecommerce.stg_ecom: COMMIT
[0m05:09:49.240152 [debug] [Thread-1  ]: Using postgres connection "model.dbt_ecommerce.stg_ecom"
[0m05:09:49.240918 [debug] [Thread-1  ]: On model.dbt_ecommerce.stg_ecom: COMMIT
[0m05:09:49.244228 [debug] [Thread-1  ]: SQL status: COMMIT in 0.002 seconds
[0m05:09:49.250402 [debug] [Thread-1  ]: Applying DROP to: "airflow"."public"."stg_ecom__dbt_backup"
[0m05:09:49.254349 [debug] [Thread-1  ]: Using postgres connection "model.dbt_ecommerce.stg_ecom"
[0m05:09:49.255255 [debug] [Thread-1  ]: On model.dbt_ecommerce.stg_ecom: /* {"app": "dbt", "dbt_version": "1.9.0b2", "profile_name": "dbt_ecommerce", "target_name": "dev", "node_id": "model.dbt_ecommerce.stg_ecom"} */
drop view if exists "airflow"."public"."stg_ecom__dbt_backup" cascade
[0m05:09:49.256902 [debug] [Thread-1  ]: SQL status: DROP VIEW in 0.001 seconds
[0m05:09:49.259263 [debug] [Thread-1  ]: On model.dbt_ecommerce.stg_ecom: Close
[0m05:09:49.261112 [debug] [Thread-1  ]: Sending event: {'category': 'dbt', 'action': 'run_model', 'label': '4dde81fd-c1b3-48d6-8392-3a0114dedc01', 'context': [<snowplow_tracker.self_describing_json.SelfDescribingJson object at 0x73b6c6e666d0>]}
[0m05:09:49.262199 [info ] [Thread-1  ]: 1 of 5 OK created sql view model public.stg_ecom ............................... [[32mCREATE VIEW[0m in 0.12s]
[0m05:09:49.263291 [debug] [Thread-1  ]: Finished running node model.dbt_ecommerce.stg_ecom
[0m05:09:49.264433 [debug] [Thread-1  ]: Began running node model.dbt_ecommerce.ecom_monthly_revenue
[0m05:09:49.265155 [info ] [Thread-1  ]: 2 of 5 START sql view model public.ecom_monthly_revenue ........................ [RUN]
[0m05:09:49.265953 [debug] [Thread-1  ]: Re-using an available connection from the pool (formerly model.dbt_ecommerce.stg_ecom, now model.dbt_ecommerce.ecom_monthly_revenue)
[0m05:09:49.266594 [debug] [Thread-1  ]: Began compiling node model.dbt_ecommerce.ecom_monthly_revenue
[0m05:09:49.269509 [debug] [Thread-1  ]: Writing injected SQL for node "model.dbt_ecommerce.ecom_monthly_revenue"
[0m05:09:49.282998 [debug] [Thread-1  ]: Began executing node model.dbt_ecommerce.ecom_monthly_revenue
[0m05:09:49.288118 [debug] [Thread-1  ]: Writing runtime sql for node "model.dbt_ecommerce.ecom_monthly_revenue"
[0m05:09:49.305116 [debug] [Thread-1  ]: Using postgres connection "model.dbt_ecommerce.ecom_monthly_revenue"
[0m05:09:49.306444 [debug] [Thread-1  ]: On model.dbt_ecommerce.ecom_monthly_revenue: BEGIN
[0m05:09:49.307214 [debug] [Thread-1  ]: Opening a new connection, currently in state closed
[0m05:09:49.312369 [debug] [Thread-1  ]: SQL status: BEGIN in 0.005 seconds
[0m05:09:49.313323 [debug] [Thread-1  ]: Using postgres connection "model.dbt_ecommerce.ecom_monthly_revenue"
[0m05:09:49.314173 [debug] [Thread-1  ]: On model.dbt_ecommerce.ecom_monthly_revenue: /* {"app": "dbt", "dbt_version": "1.9.0b2", "profile_name": "dbt_ecommerce", "target_name": "dev", "node_id": "model.dbt_ecommerce.ecom_monthly_revenue"} */

  create view "airflow"."public"."ecom_monthly_revenue__dbt_tmp"
    
    
  as (
    SELECT
    invoice_month,
        COUNT(DISTINCT invoice_no) AS total_invoices,
        COUNT(DISTINCT customer_id) AS Unique_customers,
        ROUND(SUM(total_price), 2) AS revenue
FROM "airflow"."public"."stg_ecom"
GROUP BY invoice_month
ORDER BY invoice_month
  );
[0m05:09:49.316660 [debug] [Thread-1  ]: Postgres adapter: Postgres error: function round(double precision, integer) does not exist
LINE 11:         ROUND(SUM(total_price), 2) AS revenue
                 ^
HINT:  No function matches the given name and argument types. You might need to add explicit type casts.

[0m05:09:49.317597 [debug] [Thread-1  ]: On model.dbt_ecommerce.ecom_monthly_revenue: ROLLBACK
[0m05:09:49.318637 [debug] [Thread-1  ]: On model.dbt_ecommerce.ecom_monthly_revenue: Close
[0m05:09:49.320670 [debug] [Thread-1  ]: Database Error in model ecom_monthly_revenue (models/ecom_monthly_revenue.sql)
  function round(double precision, integer) does not exist
  LINE 11:         ROUND(SUM(total_price), 2) AS revenue
                   ^
  HINT:  No function matches the given name and argument types. You might need to add explicit type casts.
  compiled code at target/run/dbt_ecommerce/models/ecom_monthly_revenue.sql
[0m05:09:49.322138 [debug] [Thread-1  ]: Sending event: {'category': 'dbt', 'action': 'run_model', 'label': '4dde81fd-c1b3-48d6-8392-3a0114dedc01', 'context': [<snowplow_tracker.self_describing_json.SelfDescribingJson object at 0x73b6c6e66250>]}
[0m05:09:49.323228 [error] [Thread-1  ]: 2 of 5 ERROR creating sql view model public.ecom_monthly_revenue ............... [[31mERROR[0m in 0.06s]
[0m05:09:49.324351 [debug] [Thread-1  ]: Finished running node model.dbt_ecommerce.ecom_monthly_revenue
[0m05:09:49.325011 [debug] [Thread-1  ]: Began running node model.dbt_ecommerce.ecom_sales_by_country
[0m05:09:49.325455 [debug] [Thread-4  ]: Marking all children of 'model.dbt_ecommerce.ecom_monthly_revenue' to be skipped because of status 'error'.  Reason: Database Error in model ecom_monthly_revenue (models/ecom_monthly_revenue.sql)
  function round(double precision, integer) does not exist
  LINE 11:         ROUND(SUM(total_price), 2) AS revenue
                   ^
  HINT:  No function matches the given name and argument types. You might need to add explicit type casts.
  compiled code at target/run/dbt_ecommerce/models/ecom_monthly_revenue.sql.
[0m05:09:49.325892 [info ] [Thread-1  ]: 3 of 5 START sql view model public.ecom_sales_by_country ....................... [RUN]
[0m05:09:49.327314 [debug] [Thread-1  ]: Re-using an available connection from the pool (formerly model.dbt_ecommerce.ecom_monthly_revenue, now model.dbt_ecommerce.ecom_sales_by_country)
[0m05:09:49.327846 [debug] [Thread-1  ]: Began compiling node model.dbt_ecommerce.ecom_sales_by_country
[0m05:09:49.330645 [debug] [Thread-1  ]: Writing injected SQL for node "model.dbt_ecommerce.ecom_sales_by_country"
[0m05:09:49.345181 [debug] [Thread-1  ]: Began executing node model.dbt_ecommerce.ecom_sales_by_country
[0m05:09:49.349701 [debug] [Thread-1  ]: Writing runtime sql for node "model.dbt_ecommerce.ecom_sales_by_country"
[0m05:09:49.366973 [debug] [Thread-1  ]: Using postgres connection "model.dbt_ecommerce.ecom_sales_by_country"
[0m05:09:49.367959 [debug] [Thread-1  ]: On model.dbt_ecommerce.ecom_sales_by_country: BEGIN
[0m05:09:49.368817 [debug] [Thread-1  ]: Opening a new connection, currently in state closed
[0m05:09:49.373814 [debug] [Thread-1  ]: SQL status: BEGIN in 0.005 seconds
[0m05:09:49.374962 [debug] [Thread-1  ]: Using postgres connection "model.dbt_ecommerce.ecom_sales_by_country"
[0m05:09:49.376430 [debug] [Thread-1  ]: On model.dbt_ecommerce.ecom_sales_by_country: /* {"app": "dbt", "dbt_version": "1.9.0b2", "profile_name": "dbt_ecommerce", "target_name": "dev", "node_id": "model.dbt_ecommerce.ecom_sales_by_country"} */

  create view "airflow"."public"."ecom_sales_by_country__dbt_tmp"
    
    
  as (
    SELECT
    country,
    COUNT(DISTINCT invoice_no)          AS total_orders,
    COUNT(DISTINCT customer_id)         AS unique_customers,
    ROUND(SUM(total_price)::numeric, 2) AS total_revenue
FROM "airflow"."public"."stg_ecom"
GROUP BY country
ORDER BY total_revenue DESC
  );
[0m05:09:49.379350 [debug] [Thread-1  ]: SQL status: CREATE VIEW in 0.002 seconds
[0m05:09:49.382506 [debug] [Thread-1  ]: Using postgres connection "model.dbt_ecommerce.ecom_sales_by_country"
[0m05:09:49.383309 [debug] [Thread-1  ]: On model.dbt_ecommerce.ecom_sales_by_country: /* {"app": "dbt", "dbt_version": "1.9.0b2", "profile_name": "dbt_ecommerce", "target_name": "dev", "node_id": "model.dbt_ecommerce.ecom_sales_by_country"} */
alter table "airflow"."public"."ecom_sales_by_country__dbt_tmp" rename to "ecom_sales_by_country"
[0m05:09:49.384555 [debug] [Thread-1  ]: SQL status: ALTER TABLE in 0.000 seconds
[0m05:09:49.386099 [debug] [Thread-1  ]: On model.dbt_ecommerce.ecom_sales_by_country: COMMIT
[0m05:09:49.386707 [debug] [Thread-1  ]: Using postgres connection "model.dbt_ecommerce.ecom_sales_by_country"
[0m05:09:49.387343 [debug] [Thread-1  ]: On model.dbt_ecommerce.ecom_sales_by_country: COMMIT
[0m05:09:49.390053 [debug] [Thread-1  ]: SQL status: COMMIT in 0.002 seconds
[0m05:09:49.392449 [debug] [Thread-1  ]: Applying DROP to: "airflow"."public"."ecom_sales_by_country__dbt_backup"
[0m05:09:49.393487 [debug] [Thread-1  ]: Using postgres connection "model.dbt_ecommerce.ecom_sales_by_country"
[0m05:09:49.394195 [debug] [Thread-1  ]: On model.dbt_ecommerce.ecom_sales_by_country: /* {"app": "dbt", "dbt_version": "1.9.0b2", "profile_name": "dbt_ecommerce", "target_name": "dev", "node_id": "model.dbt_ecommerce.ecom_sales_by_country"} */
drop view if exists "airflow"."public"."ecom_sales_by_country__dbt_backup" cascade
[0m05:09:49.395190 [debug] [Thread-1  ]: SQL status: DROP VIEW in 0.000 seconds
[0m05:09:49.396503 [debug] [Thread-1  ]: On model.dbt_ecommerce.ecom_sales_by_country: Close
[0m05:09:49.397413 [debug] [Thread-1  ]: Sending event: {'category': 'dbt', 'action': 'run_model', 'label': '4dde81fd-c1b3-48d6-8392-3a0114dedc01', 'context': [<snowplow_tracker.self_describing_json.SelfDescribingJson object at 0x73b6c6e5f130>]}
[0m05:09:49.398299 [info ] [Thread-1  ]: 3 of 5 OK created sql view model public.ecom_sales_by_country .................. [[32mCREATE VIEW[0m in 0.07s]
[0m05:09:49.399011 [debug] [Thread-1  ]: Finished running node model.dbt_ecommerce.ecom_sales_by_country
[0m05:09:49.399545 [debug] [Thread-1  ]: Began running node model.dbt_ecommerce.ecom_top_customers
[0m05:09:49.400196 [info ] [Thread-1  ]: 4 of 5 START sql view model public.ecom_top_customers .......................... [RUN]
[0m05:09:49.400872 [debug] [Thread-1  ]: Re-using an available connection from the pool (formerly model.dbt_ecommerce.ecom_sales_by_country, now model.dbt_ecommerce.ecom_top_customers)
[0m05:09:49.401382 [debug] [Thread-1  ]: Began compiling node model.dbt_ecommerce.ecom_top_customers
[0m05:09:49.441670 [debug] [Thread-1  ]: Writing injected SQL for node "model.dbt_ecommerce.ecom_top_customers"
[0m05:09:49.459649 [debug] [Thread-1  ]: Began executing node model.dbt_ecommerce.ecom_top_customers
[0m05:09:49.463578 [debug] [Thread-1  ]: Writing runtime sql for node "model.dbt_ecommerce.ecom_top_customers"
[0m05:09:49.489112 [debug] [Thread-1  ]: Using postgres connection "model.dbt_ecommerce.ecom_top_customers"
[0m05:09:49.489769 [debug] [Thread-1  ]: On model.dbt_ecommerce.ecom_top_customers: BEGIN
[0m05:09:49.496263 [debug] [Thread-1  ]: Opening a new connection, currently in state closed
[0m05:09:49.501473 [debug] [Thread-1  ]: SQL status: BEGIN in 0.005 seconds
[0m05:09:49.502155 [debug] [Thread-1  ]: Using postgres connection "model.dbt_ecommerce.ecom_top_customers"
[0m05:09:49.502763 [debug] [Thread-1  ]: On model.dbt_ecommerce.ecom_top_customers: /* {"app": "dbt", "dbt_version": "1.9.0b2", "profile_name": "dbt_ecommerce", "target_name": "dev", "node_id": "model.dbt_ecommerce.ecom_top_customers"} */

  create view "airflow"."public"."ecom_top_customers__dbt_tmp"
    
    
  as (
    SELECT
    customer_id,
    COUNT(DISTINCT invoice_no)          AS total_orders,
    SUM(quantity)                       AS total_items,
    ROUND(SUM(total_price)::numeric, 2) AS total_spent,
    MIN(invoice_date)                   AS first_purchase,
    MAX(invoice_date)                   AS last_purchase
FROM "airflow"."public"."stg_ecom"
GROUP BY customer_id
ORDER BY total_spent DESC
LIMIT 20
  );
[0m05:09:49.505218 [debug] [Thread-1  ]: SQL status: CREATE VIEW in 0.002 seconds
[0m05:09:49.508160 [debug] [Thread-1  ]: Using postgres connection "model.dbt_ecommerce.ecom_top_customers"
[0m05:09:49.508848 [debug] [Thread-1  ]: On model.dbt_ecommerce.ecom_top_customers: /* {"app": "dbt", "dbt_version": "1.9.0b2", "profile_name": "dbt_ecommerce", "target_name": "dev", "node_id": "model.dbt_ecommerce.ecom_top_customers"} */
alter table "airflow"."public"."ecom_top_customers__dbt_tmp" rename to "ecom_top_customers"
[0m05:09:49.509817 [debug] [Thread-1  ]: SQL status: ALTER TABLE in 0.000 seconds
[0m05:09:49.511199 [debug] [Thread-1  ]: On model.dbt_ecommerce.ecom_top_customers: COMMIT
[0m05:09:49.511855 [debug] [Thread-1  ]: Using postgres connection "model.dbt_ecommerce.ecom_top_customers"
[0m05:09:49.512445 [debug] [Thread-1  ]: On model.dbt_ecommerce.ecom_top_customers: COMMIT
[0m05:09:49.514884 [debug] [Thread-1  ]: SQL status: COMMIT in 0.002 seconds
[0m05:09:49.517297 [debug] [Thread-1  ]: Applying DROP to: "airflow"."public"."ecom_top_customers__dbt_backup"
[0m05:09:49.518348 [debug] [Thread-1  ]: Using postgres connection "model.dbt_ecommerce.ecom_top_customers"
[0m05:09:49.519006 [debug] [Thread-1  ]: On model.dbt_ecommerce.ecom_top_customers: /* {"app": "dbt", "dbt_version": "1.9.0b2", "profile_name": "dbt_ecommerce", "target_name": "dev", "node_id": "model.dbt_ecommerce.ecom_top_customers"} */
drop view if exists "airflow"."public"."ecom_top_customers__dbt_backup" cascade
[0m05:09:49.519854 [debug] [Thread-1  ]: SQL status: DROP VIEW in 0.000 seconds
[0m05:09:49.521046 [debug] [Thread-1  ]: On model.dbt_ecommerce.ecom_top_customers: Close
[0m05:09:49.521848 [debug] [Thread-1  ]: Sending event: {'category': 'dbt', 'action': 'run_model', 'label': '4dde81fd-c1b3-48d6-8392-3a0114dedc01', 'context': [<snowplow_tracker.self_describing_json.SelfDescribingJson object at 0x73b6c9b051f0>]}
[0m05:09:49.522656 [info ] [Thread-1  ]: 4 of 5 OK created sql view model public.ecom_top_customers ..................... [[32mCREATE VIEW[0m in 0.12s]
[0m05:09:49.523496 [debug] [Thread-1  ]: Finished running node model.dbt_ecommerce.ecom_top_customers
[0m05:09:49.524017 [debug] [Thread-1  ]: Began running node model.dbt_ecommerce.ecom_top_product
[0m05:09:49.524622 [info ] [Thread-1  ]: 5 of 5 START sql view model public.ecom_top_product ............................ [RUN]
[0m05:09:49.525193 [debug] [Thread-1  ]: Re-using an available connection from the pool (formerly model.dbt_ecommerce.ecom_top_customers, now model.dbt_ecommerce.ecom_top_product)
[0m05:09:49.525671 [debug] [Thread-1  ]: Began compiling node model.dbt_ecommerce.ecom_top_product
[0m05:09:49.528360 [debug] [Thread-1  ]: Writing injected SQL for node "model.dbt_ecommerce.ecom_top_product"
[0m05:09:49.537959 [debug] [Thread-1  ]: Began executing node model.dbt_ecommerce.ecom_top_product
[0m05:09:49.541619 [debug] [Thread-1  ]: Writing runtime sql for node "model.dbt_ecommerce.ecom_top_product"
[0m05:09:49.560875 [debug] [Thread-1  ]: Using postgres connection "model.dbt_ecommerce.ecom_top_product"
[0m05:09:49.561595 [debug] [Thread-1  ]: On model.dbt_ecommerce.ecom_top_product: BEGIN
[0m05:09:49.562172 [debug] [Thread-1  ]: Opening a new connection, currently in state closed
[0m05:09:49.566545 [debug] [Thread-1  ]: SQL status: BEGIN in 0.004 seconds
[0m05:09:49.573276 [debug] [Thread-1  ]: Using postgres connection "model.dbt_ecommerce.ecom_top_product"
[0m05:09:49.577992 [debug] [Thread-1  ]: On model.dbt_ecommerce.ecom_top_product: /* {"app": "dbt", "dbt_version": "1.9.0b2", "profile_name": "dbt_ecommerce", "target_name": "dev", "node_id": "model.dbt_ecommerce.ecom_top_product"} */

  create view "airflow"."public"."ecom_top_product__dbt_tmp"
    
    
  as (
    SELECT
    stock_code,
    description,
    SUM(quantity)                       AS total_quantity,
    ROUND(SUM(total_price)::numeric, 2) AS total_revenue,
    COUNT(DISTINCT invoice_no)          AS times_ordered
FROM "airflow"."public"."stg_ecom"
GROUP BY stock_code, description
ORDER BY total_revenue DESC
LIMIT 20
  );
[0m05:09:49.580137 [debug] [Thread-1  ]: SQL status: CREATE VIEW in 0.001 seconds
[0m05:09:49.583026 [debug] [Thread-1  ]: Using postgres connection "model.dbt_ecommerce.ecom_top_product"
[0m05:09:49.583748 [debug] [Thread-1  ]: On model.dbt_ecommerce.ecom_top_product: /* {"app": "dbt", "dbt_version": "1.9.0b2", "profile_name": "dbt_ecommerce", "target_name": "dev", "node_id": "model.dbt_ecommerce.ecom_top_product"} */
alter table "airflow"."public"."ecom_top_product__dbt_tmp" rename to "ecom_top_product"
[0m05:09:49.584604 [debug] [Thread-1  ]: SQL status: ALTER TABLE in 0.000 seconds
[0m05:09:49.585966 [debug] [Thread-1  ]: On model.dbt_ecommerce.ecom_top_product: COMMIT
[0m05:09:49.586742 [debug] [Thread-1  ]: Using postgres connection "model.dbt_ecommerce.ecom_top_product"
[0m05:09:49.587352 [debug] [Thread-1  ]: On model.dbt_ecommerce.ecom_top_product: COMMIT
[0m05:09:49.589772 [debug] [Thread-1  ]: SQL status: COMMIT in 0.002 seconds
[0m05:09:49.592749 [debug] [Thread-1  ]: Applying DROP to: "airflow"."public"."ecom_top_product__dbt_backup"
[0m05:09:49.593641 [debug] [Thread-1  ]: Using postgres connection "model.dbt_ecommerce.ecom_top_product"
[0m05:09:49.594241 [debug] [Thread-1  ]: On model.dbt_ecommerce.ecom_top_product: /* {"app": "dbt", "dbt_version": "1.9.0b2", "profile_name": "dbt_ecommerce", "target_name": "dev", "node_id": "model.dbt_ecommerce.ecom_top_product"} */
drop view if exists "airflow"."public"."ecom_top_product__dbt_backup" cascade
[0m05:09:49.595110 [debug] [Thread-1  ]: SQL status: DROP VIEW in 0.000 seconds
[0m05:09:49.596318 [debug] [Thread-1  ]: On model.dbt_ecommerce.ecom_top_product: Close
[0m05:09:49.597094 [debug] [Thread-1  ]: Sending event: {'category': 'dbt', 'action': 'run_model', 'label': '4dde81fd-c1b3-48d6-8392-3a0114dedc01', 'context': [<snowplow_tracker.self_describing_json.SelfDescribingJson object at 0x73b6c9b051f0>]}
[0m05:09:49.597809 [info ] [Thread-1  ]: 5 of 5 OK created sql view model public.ecom_top_product ....................... [[32mCREATE VIEW[0m in 0.07s]
[0m05:09:49.598649 [debug] [Thread-1  ]: Finished running node model.dbt_ecommerce.ecom_top_product
[0m05:09:49.600133 [debug] [MainThread]: Using postgres connection "master"
[0m05:09:49.600659 [debug] [MainThread]: On master: BEGIN
[0m05:09:49.601010 [debug] [MainThread]: Opening a new connection, currently in state closed
[0m05:09:49.605226 [debug] [MainThread]: SQL status: BEGIN in 0.004 seconds
[0m05:09:49.605830 [debug] [MainThread]: On master: COMMIT
[0m05:09:49.607709 [debug] [MainThread]: Using postgres connection "master"
[0m05:09:49.608383 [debug] [MainThread]: On master: COMMIT
[0m05:09:49.610622 [debug] [MainThread]: SQL status: COMMIT in 0.000 seconds
[0m05:09:49.611243 [debug] [MainThread]: On master: Close
[0m05:09:49.612192 [debug] [MainThread]: Connection 'master' was properly closed.
[0m05:09:49.612896 [debug] [MainThread]: Connection 'model.dbt_ecommerce.ecom_top_product' was properly closed.
[0m05:09:49.613661 [info ] [MainThread]: 
[0m05:09:49.614256 [info ] [MainThread]: Finished running 5 view models in 0 hours 0 minutes and 0.58 seconds (0.58s).
[0m05:09:49.615616 [debug] [MainThread]: Command end result
[0m05:09:49.680220 [info ] [MainThread]: 
[0m05:09:49.681124 [info ] [MainThread]: [31mCompleted with 1 error, 0 partial successs, and 0 warnings:[0m
[0m05:09:49.681947 [info ] [MainThread]: 
[0m05:09:49.682694 [error] [MainThread]:   Database Error in model ecom_monthly_revenue (models/ecom_monthly_revenue.sql)
  function round(double precision, integer) does not exist
  LINE 11:         ROUND(SUM(total_price), 2) AS revenue
                   ^
  HINT:  No function matches the given name and argument types. You might need to add explicit type casts.
  compiled code at target/run/dbt_ecommerce/models/ecom_monthly_revenue.sql
[0m05:09:49.683259 [info ] [MainThread]: 
[0m05:09:49.683957 [info ] [MainThread]: Done. PASS=4 WARN=0 ERROR=1 SKIP=0 TOTAL=5
[0m05:09:49.684946 [debug] [MainThread]: Resource report: {"command_name": "run", "command_wall_clock_time": 1.503118, "process_user_time": 1.561646, "process_kernel_time": 0.159853, "process_mem_max_rss": "109748", "command_success": false, "process_in_blocks": "0", "process_out_blocks": "0"}
[0m05:09:49.685806 [debug] [MainThread]: Command `dbt run` failed at 05:09:49.685712 after 1.50 seconds
[0m05:09:49.686421 [debug] [MainThread]: Sending event: {'category': 'dbt', 'action': 'invocation', 'label': 'end', 'context': [<snowplow_tracker.self_describing_json.SelfDescribingJson object at 0x73b6c9a9e610>, <snowplow_tracker.self_describing_json.SelfDescribingJson object at 0x73b6c7ed2100>, <snowplow_tracker.self_describing_json.SelfDescribingJson object at 0x73b6c7ed2fd0>]}
[0m05:09:49.687194 [debug] [MainThread]: Flushing usage events
[0m05:09:50.926383 [debug] [MainThread]: An error was encountered while trying to flush usage events
[0m05:13:11.960592 [debug] [MainThread]: Sending event: {'category': 'dbt', 'action': 'invocation', 'label': 'start', 'context': [<snowplow_tracker.self_describing_json.SelfDescribingJson object at 0x72a184d67610>, <snowplow_tracker.self_describing_json.SelfDescribingJson object at 0x72a184ac82b0>, <snowplow_tracker.self_describing_json.SelfDescribingJson object at 0x72a1841f2a30>]}


============================== 05:13:11.966740 | 328d4e6d-886e-49c9-91c9-6b9c03927d0a ==============================
[0m05:13:11.966740 [info ] [MainThread]: Running with dbt=1.9.0-b2
[0m05:13:11.967490 [debug] [MainThread]: running dbt with arguments {'printer_width': '80', 'indirect_selection': 'eager', 'log_cache_events': 'False', 'write_json': 'True', 'partial_parse': 'True', 'cache_selected_only': 'False', 'warn_error': 'None', 'version_check': 'True', 'debug': 'False', 'log_path': '/opt/airflow/dbt_ecommerce/logs', 'fail_fast': 'False', 'profiles_dir': '/home/airflow/.dbt', 'use_colors': 'True', 'use_experimental_parser': 'False', 'empty': 'False', 'quiet': 'False', 'no_print': 'None', 'log_format': 'default', 'invocation_command': 'dbt run', 'static_parser': 'True', 'warn_error_options': 'WarnErrorOptions(include=[], exclude=[])', 'target_path': 'None', 'introspect': 'True', 'send_anonymous_usage_stats': 'True'}
[0m05:13:12.137196 [debug] [MainThread]: Sending event: {'category': 'dbt', 'action': 'project_id', 'label': '328d4e6d-886e-49c9-91c9-6b9c03927d0a', 'context': [<snowplow_tracker.self_describing_json.SelfDescribingJson object at 0x72a186091220>]}
[0m05:13:12.181493 [debug] [MainThread]: Sending event: {'category': 'dbt', 'action': 'adapter_info', 'label': '328d4e6d-886e-49c9-91c9-6b9c03927d0a', 'context': [<snowplow_tracker.self_describing_json.SelfDescribingJson object at 0x72a183874a90>]}
[0m05:13:12.182777 [info ] [MainThread]: Registered adapter: postgres=1.8.2
[0m05:13:12.195554 [debug] [MainThread]: checksum: 4cfbbe2a671212f062e88a43cba5322b30b7e3e8e91b953aa4de249eeaade60f, vars: {}, profile: , target: , version: 1.9.0b2
[0m05:13:12.447944 [debug] [MainThread]: Partial parsing enabled: 0 files deleted, 0 files added, 1 files changed.
[0m05:13:12.448924 [debug] [MainThread]: Partial parsing: updated file: dbt_ecommerce://models/ecom_monthly_revenue.sql
[0m05:13:12.627786 [debug] [MainThread]: Sending event: {'category': 'dbt', 'action': 'load_project', 'label': '328d4e6d-886e-49c9-91c9-6b9c03927d0a', 'context': [<snowplow_tracker.self_describing_json.SelfDescribingJson object at 0x72a182cf2880>]}
[0m05:13:12.741940 [debug] [MainThread]: Sending event: {'category': 'dbt', 'action': 'resource_counts', 'label': '328d4e6d-886e-49c9-91c9-6b9c03927d0a', 'context': [<snowplow_tracker.self_describing_json.SelfDescribingJson object at 0x72a1829fefa0>]}
[0m05:13:12.742618 [info ] [MainThread]: Found 5 models, 423 macros
[0m05:13:12.743582 [debug] [MainThread]: Sending event: {'category': 'dbt', 'action': 'runnable_timing', 'label': '328d4e6d-886e-49c9-91c9-6b9c03927d0a', 'context': [<snowplow_tracker.self_describing_json.SelfDescribingJson object at 0x72a182c7a040>]}
[0m05:13:12.745066 [info ] [MainThread]: 
[0m05:13:12.745784 [info ] [MainThread]: Concurrency: 1 threads (target='dev')
[0m05:13:12.746433 [info ] [MainThread]: 
[0m05:13:12.747229 [debug] [MainThread]: Acquiring new postgres connection 'master'
[0m05:13:12.751634 [debug] [ThreadPool]: Acquiring new postgres connection 'list_airflow'
[0m05:13:12.779080 [debug] [ThreadPool]: Using postgres connection "list_airflow"
[0m05:13:12.780184 [debug] [ThreadPool]: On list_airflow: /* {"app": "dbt", "dbt_version": "1.9.0b2", "profile_name": "dbt_ecommerce", "target_name": "dev", "connection_name": "list_airflow"} */

    select distinct nspname from pg_namespace
  
[0m05:13:12.781104 [debug] [ThreadPool]: Opening a new connection, currently in state init
[0m05:13:12.786805 [debug] [ThreadPool]: SQL status: SELECT 4 in 0.006 seconds
[0m05:13:12.788393 [debug] [ThreadPool]: On list_airflow: Close
[0m05:13:12.790453 [debug] [ThreadPool]: Re-using an available connection from the pool (formerly list_airflow, now list_airflow_public)
[0m05:13:12.795979 [debug] [ThreadPool]: Using postgres connection "list_airflow_public"
[0m05:13:12.796933 [debug] [ThreadPool]: On list_airflow_public: BEGIN
[0m05:13:12.797716 [debug] [ThreadPool]: Opening a new connection, currently in state closed
[0m05:13:12.802653 [debug] [ThreadPool]: SQL status: BEGIN in 0.005 seconds
[0m05:13:12.803624 [debug] [ThreadPool]: Using postgres connection "list_airflow_public"
[0m05:13:12.804187 [debug] [ThreadPool]: On list_airflow_public: /* {"app": "dbt", "dbt_version": "1.9.0b2", "profile_name": "dbt_ecommerce", "target_name": "dev", "connection_name": "list_airflow_public"} */
select
      'airflow' as database,
      tablename as name,
      schemaname as schema,
      'table' as type
    from pg_tables
    where schemaname ilike 'public'
    union all
    select
      'airflow' as database,
      viewname as name,
      schemaname as schema,
      'view' as type
    from pg_views
    where schemaname ilike 'public'
    union all
    select
      'airflow' as database,
      matviewname as name,
      schemaname as schema,
      'materialized_view' as type
    from pg_matviews
    where schemaname ilike 'public'
  
[0m05:13:12.806776 [debug] [ThreadPool]: SQL status: SELECT 51 in 0.002 seconds
[0m05:13:12.808503 [debug] [ThreadPool]: On list_airflow_public: ROLLBACK
[0m05:13:12.809275 [debug] [ThreadPool]: On list_airflow_public: Close
[0m05:13:12.817291 [debug] [MainThread]: Using postgres connection "master"
[0m05:13:12.818079 [debug] [MainThread]: On master: BEGIN
[0m05:13:12.818707 [debug] [MainThread]: Opening a new connection, currently in state init
[0m05:13:12.823113 [debug] [MainThread]: SQL status: BEGIN in 0.004 seconds
[0m05:13:12.823685 [debug] [MainThread]: Using postgres connection "master"
[0m05:13:12.824277 [debug] [MainThread]: On master: /* {"app": "dbt", "dbt_version": "1.9.0b2", "profile_name": "dbt_ecommerce", "target_name": "dev", "connection_name": "master"} */
with relation as (
        select
            pg_rewrite.ev_class as class,
            pg_rewrite.oid as id
        from pg_rewrite
    ),
    class as (
        select
            oid as id,
            relname as name,
            relnamespace as schema,
            relkind as kind
        from pg_class
    ),
    dependency as (
        select distinct
            pg_depend.objid as id,
            pg_depend.refobjid as ref
        from pg_depend
    ),
    schema as (
        select
            pg_namespace.oid as id,
            pg_namespace.nspname as name
        from pg_namespace
        where nspname != 'information_schema' and nspname not like 'pg\_%'
    ),
    referenced as (
        select
            relation.id AS id,
            referenced_class.name ,
            referenced_class.schema ,
            referenced_class.kind
        from relation
        join class as referenced_class on relation.class=referenced_class.id
        where referenced_class.kind in ('r', 'v', 'm')
    ),
    relationships as (
        select
            referenced.name as referenced_name,
            referenced.schema as referenced_schema_id,
            dependent_class.name as dependent_name,
            dependent_class.schema as dependent_schema_id,
            referenced.kind as kind
        from referenced
        join dependency on referenced.id=dependency.id
        join class as dependent_class on dependency.ref=dependent_class.id
        where
            (referenced.name != dependent_class.name or
             referenced.schema != dependent_class.schema)
    )

    select
        referenced_schema.name as referenced_schema,
        relationships.referenced_name as referenced_name,
        dependent_schema.name as dependent_schema,
        relationships.dependent_name as dependent_name
    from relationships
    join schema as dependent_schema on relationships.dependent_schema_id=dependent_schema.id
    join schema as referenced_schema on relationships.referenced_schema_id=referenced_schema.id
    group by referenced_schema, referenced_name, dependent_schema, dependent_name
    order by referenced_schema, referenced_name, dependent_schema, dependent_name;
[0m05:13:12.838916 [debug] [MainThread]: SQL status: SELECT 4 in 0.014 seconds
[0m05:13:12.841104 [debug] [MainThread]: Sending event: {'category': 'dbt', 'action': 'runnable_timing', 'label': '328d4e6d-886e-49c9-91c9-6b9c03927d0a', 'context': [<snowplow_tracker.self_describing_json.SelfDescribingJson object at 0x72a1829af5e0>]}
[0m05:13:12.841927 [debug] [MainThread]: On master: ROLLBACK
[0m05:13:12.842697 [debug] [MainThread]: Using postgres connection "master"
[0m05:13:12.846105 [debug] [MainThread]: On master: BEGIN
[0m05:13:12.854559 [debug] [MainThread]: SQL status: BEGIN in 0.000 seconds
[0m05:13:12.855146 [debug] [MainThread]: On master: COMMIT
[0m05:13:12.855962 [debug] [MainThread]: Using postgres connection "master"
[0m05:13:12.862156 [debug] [MainThread]: On master: COMMIT
[0m05:13:12.863184 [debug] [MainThread]: SQL status: COMMIT in 0.000 seconds
[0m05:13:12.866464 [debug] [MainThread]: On master: Close
[0m05:13:12.874563 [debug] [Thread-1  ]: Began running node model.dbt_ecommerce.stg_ecom
[0m05:13:12.875661 [info ] [Thread-1  ]: 1 of 5 START sql view model public.stg_ecom .................................... [RUN]
[0m05:13:12.876582 [debug] [Thread-1  ]: Re-using an available connection from the pool (formerly list_airflow_public, now model.dbt_ecommerce.stg_ecom)
[0m05:13:12.877268 [debug] [Thread-1  ]: Began compiling node model.dbt_ecommerce.stg_ecom
[0m05:13:12.882824 [debug] [Thread-1  ]: Writing injected SQL for node "model.dbt_ecommerce.stg_ecom"
[0m05:13:12.901586 [debug] [Thread-1  ]: Began executing node model.dbt_ecommerce.stg_ecom
[0m05:13:12.929436 [debug] [Thread-1  ]: Writing runtime sql for node "model.dbt_ecommerce.stg_ecom"
[0m05:13:12.945910 [debug] [Thread-1  ]: Using postgres connection "model.dbt_ecommerce.stg_ecom"
[0m05:13:12.946845 [debug] [Thread-1  ]: On model.dbt_ecommerce.stg_ecom: BEGIN
[0m05:13:12.947567 [debug] [Thread-1  ]: Opening a new connection, currently in state closed
[0m05:13:12.952425 [debug] [Thread-1  ]: SQL status: BEGIN in 0.005 seconds
[0m05:13:12.953410 [debug] [Thread-1  ]: Using postgres connection "model.dbt_ecommerce.stg_ecom"
[0m05:13:12.954360 [debug] [Thread-1  ]: On model.dbt_ecommerce.stg_ecom: /* {"app": "dbt", "dbt_version": "1.9.0b2", "profile_name": "dbt_ecommerce", "target_name": "dev", "node_id": "model.dbt_ecommerce.stg_ecom"} */

  create view "airflow"."public"."stg_ecom__dbt_tmp"
    
    
  as (
    SELECT
    "invoice_no"     AS invoice_no,
    "stock_code"     AS stock_code,
    "description"   AS description,
    "quantity"      AS quantity,
    "invoice_date"::timestamp AS invoice_date,
    "unit_price"     AS unit_price,
    "customer_id"::int AS customer_id,
    "country"       AS country,
    "quantity" * "unit_price" AS total_price,
    TO_CHAR("invoice_date"::timestamp, 'YYYY-MM') AS invoice_month
FROM ecommerce_sales
WHERE "customer_id" IS NOT NULL
  AND "quantity" > 0
  AND "unit_price" > 0
  );
[0m05:13:12.957101 [debug] [Thread-1  ]: SQL status: CREATE VIEW in 0.002 seconds
[0m05:13:12.962877 [debug] [Thread-1  ]: Using postgres connection "model.dbt_ecommerce.stg_ecom"
[0m05:13:12.963874 [debug] [Thread-1  ]: On model.dbt_ecommerce.stg_ecom: /* {"app": "dbt", "dbt_version": "1.9.0b2", "profile_name": "dbt_ecommerce", "target_name": "dev", "node_id": "model.dbt_ecommerce.stg_ecom"} */
alter table "airflow"."public"."stg_ecom" rename to "stg_ecom__dbt_backup"
[0m05:13:12.965282 [debug] [Thread-1  ]: SQL status: ALTER TABLE in 0.000 seconds
[0m05:13:12.968189 [debug] [Thread-1  ]: Using postgres connection "model.dbt_ecommerce.stg_ecom"
[0m05:13:12.969068 [debug] [Thread-1  ]: On model.dbt_ecommerce.stg_ecom: /* {"app": "dbt", "dbt_version": "1.9.0b2", "profile_name": "dbt_ecommerce", "target_name": "dev", "node_id": "model.dbt_ecommerce.stg_ecom"} */
alter table "airflow"."public"."stg_ecom__dbt_tmp" rename to "stg_ecom"
[0m05:13:12.970282 [debug] [Thread-1  ]: SQL status: ALTER TABLE in 0.000 seconds
[0m05:13:12.983213 [debug] [Thread-1  ]: On model.dbt_ecommerce.stg_ecom: COMMIT
[0m05:13:12.984268 [debug] [Thread-1  ]: Using postgres connection "model.dbt_ecommerce.stg_ecom"
[0m05:13:12.985351 [debug] [Thread-1  ]: On model.dbt_ecommerce.stg_ecom: COMMIT
[0m05:13:12.989659 [debug] [Thread-1  ]: SQL status: COMMIT in 0.003 seconds
[0m05:13:12.995280 [debug] [Thread-1  ]: Applying DROP to: "airflow"."public"."stg_ecom__dbt_backup"
[0m05:13:12.998871 [debug] [Thread-1  ]: Using postgres connection "model.dbt_ecommerce.stg_ecom"
[0m05:13:12.999818 [debug] [Thread-1  ]: On model.dbt_ecommerce.stg_ecom: /* {"app": "dbt", "dbt_version": "1.9.0b2", "profile_name": "dbt_ecommerce", "target_name": "dev", "node_id": "model.dbt_ecommerce.stg_ecom"} */
drop view if exists "airflow"."public"."stg_ecom__dbt_backup" cascade
[0m05:13:13.005782 [debug] [Thread-1  ]: SQL status: DROP VIEW in 0.005 seconds
[0m05:13:13.007996 [debug] [Thread-1  ]: On model.dbt_ecommerce.stg_ecom: Close
[0m05:13:13.009709 [debug] [Thread-1  ]: Sending event: {'category': 'dbt', 'action': 'run_model', 'label': '328d4e6d-886e-49c9-91c9-6b9c03927d0a', 'context': [<snowplow_tracker.self_describing_json.SelfDescribingJson object at 0x72a182176fa0>]}
[0m05:13:13.010752 [info ] [Thread-1  ]: 1 of 5 OK created sql view model public.stg_ecom ............................... [[32mCREATE VIEW[0m in 0.13s]
[0m05:13:13.011617 [debug] [Thread-1  ]: Finished running node model.dbt_ecommerce.stg_ecom
[0m05:13:13.012861 [debug] [Thread-1  ]: Began running node model.dbt_ecommerce.ecom_monthly_revenue
[0m05:13:13.013807 [info ] [Thread-1  ]: 2 of 5 START sql view model public.ecom_monthly_revenue ........................ [RUN]
[0m05:13:13.014563 [debug] [Thread-1  ]: Re-using an available connection from the pool (formerly model.dbt_ecommerce.stg_ecom, now model.dbt_ecommerce.ecom_monthly_revenue)
[0m05:13:13.015138 [debug] [Thread-1  ]: Began compiling node model.dbt_ecommerce.ecom_monthly_revenue
[0m05:13:13.017854 [debug] [Thread-1  ]: Writing injected SQL for node "model.dbt_ecommerce.ecom_monthly_revenue"
[0m05:13:13.029852 [debug] [Thread-1  ]: Began executing node model.dbt_ecommerce.ecom_monthly_revenue
[0m05:13:13.034177 [debug] [Thread-1  ]: Writing runtime sql for node "model.dbt_ecommerce.ecom_monthly_revenue"
[0m05:13:13.047455 [debug] [Thread-1  ]: Using postgres connection "model.dbt_ecommerce.ecom_monthly_revenue"
[0m05:13:13.048247 [debug] [Thread-1  ]: On model.dbt_ecommerce.ecom_monthly_revenue: BEGIN
[0m05:13:13.048776 [debug] [Thread-1  ]: Opening a new connection, currently in state closed
[0m05:13:13.053349 [debug] [Thread-1  ]: SQL status: BEGIN in 0.005 seconds
[0m05:13:13.054233 [debug] [Thread-1  ]: Using postgres connection "model.dbt_ecommerce.ecom_monthly_revenue"
[0m05:13:13.054845 [debug] [Thread-1  ]: On model.dbt_ecommerce.ecom_monthly_revenue: /* {"app": "dbt", "dbt_version": "1.9.0b2", "profile_name": "dbt_ecommerce", "target_name": "dev", "node_id": "model.dbt_ecommerce.ecom_monthly_revenue"} */

  create view "airflow"."public"."ecom_monthly_revenue__dbt_tmp"
    
    
  as (
    SELECT
    invoice_month,
        COUNT(DISTINCT invoice_no) AS total_invoices,
        COUNT(DISTINCT customer_id) AS Unique_customers,
        ROUND(SUM(total_price)::numeric, 2) AS revenue
FROM "airflow"."public"."stg_ecom"
GROUP BY invoice_month
ORDER BY invoice_month
  );
[0m05:13:13.056719 [debug] [Thread-1  ]: SQL status: CREATE VIEW in 0.001 seconds
[0m05:13:13.059498 [debug] [Thread-1  ]: Using postgres connection "model.dbt_ecommerce.ecom_monthly_revenue"
[0m05:13:13.060176 [debug] [Thread-1  ]: On model.dbt_ecommerce.ecom_monthly_revenue: /* {"app": "dbt", "dbt_version": "1.9.0b2", "profile_name": "dbt_ecommerce", "target_name": "dev", "node_id": "model.dbt_ecommerce.ecom_monthly_revenue"} */
alter table "airflow"."public"."ecom_monthly_revenue__dbt_tmp" rename to "ecom_monthly_revenue"
[0m05:13:13.061134 [debug] [Thread-1  ]: SQL status: ALTER TABLE in 0.000 seconds
[0m05:13:13.062553 [debug] [Thread-1  ]: On model.dbt_ecommerce.ecom_monthly_revenue: COMMIT
[0m05:13:13.063187 [debug] [Thread-1  ]: Using postgres connection "model.dbt_ecommerce.ecom_monthly_revenue"
[0m05:13:13.063675 [debug] [Thread-1  ]: On model.dbt_ecommerce.ecom_monthly_revenue: COMMIT
[0m05:13:13.067151 [debug] [Thread-1  ]: SQL status: COMMIT in 0.003 seconds
[0m05:13:13.069482 [debug] [Thread-1  ]: Applying DROP to: "airflow"."public"."ecom_monthly_revenue__dbt_backup"
[0m05:13:13.070422 [debug] [Thread-1  ]: Using postgres connection "model.dbt_ecommerce.ecom_monthly_revenue"
[0m05:13:13.071173 [debug] [Thread-1  ]: On model.dbt_ecommerce.ecom_monthly_revenue: /* {"app": "dbt", "dbt_version": "1.9.0b2", "profile_name": "dbt_ecommerce", "target_name": "dev", "node_id": "model.dbt_ecommerce.ecom_monthly_revenue"} */
drop view if exists "airflow"."public"."ecom_monthly_revenue__dbt_backup" cascade
[0m05:13:13.072150 [debug] [Thread-1  ]: SQL status: DROP VIEW in 0.000 seconds
[0m05:13:13.073647 [debug] [Thread-1  ]: On model.dbt_ecommerce.ecom_monthly_revenue: Close
[0m05:13:13.074585 [debug] [Thread-1  ]: Sending event: {'category': 'dbt', 'action': 'run_model', 'label': '328d4e6d-886e-49c9-91c9-6b9c03927d0a', 'context': [<snowplow_tracker.self_describing_json.SelfDescribingJson object at 0x72a181d88790>]}
[0m05:13:13.075429 [info ] [Thread-1  ]: 2 of 5 OK created sql view model public.ecom_monthly_revenue ................... [[32mCREATE VIEW[0m in 0.06s]
[0m05:13:13.076208 [debug] [Thread-1  ]: Finished running node model.dbt_ecommerce.ecom_monthly_revenue
[0m05:13:13.076872 [debug] [Thread-1  ]: Began running node model.dbt_ecommerce.ecom_sales_by_country
[0m05:13:13.077652 [info ] [Thread-1  ]: 3 of 5 START sql view model public.ecom_sales_by_country ....................... [RUN]
[0m05:13:13.078257 [debug] [Thread-1  ]: Re-using an available connection from the pool (formerly model.dbt_ecommerce.ecom_monthly_revenue, now model.dbt_ecommerce.ecom_sales_by_country)
[0m05:13:13.078788 [debug] [Thread-1  ]: Began compiling node model.dbt_ecommerce.ecom_sales_by_country
[0m05:13:13.081345 [debug] [Thread-1  ]: Writing injected SQL for node "model.dbt_ecommerce.ecom_sales_by_country"
[0m05:13:13.094166 [debug] [Thread-1  ]: Began executing node model.dbt_ecommerce.ecom_sales_by_country
[0m05:13:13.134592 [debug] [Thread-1  ]: Writing runtime sql for node "model.dbt_ecommerce.ecom_sales_by_country"
[0m05:13:13.147115 [debug] [Thread-1  ]: Using postgres connection "model.dbt_ecommerce.ecom_sales_by_country"
[0m05:13:13.147837 [debug] [Thread-1  ]: On model.dbt_ecommerce.ecom_sales_by_country: BEGIN
[0m05:13:13.148419 [debug] [Thread-1  ]: Opening a new connection, currently in state closed
[0m05:13:13.153145 [debug] [Thread-1  ]: SQL status: BEGIN in 0.005 seconds
[0m05:13:13.154059 [debug] [Thread-1  ]: Using postgres connection "model.dbt_ecommerce.ecom_sales_by_country"
[0m05:13:13.154928 [debug] [Thread-1  ]: On model.dbt_ecommerce.ecom_sales_by_country: /* {"app": "dbt", "dbt_version": "1.9.0b2", "profile_name": "dbt_ecommerce", "target_name": "dev", "node_id": "model.dbt_ecommerce.ecom_sales_by_country"} */

  create view "airflow"."public"."ecom_sales_by_country__dbt_tmp"
    
    
  as (
    SELECT
    country,
    COUNT(DISTINCT invoice_no)          AS total_orders,
    COUNT(DISTINCT customer_id)         AS unique_customers,
    ROUND(SUM(total_price)::numeric, 2) AS total_revenue
FROM "airflow"."public"."stg_ecom"
GROUP BY country
ORDER BY total_revenue DESC
  );
[0m05:13:13.157337 [debug] [Thread-1  ]: SQL status: CREATE VIEW in 0.001 seconds
[0m05:13:13.160155 [debug] [Thread-1  ]: Using postgres connection "model.dbt_ecommerce.ecom_sales_by_country"
[0m05:13:13.160863 [debug] [Thread-1  ]: On model.dbt_ecommerce.ecom_sales_by_country: /* {"app": "dbt", "dbt_version": "1.9.0b2", "profile_name": "dbt_ecommerce", "target_name": "dev", "node_id": "model.dbt_ecommerce.ecom_sales_by_country"} */
alter table "airflow"."public"."ecom_sales_by_country__dbt_tmp" rename to "ecom_sales_by_country"
[0m05:13:13.161935 [debug] [Thread-1  ]: SQL status: ALTER TABLE in 0.000 seconds
[0m05:13:13.163199 [debug] [Thread-1  ]: On model.dbt_ecommerce.ecom_sales_by_country: COMMIT
[0m05:13:13.163838 [debug] [Thread-1  ]: Using postgres connection "model.dbt_ecommerce.ecom_sales_by_country"
[0m05:13:13.164347 [debug] [Thread-1  ]: On model.dbt_ecommerce.ecom_sales_by_country: COMMIT
[0m05:13:13.169164 [debug] [Thread-1  ]: SQL status: COMMIT in 0.004 seconds
[0m05:13:13.171382 [debug] [Thread-1  ]: Applying DROP to: "airflow"."public"."ecom_sales_by_country__dbt_backup"
[0m05:13:13.172285 [debug] [Thread-1  ]: Using postgres connection "model.dbt_ecommerce.ecom_sales_by_country"
[0m05:13:13.172926 [debug] [Thread-1  ]: On model.dbt_ecommerce.ecom_sales_by_country: /* {"app": "dbt", "dbt_version": "1.9.0b2", "profile_name": "dbt_ecommerce", "target_name": "dev", "node_id": "model.dbt_ecommerce.ecom_sales_by_country"} */
drop view if exists "airflow"."public"."ecom_sales_by_country__dbt_backup" cascade
[0m05:13:13.173776 [debug] [Thread-1  ]: SQL status: DROP VIEW in 0.000 seconds
[0m05:13:13.174975 [debug] [Thread-1  ]: On model.dbt_ecommerce.ecom_sales_by_country: Close
[0m05:13:13.175813 [debug] [Thread-1  ]: Sending event: {'category': 'dbt', 'action': 'run_model', 'label': '328d4e6d-886e-49c9-91c9-6b9c03927d0a', 'context': [<snowplow_tracker.self_describing_json.SelfDescribingJson object at 0x72a1835fb250>]}
[0m05:13:13.176466 [info ] [Thread-1  ]: 3 of 5 OK created sql view model public.ecom_sales_by_country .................. [[32mCREATE VIEW[0m in 0.10s]
[0m05:13:13.177187 [debug] [Thread-1  ]: Finished running node model.dbt_ecommerce.ecom_sales_by_country
[0m05:13:13.177768 [debug] [Thread-1  ]: Began running node model.dbt_ecommerce.ecom_top_customers
[0m05:13:13.178396 [info ] [Thread-1  ]: 4 of 5 START sql view model public.ecom_top_customers .......................... [RUN]
[0m05:13:13.179170 [debug] [Thread-1  ]: Re-using an available connection from the pool (formerly model.dbt_ecommerce.ecom_sales_by_country, now model.dbt_ecommerce.ecom_top_customers)
[0m05:13:13.179628 [debug] [Thread-1  ]: Began compiling node model.dbt_ecommerce.ecom_top_customers
[0m05:13:13.181939 [debug] [Thread-1  ]: Writing injected SQL for node "model.dbt_ecommerce.ecom_top_customers"
[0m05:13:13.195486 [debug] [Thread-1  ]: Began executing node model.dbt_ecommerce.ecom_top_customers
[0m05:13:13.199582 [debug] [Thread-1  ]: Writing runtime sql for node "model.dbt_ecommerce.ecom_top_customers"
[0m05:13:13.211381 [debug] [Thread-1  ]: Using postgres connection "model.dbt_ecommerce.ecom_top_customers"
[0m05:13:13.212077 [debug] [Thread-1  ]: On model.dbt_ecommerce.ecom_top_customers: BEGIN
[0m05:13:13.212627 [debug] [Thread-1  ]: Opening a new connection, currently in state closed
[0m05:13:13.217057 [debug] [Thread-1  ]: SQL status: BEGIN in 0.004 seconds
[0m05:13:13.218108 [debug] [Thread-1  ]: Using postgres connection "model.dbt_ecommerce.ecom_top_customers"
[0m05:13:13.218702 [debug] [Thread-1  ]: On model.dbt_ecommerce.ecom_top_customers: /* {"app": "dbt", "dbt_version": "1.9.0b2", "profile_name": "dbt_ecommerce", "target_name": "dev", "node_id": "model.dbt_ecommerce.ecom_top_customers"} */

  create view "airflow"."public"."ecom_top_customers__dbt_tmp"
    
    
  as (
    SELECT
    customer_id,
    COUNT(DISTINCT invoice_no)          AS total_orders,
    SUM(quantity)                       AS total_items,
    ROUND(SUM(total_price)::numeric, 2) AS total_spent,
    MIN(invoice_date)                   AS first_purchase,
    MAX(invoice_date)                   AS last_purchase
FROM "airflow"."public"."stg_ecom"
GROUP BY customer_id
ORDER BY total_spent DESC
LIMIT 20
  );
[0m05:13:13.220465 [debug] [Thread-1  ]: SQL status: CREATE VIEW in 0.001 seconds
[0m05:13:13.223090 [debug] [Thread-1  ]: Using postgres connection "model.dbt_ecommerce.ecom_top_customers"
[0m05:13:13.223757 [debug] [Thread-1  ]: On model.dbt_ecommerce.ecom_top_customers: /* {"app": "dbt", "dbt_version": "1.9.0b2", "profile_name": "dbt_ecommerce", "target_name": "dev", "node_id": "model.dbt_ecommerce.ecom_top_customers"} */
alter table "airflow"."public"."ecom_top_customers__dbt_tmp" rename to "ecom_top_customers"
[0m05:13:13.224694 [debug] [Thread-1  ]: SQL status: ALTER TABLE in 0.000 seconds
[0m05:13:13.226115 [debug] [Thread-1  ]: On model.dbt_ecommerce.ecom_top_customers: COMMIT
[0m05:13:13.226758 [debug] [Thread-1  ]: Using postgres connection "model.dbt_ecommerce.ecom_top_customers"
[0m05:13:13.227368 [debug] [Thread-1  ]: On model.dbt_ecommerce.ecom_top_customers: COMMIT
[0m05:13:13.231094 [debug] [Thread-1  ]: SQL status: COMMIT in 0.003 seconds
[0m05:13:13.233340 [debug] [Thread-1  ]: Applying DROP to: "airflow"."public"."ecom_top_customers__dbt_backup"
[0m05:13:13.234722 [debug] [Thread-1  ]: Using postgres connection "model.dbt_ecommerce.ecom_top_customers"
[0m05:13:13.235275 [debug] [Thread-1  ]: On model.dbt_ecommerce.ecom_top_customers: /* {"app": "dbt", "dbt_version": "1.9.0b2", "profile_name": "dbt_ecommerce", "target_name": "dev", "node_id": "model.dbt_ecommerce.ecom_top_customers"} */
drop view if exists "airflow"."public"."ecom_top_customers__dbt_backup" cascade
[0m05:13:13.236089 [debug] [Thread-1  ]: SQL status: DROP VIEW in 0.000 seconds
[0m05:13:13.237317 [debug] [Thread-1  ]: On model.dbt_ecommerce.ecom_top_customers: Close
[0m05:13:13.238055 [debug] [Thread-1  ]: Sending event: {'category': 'dbt', 'action': 'run_model', 'label': '328d4e6d-886e-49c9-91c9-6b9c03927d0a', 'context': [<snowplow_tracker.self_describing_json.SelfDescribingJson object at 0x72a184dce1f0>]}
[0m05:13:13.238862 [info ] [Thread-1  ]: 4 of 5 OK created sql view model public.ecom_top_customers ..................... [[32mCREATE VIEW[0m in 0.06s]
[0m05:13:13.239659 [debug] [Thread-1  ]: Finished running node model.dbt_ecommerce.ecom_top_customers
[0m05:13:13.240373 [debug] [Thread-1  ]: Began running node model.dbt_ecommerce.ecom_top_product
[0m05:13:13.240974 [info ] [Thread-1  ]: 5 of 5 START sql view model public.ecom_top_product ............................ [RUN]
[0m05:13:13.241662 [debug] [Thread-1  ]: Re-using an available connection from the pool (formerly model.dbt_ecommerce.ecom_top_customers, now model.dbt_ecommerce.ecom_top_product)
[0m05:13:13.242086 [debug] [Thread-1  ]: Began compiling node model.dbt_ecommerce.ecom_top_product
[0m05:13:13.244457 [debug] [Thread-1  ]: Writing injected SQL for node "model.dbt_ecommerce.ecom_top_product"
[0m05:13:13.258286 [debug] [Thread-1  ]: Began executing node model.dbt_ecommerce.ecom_top_product
[0m05:13:13.263534 [debug] [Thread-1  ]: Writing runtime sql for node "model.dbt_ecommerce.ecom_top_product"
[0m05:13:13.277597 [debug] [Thread-1  ]: Using postgres connection "model.dbt_ecommerce.ecom_top_product"
[0m05:13:13.278309 [debug] [Thread-1  ]: On model.dbt_ecommerce.ecom_top_product: BEGIN
[0m05:13:13.279033 [debug] [Thread-1  ]: Opening a new connection, currently in state closed
[0m05:13:13.284014 [debug] [Thread-1  ]: SQL status: BEGIN in 0.005 seconds
[0m05:13:13.284655 [debug] [Thread-1  ]: Using postgres connection "model.dbt_ecommerce.ecom_top_product"
[0m05:13:13.285373 [debug] [Thread-1  ]: On model.dbt_ecommerce.ecom_top_product: /* {"app": "dbt", "dbt_version": "1.9.0b2", "profile_name": "dbt_ecommerce", "target_name": "dev", "node_id": "model.dbt_ecommerce.ecom_top_product"} */

  create view "airflow"."public"."ecom_top_product__dbt_tmp"
    
    
  as (
    SELECT
    stock_code,
    description,
    SUM(quantity)                       AS total_quantity,
    ROUND(SUM(total_price)::numeric, 2) AS total_revenue,
    COUNT(DISTINCT invoice_no)          AS times_ordered
FROM "airflow"."public"."stg_ecom"
GROUP BY stock_code, description
ORDER BY total_revenue DESC
LIMIT 20
  );
[0m05:13:13.287652 [debug] [Thread-1  ]: SQL status: CREATE VIEW in 0.002 seconds
[0m05:13:13.290455 [debug] [Thread-1  ]: Using postgres connection "model.dbt_ecommerce.ecom_top_product"
[0m05:13:13.291071 [debug] [Thread-1  ]: On model.dbt_ecommerce.ecom_top_product: /* {"app": "dbt", "dbt_version": "1.9.0b2", "profile_name": "dbt_ecommerce", "target_name": "dev", "node_id": "model.dbt_ecommerce.ecom_top_product"} */
alter table "airflow"."public"."ecom_top_product__dbt_tmp" rename to "ecom_top_product"
[0m05:13:13.292023 [debug] [Thread-1  ]: SQL status: ALTER TABLE in 0.000 seconds
[0m05:13:13.293568 [debug] [Thread-1  ]: On model.dbt_ecommerce.ecom_top_product: COMMIT
[0m05:13:13.294114 [debug] [Thread-1  ]: Using postgres connection "model.dbt_ecommerce.ecom_top_product"
[0m05:13:13.295005 [debug] [Thread-1  ]: On model.dbt_ecommerce.ecom_top_product: COMMIT
[0m05:13:13.302443 [debug] [Thread-1  ]: SQL status: COMMIT in 0.007 seconds
[0m05:13:13.304803 [debug] [Thread-1  ]: Applying DROP to: "airflow"."public"."ecom_top_product__dbt_backup"
[0m05:13:13.305782 [debug] [Thread-1  ]: Using postgres connection "model.dbt_ecommerce.ecom_top_product"
[0m05:13:13.306454 [debug] [Thread-1  ]: On model.dbt_ecommerce.ecom_top_product: /* {"app": "dbt", "dbt_version": "1.9.0b2", "profile_name": "dbt_ecommerce", "target_name": "dev", "node_id": "model.dbt_ecommerce.ecom_top_product"} */
drop view if exists "airflow"."public"."ecom_top_product__dbt_backup" cascade
[0m05:13:13.307515 [debug] [Thread-1  ]: SQL status: DROP VIEW in 0.000 seconds
[0m05:13:13.308884 [debug] [Thread-1  ]: On model.dbt_ecommerce.ecom_top_product: Close
[0m05:13:13.309702 [debug] [Thread-1  ]: Sending event: {'category': 'dbt', 'action': 'run_model', 'label': '328d4e6d-886e-49c9-91c9-6b9c03927d0a', 'context': [<snowplow_tracker.self_describing_json.SelfDescribingJson object at 0x72a184dce1f0>]}
[0m05:13:13.310937 [info ] [Thread-1  ]: 5 of 5 OK created sql view model public.ecom_top_product ....................... [[32mCREATE VIEW[0m in 0.07s]
[0m05:13:13.311657 [debug] [Thread-1  ]: Finished running node model.dbt_ecommerce.ecom_top_product
[0m05:13:13.313079 [debug] [MainThread]: Using postgres connection "master"
[0m05:13:13.313789 [debug] [MainThread]: On master: BEGIN
[0m05:13:13.314306 [debug] [MainThread]: Opening a new connection, currently in state closed
[0m05:13:13.318741 [debug] [MainThread]: SQL status: BEGIN in 0.004 seconds
[0m05:13:13.319332 [debug] [MainThread]: On master: COMMIT
[0m05:13:13.319959 [debug] [MainThread]: Using postgres connection "master"
[0m05:13:13.320491 [debug] [MainThread]: On master: COMMIT
[0m05:13:13.321131 [debug] [MainThread]: SQL status: COMMIT in 0.000 seconds
[0m05:13:13.321665 [debug] [MainThread]: On master: Close
[0m05:13:13.322492 [debug] [MainThread]: Connection 'master' was properly closed.
[0m05:13:13.323092 [debug] [MainThread]: Connection 'model.dbt_ecommerce.ecom_top_product' was properly closed.
[0m05:13:13.323718 [info ] [MainThread]: 
[0m05:13:13.324334 [info ] [MainThread]: Finished running 5 view models in 0 hours 0 minutes and 0.58 seconds (0.58s).
[0m05:13:13.325692 [debug] [MainThread]: Command end result
[0m05:13:13.384536 [info ] [MainThread]: 
[0m05:13:13.385417 [info ] [MainThread]: [32mCompleted successfully[0m
[0m05:13:13.386077 [info ] [MainThread]: 
[0m05:13:13.387068 [info ] [MainThread]: Done. PASS=5 WARN=0 ERROR=0 SKIP=0 TOTAL=5
[0m05:13:13.388304 [debug] [MainThread]: Resource report: {"command_name": "run", "command_success": true, "command_wall_clock_time": 1.4846237, "process_user_time": 1.613932, "process_kernel_time": 0.140167, "process_mem_max_rss": "108604", "process_in_blocks": "0", "process_out_blocks": "0"}
[0m05:13:13.389088 [debug] [MainThread]: Command `dbt run` succeeded at 05:13:13.388982 after 1.49 seconds
[0m05:13:13.389796 [debug] [MainThread]: Sending event: {'category': 'dbt', 'action': 'invocation', 'label': 'end', 'context': [<snowplow_tracker.self_describing_json.SelfDescribingJson object at 0x72a184d67610>, <snowplow_tracker.self_describing_json.SelfDescribingJson object at 0x72a185b726d0>, <snowplow_tracker.self_describing_json.SelfDescribingJson object at 0x72a181cc6460>]}
[0m05:13:13.390591 [debug] [MainThread]: Flushing usage events
[0m05:13:15.699359 [debug] [MainThread]: An error was encountered while trying to flush usage events
[0m05:14:00.283256 [debug] [MainThread]: Sending event: {'category': 'dbt', 'action': 'invocation', 'label': 'start', 'context': [<snowplow_tracker.self_describing_json.SelfDescribingJson object at 0x718fdd5a76a0>, <snowplow_tracker.self_describing_json.SelfDescribingJson object at 0x718fdce9b790>, <snowplow_tracker.self_describing_json.SelfDescribingJson object at 0x718fdce8ed30>]}


============================== 05:14:00.290154 | 5cbfcf3d-018f-4cde-9084-0e11db150956 ==============================
[0m05:14:00.290154 [info ] [MainThread]: Running with dbt=1.9.0-b2
[0m05:14:00.290991 [debug] [MainThread]: running dbt with arguments {'printer_width': '80', 'indirect_selection': 'eager', 'log_cache_events': 'False', 'write_json': 'True', 'partial_parse': 'True', 'cache_selected_only': 'False', 'profiles_dir': '/home/airflow/.dbt', 'fail_fast': 'False', 'warn_error': 'None', 'log_path': '/opt/airflow/dbt_ecommerce/logs', 'debug': 'False', 'version_check': 'True', 'use_colors': 'True', 'use_experimental_parser': 'False', 'empty': 'None', 'quiet': 'False', 'no_print': 'None', 'warn_error_options': 'WarnErrorOptions(include=[], exclude=[])', 'invocation_command': 'dbt test', 'log_format': 'default', 'introspect': 'True', 'target_path': 'None', 'static_parser': 'True', 'send_anonymous_usage_stats': 'True'}
[0m05:14:00.457925 [debug] [MainThread]: Sending event: {'category': 'dbt', 'action': 'project_id', 'label': '5cbfcf3d-018f-4cde-9084-0e11db150956', 'context': [<snowplow_tracker.self_describing_json.SelfDescribingJson object at 0x718fdc111370>]}
[0m05:14:00.504821 [debug] [MainThread]: Sending event: {'category': 'dbt', 'action': 'adapter_info', 'label': '5cbfcf3d-018f-4cde-9084-0e11db150956', 'context': [<snowplow_tracker.self_describing_json.SelfDescribingJson object at 0x718fdc9a88e0>]}
[0m05:14:00.505776 [info ] [MainThread]: Registered adapter: postgres=1.8.2
[0m05:14:00.521355 [debug] [MainThread]: checksum: 4cfbbe2a671212f062e88a43cba5322b30b7e3e8e91b953aa4de249eeaade60f, vars: {}, profile: , target: , version: 1.9.0b2
[0m05:14:00.720765 [debug] [MainThread]: Partial parsing enabled: 0 files deleted, 0 files added, 0 files changed.
[0m05:14:00.721371 [debug] [MainThread]: Partial parsing enabled, no changes found, skipping parsing
[0m05:14:00.744040 [debug] [MainThread]: Sending event: {'category': 'dbt', 'action': 'load_project', 'label': '5cbfcf3d-018f-4cde-9084-0e11db150956', 'context': [<snowplow_tracker.self_describing_json.SelfDescribingJson object at 0x718fdb8d26d0>]}
[0m05:14:00.853978 [debug] [MainThread]: Sending event: {'category': 'dbt', 'action': 'resource_counts', 'label': '5cbfcf3d-018f-4cde-9084-0e11db150956', 'context': [<snowplow_tracker.self_describing_json.SelfDescribingJson object at 0x718fdb5397f0>]}
[0m05:14:00.854776 [info ] [MainThread]: Found 5 models, 423 macros
[0m05:14:00.855565 [debug] [MainThread]: Sending event: {'category': 'dbt', 'action': 'runnable_timing', 'label': '5cbfcf3d-018f-4cde-9084-0e11db150956', 'context': [<snowplow_tracker.self_describing_json.SelfDescribingJson object at 0x718fdb8cdc10>]}
[0m05:14:00.857431 [warn ] [MainThread]: Nothing to do. Try checking your model configs and model specification args
[0m05:14:00.859417 [debug] [MainThread]: Command end result
[0m05:14:00.905446 [debug] [MainThread]: Resource report: {"command_name": "test", "command_success": true, "command_wall_clock_time": 0.67270803, "process_user_time": 1.23142, "process_kernel_time": 0.15746, "process_mem_max_rss": "96360", "process_in_blocks": "856", "process_out_blocks": "0"}
[0m05:14:00.906446 [debug] [MainThread]: Command `dbt test` succeeded at 05:14:00.906311 after 0.67 seconds
[0m05:14:00.907142 [debug] [MainThread]: Sending event: {'category': 'dbt', 'action': 'invocation', 'label': 'end', 'context': [<snowplow_tracker.self_describing_json.SelfDescribingJson object at 0x718fdd5a76a0>, <snowplow_tracker.self_describing_json.SelfDescribingJson object at 0x718fdd3f04f0>, <snowplow_tracker.self_describing_json.SelfDescribingJson object at 0x718fdc13c970>]}
[0m05:14:00.908056 [debug] [MainThread]: Flushing usage events
[0m05:14:03.131745 [debug] [MainThread]: An error was encountered while trying to flush usage events
[0m05:15:30.100366 [debug] [MainThread]: Sending event: {'category': 'dbt', 'action': 'invocation', 'label': 'start', 'context': [<snowplow_tracker.self_describing_json.SelfDescribingJson object at 0x777e363a7610>, <snowplow_tracker.self_describing_json.SelfDescribingJson object at 0x777e35b376a0>, <snowplow_tracker.self_describing_json.SelfDescribingJson object at 0x777e3584df70>]}


============================== 05:15:30.105527 | a18393f2-71d6-4bbc-a014-848c9ae59e10 ==============================
[0m05:15:30.105527 [info ] [MainThread]: Running with dbt=1.9.0-b2
[0m05:15:30.106352 [debug] [MainThread]: running dbt with arguments {'printer_width': '80', 'indirect_selection': 'eager', 'log_cache_events': 'False', 'write_json': 'True', 'partial_parse': 'True', 'cache_selected_only': 'False', 'warn_error': 'None', 'debug': 'False', 'fail_fast': 'False', 'log_path': '/opt/airflow/dbt_ecommerce/logs', 'profiles_dir': '/home/airflow/.dbt', 'version_check': 'True', 'use_colors': 'True', 'use_experimental_parser': 'False', 'empty': 'None', 'quiet': 'False', 'no_print': 'None', 'warn_error_options': 'WarnErrorOptions(include=[], exclude=[])', 'static_parser': 'True', 'introspect': 'True', 'invocation_command': 'dbt test', 'target_path': 'None', 'log_format': 'default', 'send_anonymous_usage_stats': 'True'}
[0m05:15:30.252997 [debug] [MainThread]: Sending event: {'category': 'dbt', 'action': 'project_id', 'label': 'a18393f2-71d6-4bbc-a014-848c9ae59e10', 'context': [<snowplow_tracker.self_describing_json.SelfDescribingJson object at 0x777e34ee6760>]}
[0m05:15:30.296443 [debug] [MainThread]: Sending event: {'category': 'dbt', 'action': 'adapter_info', 'label': 'a18393f2-71d6-4bbc-a014-848c9ae59e10', 'context': [<snowplow_tracker.self_describing_json.SelfDescribingJson object at 0x777e3572b6d0>]}
[0m05:15:30.297549 [info ] [MainThread]: Registered adapter: postgres=1.8.2
[0m05:15:30.309434 [debug] [MainThread]: checksum: 4cfbbe2a671212f062e88a43cba5322b30b7e3e8e91b953aa4de249eeaade60f, vars: {}, profile: , target: , version: 1.9.0b2
[0m05:15:30.608393 [debug] [MainThread]: Partial parsing enabled: 0 files deleted, 1 files added, 0 files changed.
[0m05:15:30.609471 [debug] [MainThread]: Partial parsing: added file: dbt_ecommerce://models/schema.yml
[0m05:15:30.827137 [debug] [MainThread]: Sending event: {'category': 'dbt', 'action': 'load_project', 'label': 'a18393f2-71d6-4bbc-a014-848c9ae59e10', 'context': [<snowplow_tracker.self_describing_json.SelfDescribingJson object at 0x777e342db910>]}
[0m05:15:30.974993 [debug] [MainThread]: Sending event: {'category': 'dbt', 'action': 'resource_counts', 'label': 'a18393f2-71d6-4bbc-a014-848c9ae59e10', 'context': [<snowplow_tracker.self_describing_json.SelfDescribingJson object at 0x777e33e8c610>]}
[0m05:15:30.977204 [info ] [MainThread]: Found 5 models, 13 data tests, 423 macros
[0m05:15:30.978026 [debug] [MainThread]: Sending event: {'category': 'dbt', 'action': 'runnable_timing', 'label': 'a18393f2-71d6-4bbc-a014-848c9ae59e10', 'context': [<snowplow_tracker.self_describing_json.SelfDescribingJson object at 0x777e34244fa0>]}
[0m05:15:30.979976 [info ] [MainThread]: 
[0m05:15:30.980864 [info ] [MainThread]: Concurrency: 1 threads (target='dev')
[0m05:15:30.981508 [info ] [MainThread]: 
[0m05:15:30.982367 [debug] [MainThread]: Acquiring new postgres connection 'master'
[0m05:15:30.985964 [debug] [ThreadPool]: Acquiring new postgres connection 'list_airflow_public'
[0m05:15:31.013100 [debug] [ThreadPool]: Using postgres connection "list_airflow_public"
[0m05:15:31.014095 [debug] [ThreadPool]: On list_airflow_public: BEGIN
[0m05:15:31.015048 [debug] [ThreadPool]: Opening a new connection, currently in state init
[0m05:15:31.021093 [debug] [ThreadPool]: SQL status: BEGIN in 0.006 seconds
[0m05:15:31.021668 [debug] [ThreadPool]: Using postgres connection "list_airflow_public"
[0m05:15:31.022482 [debug] [ThreadPool]: On list_airflow_public: /* {"app": "dbt", "dbt_version": "1.9.0b2", "profile_name": "dbt_ecommerce", "target_name": "dev", "connection_name": "list_airflow_public"} */
select
      'airflow' as database,
      tablename as name,
      schemaname as schema,
      'table' as type
    from pg_tables
    where schemaname ilike 'public'
    union all
    select
      'airflow' as database,
      viewname as name,
      schemaname as schema,
      'view' as type
    from pg_views
    where schemaname ilike 'public'
    union all
    select
      'airflow' as database,
      matviewname as name,
      schemaname as schema,
      'materialized_view' as type
    from pg_matviews
    where schemaname ilike 'public'
  
[0m05:15:31.025357 [debug] [ThreadPool]: SQL status: SELECT 52 in 0.002 seconds
[0m05:15:31.027393 [debug] [ThreadPool]: On list_airflow_public: ROLLBACK
[0m05:15:31.028303 [debug] [ThreadPool]: On list_airflow_public: Close
[0m05:15:31.036136 [debug] [MainThread]: Using postgres connection "master"
[0m05:15:31.036966 [debug] [MainThread]: On master: BEGIN
[0m05:15:31.037612 [debug] [MainThread]: Opening a new connection, currently in state init
[0m05:15:31.042136 [debug] [MainThread]: SQL status: BEGIN in 0.005 seconds
[0m05:15:31.042836 [debug] [MainThread]: Using postgres connection "master"
[0m05:15:31.043645 [debug] [MainThread]: On master: /* {"app": "dbt", "dbt_version": "1.9.0b2", "profile_name": "dbt_ecommerce", "target_name": "dev", "connection_name": "master"} */
with relation as (
        select
            pg_rewrite.ev_class as class,
            pg_rewrite.oid as id
        from pg_rewrite
    ),
    class as (
        select
            oid as id,
            relname as name,
            relnamespace as schema,
            relkind as kind
        from pg_class
    ),
    dependency as (
        select distinct
            pg_depend.objid as id,
            pg_depend.refobjid as ref
        from pg_depend
    ),
    schema as (
        select
            pg_namespace.oid as id,
            pg_namespace.nspname as name
        from pg_namespace
        where nspname != 'information_schema' and nspname not like 'pg\_%'
    ),
    referenced as (
        select
            relation.id AS id,
            referenced_class.name ,
            referenced_class.schema ,
            referenced_class.kind
        from relation
        join class as referenced_class on relation.class=referenced_class.id
        where referenced_class.kind in ('r', 'v', 'm')
    ),
    relationships as (
        select
            referenced.name as referenced_name,
            referenced.schema as referenced_schema_id,
            dependent_class.name as dependent_name,
            dependent_class.schema as dependent_schema_id,
            referenced.kind as kind
        from referenced
        join dependency on referenced.id=dependency.id
        join class as dependent_class on dependency.ref=dependent_class.id
        where
            (referenced.name != dependent_class.name or
             referenced.schema != dependent_class.schema)
    )

    select
        referenced_schema.name as referenced_schema,
        relationships.referenced_name as referenced_name,
        dependent_schema.name as dependent_schema,
        relationships.dependent_name as dependent_name
    from relationships
    join schema as dependent_schema on relationships.dependent_schema_id=dependent_schema.id
    join schema as referenced_schema on relationships.referenced_schema_id=referenced_schema.id
    group by referenced_schema, referenced_name, dependent_schema, dependent_name
    order by referenced_schema, referenced_name, dependent_schema, dependent_name;
[0m05:15:31.057596 [debug] [MainThread]: SQL status: SELECT 5 in 0.013 seconds
[0m05:15:31.059647 [debug] [MainThread]: Sending event: {'category': 'dbt', 'action': 'runnable_timing', 'label': 'a18393f2-71d6-4bbc-a014-848c9ae59e10', 'context': [<snowplow_tracker.self_describing_json.SelfDescribingJson object at 0x777e33e8cfd0>]}
[0m05:15:31.060615 [debug] [MainThread]: On master: ROLLBACK
[0m05:15:31.061510 [debug] [MainThread]: Using postgres connection "master"
[0m05:15:31.062166 [debug] [MainThread]: On master: BEGIN
[0m05:15:31.062978 [debug] [MainThread]: SQL status: BEGIN in 0.000 seconds
[0m05:15:31.063571 [debug] [MainThread]: On master: COMMIT
[0m05:15:31.064149 [debug] [MainThread]: Using postgres connection "master"
[0m05:15:31.064646 [debug] [MainThread]: On master: COMMIT
[0m05:15:31.065446 [debug] [MainThread]: SQL status: COMMIT in 0.000 seconds
[0m05:15:31.065967 [debug] [MainThread]: On master: Close
[0m05:15:31.072023 [debug] [Thread-1  ]: Began running node test.dbt_ecommerce.not_null_ecom_monthly_revenue_invoice_month.32c0e2da40
[0m05:15:31.072814 [info ] [Thread-1  ]: 1 of 13 START test not_null_ecom_monthly_revenue_invoice_month ................. [RUN]
[0m05:15:31.073604 [debug] [Thread-1  ]: Re-using an available connection from the pool (formerly list_airflow_public, now test.dbt_ecommerce.not_null_ecom_monthly_revenue_invoice_month.32c0e2da40)
[0m05:15:31.074227 [debug] [Thread-1  ]: Began compiling node test.dbt_ecommerce.not_null_ecom_monthly_revenue_invoice_month.32c0e2da40
[0m05:15:31.087170 [debug] [Thread-1  ]: Writing injected SQL for node "test.dbt_ecommerce.not_null_ecom_monthly_revenue_invoice_month.32c0e2da40"
[0m05:15:31.121686 [debug] [Thread-1  ]: Began executing node test.dbt_ecommerce.not_null_ecom_monthly_revenue_invoice_month.32c0e2da40
[0m05:15:31.132306 [debug] [Thread-1  ]: Writing runtime sql for node "test.dbt_ecommerce.not_null_ecom_monthly_revenue_invoice_month.32c0e2da40"
[0m05:15:31.158118 [debug] [Thread-1  ]: Using postgres connection "test.dbt_ecommerce.not_null_ecom_monthly_revenue_invoice_month.32c0e2da40"
[0m05:15:31.159054 [debug] [Thread-1  ]: On test.dbt_ecommerce.not_null_ecom_monthly_revenue_invoice_month.32c0e2da40: BEGIN
[0m05:15:31.159722 [debug] [Thread-1  ]: Opening a new connection, currently in state closed
[0m05:15:31.164975 [debug] [Thread-1  ]: SQL status: BEGIN in 0.005 seconds
[0m05:15:31.165823 [debug] [Thread-1  ]: Using postgres connection "test.dbt_ecommerce.not_null_ecom_monthly_revenue_invoice_month.32c0e2da40"
[0m05:15:31.166472 [debug] [Thread-1  ]: On test.dbt_ecommerce.not_null_ecom_monthly_revenue_invoice_month.32c0e2da40: /* {"app": "dbt", "dbt_version": "1.9.0b2", "profile_name": "dbt_ecommerce", "target_name": "dev", "node_id": "test.dbt_ecommerce.not_null_ecom_monthly_revenue_invoice_month.32c0e2da40"} */
select
      count(*) as failures,
      count(*) != 0 as should_warn,
      count(*) != 0 as should_error
    from (
      
    
    



select invoice_month
from "airflow"."public"."ecom_monthly_revenue"
where invoice_month is null



      
    ) dbt_internal_test
[0m05:15:31.200249 [debug] [Thread-1  ]: SQL status: SELECT 1 in 0.033 seconds
[0m05:15:31.204084 [debug] [Thread-1  ]: On test.dbt_ecommerce.not_null_ecom_monthly_revenue_invoice_month.32c0e2da40: ROLLBACK
[0m05:15:31.204984 [debug] [Thread-1  ]: On test.dbt_ecommerce.not_null_ecom_monthly_revenue_invoice_month.32c0e2da40: Close
[0m05:15:31.206382 [info ] [Thread-1  ]: 1 of 13 PASS not_null_ecom_monthly_revenue_invoice_month ....................... [[32mPASS[0m in 0.13s]
[0m05:15:31.207136 [debug] [Thread-1  ]: Finished running node test.dbt_ecommerce.not_null_ecom_monthly_revenue_invoice_month.32c0e2da40
[0m05:15:31.207912 [debug] [Thread-1  ]: Began running node test.dbt_ecommerce.not_null_ecom_monthly_revenue_revenue.ada5483343
[0m05:15:31.208571 [info ] [Thread-1  ]: 2 of 13 START test not_null_ecom_monthly_revenue_revenue ....................... [RUN]
[0m05:15:31.209160 [debug] [Thread-1  ]: Re-using an available connection from the pool (formerly test.dbt_ecommerce.not_null_ecom_monthly_revenue_invoice_month.32c0e2da40, now test.dbt_ecommerce.not_null_ecom_monthly_revenue_revenue.ada5483343)
[0m05:15:31.209622 [debug] [Thread-1  ]: Began compiling node test.dbt_ecommerce.not_null_ecom_monthly_revenue_revenue.ada5483343
[0m05:15:31.253279 [debug] [Thread-1  ]: Writing injected SQL for node "test.dbt_ecommerce.not_null_ecom_monthly_revenue_revenue.ada5483343"
[0m05:15:31.271068 [debug] [Thread-1  ]: Began executing node test.dbt_ecommerce.not_null_ecom_monthly_revenue_revenue.ada5483343
[0m05:15:31.273617 [debug] [Thread-1  ]: Writing runtime sql for node "test.dbt_ecommerce.not_null_ecom_monthly_revenue_revenue.ada5483343"
[0m05:15:31.290556 [debug] [Thread-1  ]: Using postgres connection "test.dbt_ecommerce.not_null_ecom_monthly_revenue_revenue.ada5483343"
[0m05:15:31.291406 [debug] [Thread-1  ]: On test.dbt_ecommerce.not_null_ecom_monthly_revenue_revenue.ada5483343: BEGIN
[0m05:15:31.292148 [debug] [Thread-1  ]: Opening a new connection, currently in state closed
[0m05:15:31.296845 [debug] [Thread-1  ]: SQL status: BEGIN in 0.005 seconds
[0m05:15:31.300324 [debug] [Thread-1  ]: Using postgres connection "test.dbt_ecommerce.not_null_ecom_monthly_revenue_revenue.ada5483343"
[0m05:15:31.304454 [debug] [Thread-1  ]: On test.dbt_ecommerce.not_null_ecom_monthly_revenue_revenue.ada5483343: /* {"app": "dbt", "dbt_version": "1.9.0b2", "profile_name": "dbt_ecommerce", "target_name": "dev", "node_id": "test.dbt_ecommerce.not_null_ecom_monthly_revenue_revenue.ada5483343"} */
select
      count(*) as failures,
      count(*) != 0 as should_warn,
      count(*) != 0 as should_error
    from (
      
    
    



select revenue
from "airflow"."public"."ecom_monthly_revenue"
where revenue is null



      
    ) dbt_internal_test
[0m05:15:31.348910 [debug] [Thread-1  ]: SQL status: SELECT 1 in 0.042 seconds
[0m05:15:31.350818 [debug] [Thread-1  ]: On test.dbt_ecommerce.not_null_ecom_monthly_revenue_revenue.ada5483343: ROLLBACK
[0m05:15:31.351875 [debug] [Thread-1  ]: On test.dbt_ecommerce.not_null_ecom_monthly_revenue_revenue.ada5483343: Close
[0m05:15:31.353046 [info ] [Thread-1  ]: 2 of 13 PASS not_null_ecom_monthly_revenue_revenue ............................. [[32mPASS[0m in 0.14s]
[0m05:15:31.354316 [debug] [Thread-1  ]: Finished running node test.dbt_ecommerce.not_null_ecom_monthly_revenue_revenue.ada5483343
[0m05:15:31.354926 [debug] [Thread-1  ]: Began running node test.dbt_ecommerce.not_null_ecom_sales_by_country_country.06c22a4811
[0m05:15:31.355555 [info ] [Thread-1  ]: 3 of 13 START test not_null_ecom_sales_by_country_country ...................... [RUN]
[0m05:15:31.356252 [debug] [Thread-1  ]: Re-using an available connection from the pool (formerly test.dbt_ecommerce.not_null_ecom_monthly_revenue_revenue.ada5483343, now test.dbt_ecommerce.not_null_ecom_sales_by_country_country.06c22a4811)
[0m05:15:31.356845 [debug] [Thread-1  ]: Began compiling node test.dbt_ecommerce.not_null_ecom_sales_by_country_country.06c22a4811
[0m05:15:31.360404 [debug] [Thread-1  ]: Writing injected SQL for node "test.dbt_ecommerce.not_null_ecom_sales_by_country_country.06c22a4811"
[0m05:15:31.373595 [debug] [Thread-1  ]: Began executing node test.dbt_ecommerce.not_null_ecom_sales_by_country_country.06c22a4811
[0m05:15:31.376000 [debug] [Thread-1  ]: Writing runtime sql for node "test.dbt_ecommerce.not_null_ecom_sales_by_country_country.06c22a4811"
[0m05:15:31.398119 [debug] [Thread-1  ]: Using postgres connection "test.dbt_ecommerce.not_null_ecom_sales_by_country_country.06c22a4811"
[0m05:15:31.398985 [debug] [Thread-1  ]: On test.dbt_ecommerce.not_null_ecom_sales_by_country_country.06c22a4811: BEGIN
[0m05:15:31.399632 [debug] [Thread-1  ]: Opening a new connection, currently in state closed
[0m05:15:31.404152 [debug] [Thread-1  ]: SQL status: BEGIN in 0.004 seconds
[0m05:15:31.404718 [debug] [Thread-1  ]: Using postgres connection "test.dbt_ecommerce.not_null_ecom_sales_by_country_country.06c22a4811"
[0m05:15:31.405325 [debug] [Thread-1  ]: On test.dbt_ecommerce.not_null_ecom_sales_by_country_country.06c22a4811: /* {"app": "dbt", "dbt_version": "1.9.0b2", "profile_name": "dbt_ecommerce", "target_name": "dev", "node_id": "test.dbt_ecommerce.not_null_ecom_sales_by_country_country.06c22a4811"} */
select
      count(*) as failures,
      count(*) != 0 as should_warn,
      count(*) != 0 as should_error
    from (
      
    
    



select country
from "airflow"."public"."ecom_sales_by_country"
where country is null



      
    ) dbt_internal_test
[0m05:15:31.418709 [debug] [Thread-1  ]: SQL status: SELECT 1 in 0.013 seconds
[0m05:15:31.420350 [debug] [Thread-1  ]: On test.dbt_ecommerce.not_null_ecom_sales_by_country_country.06c22a4811: ROLLBACK
[0m05:15:31.421322 [debug] [Thread-1  ]: On test.dbt_ecommerce.not_null_ecom_sales_by_country_country.06c22a4811: Close
[0m05:15:31.422223 [info ] [Thread-1  ]: 3 of 13 PASS not_null_ecom_sales_by_country_country ............................ [[32mPASS[0m in 0.07s]
[0m05:15:31.423045 [debug] [Thread-1  ]: Finished running node test.dbt_ecommerce.not_null_ecom_sales_by_country_country.06c22a4811
[0m05:15:31.423726 [debug] [Thread-1  ]: Began running node test.dbt_ecommerce.not_null_ecom_top_customers_customer_id.8fd8630edf
[0m05:15:31.424321 [info ] [Thread-1  ]: 4 of 13 START test not_null_ecom_top_customers_customer_id ..................... [RUN]
[0m05:15:31.425093 [debug] [Thread-1  ]: Re-using an available connection from the pool (formerly test.dbt_ecommerce.not_null_ecom_sales_by_country_country.06c22a4811, now test.dbt_ecommerce.not_null_ecom_top_customers_customer_id.8fd8630edf)
[0m05:15:31.425712 [debug] [Thread-1  ]: Began compiling node test.dbt_ecommerce.not_null_ecom_top_customers_customer_id.8fd8630edf
[0m05:15:31.429386 [debug] [Thread-1  ]: Writing injected SQL for node "test.dbt_ecommerce.not_null_ecom_top_customers_customer_id.8fd8630edf"
[0m05:15:31.446940 [debug] [Thread-1  ]: Began executing node test.dbt_ecommerce.not_null_ecom_top_customers_customer_id.8fd8630edf
[0m05:15:31.449866 [debug] [Thread-1  ]: Writing runtime sql for node "test.dbt_ecommerce.not_null_ecom_top_customers_customer_id.8fd8630edf"
[0m05:15:31.466610 [debug] [Thread-1  ]: Using postgres connection "test.dbt_ecommerce.not_null_ecom_top_customers_customer_id.8fd8630edf"
[0m05:15:31.467502 [debug] [Thread-1  ]: On test.dbt_ecommerce.not_null_ecom_top_customers_customer_id.8fd8630edf: BEGIN
[0m05:15:31.468168 [debug] [Thread-1  ]: Opening a new connection, currently in state closed
[0m05:15:31.472891 [debug] [Thread-1  ]: SQL status: BEGIN in 0.005 seconds
[0m05:15:31.473704 [debug] [Thread-1  ]: Using postgres connection "test.dbt_ecommerce.not_null_ecom_top_customers_customer_id.8fd8630edf"
[0m05:15:31.474379 [debug] [Thread-1  ]: On test.dbt_ecommerce.not_null_ecom_top_customers_customer_id.8fd8630edf: /* {"app": "dbt", "dbt_version": "1.9.0b2", "profile_name": "dbt_ecommerce", "target_name": "dev", "node_id": "test.dbt_ecommerce.not_null_ecom_top_customers_customer_id.8fd8630edf"} */
select
      count(*) as failures,
      count(*) != 0 as should_warn,
      count(*) != 0 as should_error
    from (
      
    
    



select customer_id
from "airflow"."public"."ecom_top_customers"
where customer_id is null



      
    ) dbt_internal_test
[0m05:15:31.497340 [debug] [Thread-1  ]: SQL status: SELECT 1 in 0.022 seconds
[0m05:15:31.499010 [debug] [Thread-1  ]: On test.dbt_ecommerce.not_null_ecom_top_customers_customer_id.8fd8630edf: ROLLBACK
[0m05:15:31.500123 [debug] [Thread-1  ]: On test.dbt_ecommerce.not_null_ecom_top_customers_customer_id.8fd8630edf: Close
[0m05:15:31.501099 [info ] [Thread-1  ]: 4 of 13 PASS not_null_ecom_top_customers_customer_id ........................... [[32mPASS[0m in 0.08s]
[0m05:15:31.501935 [debug] [Thread-1  ]: Finished running node test.dbt_ecommerce.not_null_ecom_top_customers_customer_id.8fd8630edf
[0m05:15:31.502722 [debug] [Thread-1  ]: Began running node test.dbt_ecommerce.not_null_ecom_top_product_stock_code.4f32e1d985
[0m05:15:31.503254 [info ] [Thread-1  ]: 5 of 13 START test not_null_ecom_top_product_stock_code ........................ [RUN]
[0m05:15:31.503967 [debug] [Thread-1  ]: Re-using an available connection from the pool (formerly test.dbt_ecommerce.not_null_ecom_top_customers_customer_id.8fd8630edf, now test.dbt_ecommerce.not_null_ecom_top_product_stock_code.4f32e1d985)
[0m05:15:31.504450 [debug] [Thread-1  ]: Began compiling node test.dbt_ecommerce.not_null_ecom_top_product_stock_code.4f32e1d985
[0m05:15:31.507975 [debug] [Thread-1  ]: Writing injected SQL for node "test.dbt_ecommerce.not_null_ecom_top_product_stock_code.4f32e1d985"
[0m05:15:31.525082 [debug] [Thread-1  ]: Began executing node test.dbt_ecommerce.not_null_ecom_top_product_stock_code.4f32e1d985
[0m05:15:31.527832 [debug] [Thread-1  ]: Writing runtime sql for node "test.dbt_ecommerce.not_null_ecom_top_product_stock_code.4f32e1d985"
[0m05:15:31.543025 [debug] [Thread-1  ]: Using postgres connection "test.dbt_ecommerce.not_null_ecom_top_product_stock_code.4f32e1d985"
[0m05:15:31.543804 [debug] [Thread-1  ]: On test.dbt_ecommerce.not_null_ecom_top_product_stock_code.4f32e1d985: BEGIN
[0m05:15:31.544716 [debug] [Thread-1  ]: Opening a new connection, currently in state closed
[0m05:15:31.549503 [debug] [Thread-1  ]: SQL status: BEGIN in 0.005 seconds
[0m05:15:31.550384 [debug] [Thread-1  ]: Using postgres connection "test.dbt_ecommerce.not_null_ecom_top_product_stock_code.4f32e1d985"
[0m05:15:31.551038 [debug] [Thread-1  ]: On test.dbt_ecommerce.not_null_ecom_top_product_stock_code.4f32e1d985: /* {"app": "dbt", "dbt_version": "1.9.0b2", "profile_name": "dbt_ecommerce", "target_name": "dev", "node_id": "test.dbt_ecommerce.not_null_ecom_top_product_stock_code.4f32e1d985"} */
select
      count(*) as failures,
      count(*) != 0 as should_warn,
      count(*) != 0 as should_error
    from (
      
    
    



select stock_code
from "airflow"."public"."ecom_top_product"
where stock_code is null



      
    ) dbt_internal_test
[0m05:15:31.625288 [debug] [Thread-1  ]: SQL status: SELECT 1 in 0.074 seconds
[0m05:15:31.628100 [debug] [Thread-1  ]: On test.dbt_ecommerce.not_null_ecom_top_product_stock_code.4f32e1d985: ROLLBACK
[0m05:15:31.630854 [debug] [Thread-1  ]: On test.dbt_ecommerce.not_null_ecom_top_product_stock_code.4f32e1d985: Close
[0m05:15:31.631791 [info ] [Thread-1  ]: 5 of 13 PASS not_null_ecom_top_product_stock_code .............................. [[32mPASS[0m in 0.13s]
[0m05:15:31.632729 [debug] [Thread-1  ]: Finished running node test.dbt_ecommerce.not_null_ecom_top_product_stock_code.4f32e1d985
[0m05:15:31.633289 [debug] [Thread-1  ]: Began running node test.dbt_ecommerce.not_null_stg_ecom_customer_id.bf5ba12dcb
[0m05:15:31.633831 [info ] [Thread-1  ]: 6 of 13 START test not_null_stg_ecom_customer_id ............................... [RUN]
[0m05:15:31.634514 [debug] [Thread-1  ]: Re-using an available connection from the pool (formerly test.dbt_ecommerce.not_null_ecom_top_product_stock_code.4f32e1d985, now test.dbt_ecommerce.not_null_stg_ecom_customer_id.bf5ba12dcb)
[0m05:15:31.635105 [debug] [Thread-1  ]: Began compiling node test.dbt_ecommerce.not_null_stg_ecom_customer_id.bf5ba12dcb
[0m05:15:31.639552 [debug] [Thread-1  ]: Writing injected SQL for node "test.dbt_ecommerce.not_null_stg_ecom_customer_id.bf5ba12dcb"
[0m05:15:31.656847 [debug] [Thread-1  ]: Began executing node test.dbt_ecommerce.not_null_stg_ecom_customer_id.bf5ba12dcb
[0m05:15:31.659682 [debug] [Thread-1  ]: Writing runtime sql for node "test.dbt_ecommerce.not_null_stg_ecom_customer_id.bf5ba12dcb"
[0m05:15:31.676129 [debug] [Thread-1  ]: Using postgres connection "test.dbt_ecommerce.not_null_stg_ecom_customer_id.bf5ba12dcb"
[0m05:15:31.676868 [debug] [Thread-1  ]: On test.dbt_ecommerce.not_null_stg_ecom_customer_id.bf5ba12dcb: BEGIN
[0m05:15:31.677534 [debug] [Thread-1  ]: Opening a new connection, currently in state closed
[0m05:15:31.681953 [debug] [Thread-1  ]: SQL status: BEGIN in 0.004 seconds
[0m05:15:31.682726 [debug] [Thread-1  ]: Using postgres connection "test.dbt_ecommerce.not_null_stg_ecom_customer_id.bf5ba12dcb"
[0m05:15:31.683328 [debug] [Thread-1  ]: On test.dbt_ecommerce.not_null_stg_ecom_customer_id.bf5ba12dcb: /* {"app": "dbt", "dbt_version": "1.9.0b2", "profile_name": "dbt_ecommerce", "target_name": "dev", "node_id": "test.dbt_ecommerce.not_null_stg_ecom_customer_id.bf5ba12dcb"} */
select
      count(*) as failures,
      count(*) != 0 as should_warn,
      count(*) != 0 as should_error
    from (
      
    
    



select customer_id
from "airflow"."public"."stg_ecom"
where customer_id is null



      
    ) dbt_internal_test
[0m05:15:31.695884 [debug] [Thread-1  ]: SQL status: SELECT 1 in 0.012 seconds
[0m05:15:31.697703 [debug] [Thread-1  ]: On test.dbt_ecommerce.not_null_stg_ecom_customer_id.bf5ba12dcb: ROLLBACK
[0m05:15:31.698823 [debug] [Thread-1  ]: On test.dbt_ecommerce.not_null_stg_ecom_customer_id.bf5ba12dcb: Close
[0m05:15:31.699949 [info ] [Thread-1  ]: 6 of 13 PASS not_null_stg_ecom_customer_id ..................................... [[32mPASS[0m in 0.07s]
[0m05:15:31.700857 [debug] [Thread-1  ]: Finished running node test.dbt_ecommerce.not_null_stg_ecom_customer_id.bf5ba12dcb
[0m05:15:31.701789 [debug] [Thread-1  ]: Began running node test.dbt_ecommerce.not_null_stg_ecom_invoice_no.f807ecd9fc
[0m05:15:31.702626 [info ] [Thread-1  ]: 7 of 13 START test not_null_stg_ecom_invoice_no ................................ [RUN]
[0m05:15:31.703363 [debug] [Thread-1  ]: Re-using an available connection from the pool (formerly test.dbt_ecommerce.not_null_stg_ecom_customer_id.bf5ba12dcb, now test.dbt_ecommerce.not_null_stg_ecom_invoice_no.f807ecd9fc)
[0m05:15:31.703795 [debug] [Thread-1  ]: Began compiling node test.dbt_ecommerce.not_null_stg_ecom_invoice_no.f807ecd9fc
[0m05:15:31.707542 [debug] [Thread-1  ]: Writing injected SQL for node "test.dbt_ecommerce.not_null_stg_ecom_invoice_no.f807ecd9fc"
[0m05:15:31.722330 [debug] [Thread-1  ]: Began executing node test.dbt_ecommerce.not_null_stg_ecom_invoice_no.f807ecd9fc
[0m05:15:31.724873 [debug] [Thread-1  ]: Writing runtime sql for node "test.dbt_ecommerce.not_null_stg_ecom_invoice_no.f807ecd9fc"
[0m05:15:31.739883 [debug] [Thread-1  ]: Using postgres connection "test.dbt_ecommerce.not_null_stg_ecom_invoice_no.f807ecd9fc"
[0m05:15:31.740676 [debug] [Thread-1  ]: On test.dbt_ecommerce.not_null_stg_ecom_invoice_no.f807ecd9fc: BEGIN
[0m05:15:31.741611 [debug] [Thread-1  ]: Opening a new connection, currently in state closed
[0m05:15:31.746302 [debug] [Thread-1  ]: SQL status: BEGIN in 0.005 seconds
[0m05:15:31.747023 [debug] [Thread-1  ]: Using postgres connection "test.dbt_ecommerce.not_null_stg_ecom_invoice_no.f807ecd9fc"
[0m05:15:31.747727 [debug] [Thread-1  ]: On test.dbt_ecommerce.not_null_stg_ecom_invoice_no.f807ecd9fc: /* {"app": "dbt", "dbt_version": "1.9.0b2", "profile_name": "dbt_ecommerce", "target_name": "dev", "node_id": "test.dbt_ecommerce.not_null_stg_ecom_invoice_no.f807ecd9fc"} */
select
      count(*) as failures,
      count(*) != 0 as should_warn,
      count(*) != 0 as should_error
    from (
      
    
    



select invoice_no
from "airflow"."public"."stg_ecom"
where invoice_no is null



      
    ) dbt_internal_test
[0m05:15:31.760364 [debug] [Thread-1  ]: SQL status: SELECT 1 in 0.012 seconds
[0m05:15:31.762132 [debug] [Thread-1  ]: On test.dbt_ecommerce.not_null_stg_ecom_invoice_no.f807ecd9fc: ROLLBACK
[0m05:15:31.762982 [debug] [Thread-1  ]: On test.dbt_ecommerce.not_null_stg_ecom_invoice_no.f807ecd9fc: Close
[0m05:15:31.763947 [info ] [Thread-1  ]: 7 of 13 PASS not_null_stg_ecom_invoice_no ...................................... [[32mPASS[0m in 0.06s]
[0m05:15:31.764749 [debug] [Thread-1  ]: Finished running node test.dbt_ecommerce.not_null_stg_ecom_invoice_no.f807ecd9fc
[0m05:15:31.765430 [debug] [Thread-1  ]: Began running node test.dbt_ecommerce.not_null_stg_ecom_quantity.83eb48507a
[0m05:15:31.766018 [info ] [Thread-1  ]: 8 of 13 START test not_null_stg_ecom_quantity .................................. [RUN]
[0m05:15:31.766638 [debug] [Thread-1  ]: Re-using an available connection from the pool (formerly test.dbt_ecommerce.not_null_stg_ecom_invoice_no.f807ecd9fc, now test.dbt_ecommerce.not_null_stg_ecom_quantity.83eb48507a)
[0m05:15:31.767279 [debug] [Thread-1  ]: Began compiling node test.dbt_ecommerce.not_null_stg_ecom_quantity.83eb48507a
[0m05:15:31.770986 [debug] [Thread-1  ]: Writing injected SQL for node "test.dbt_ecommerce.not_null_stg_ecom_quantity.83eb48507a"
[0m05:15:31.789590 [debug] [Thread-1  ]: Began executing node test.dbt_ecommerce.not_null_stg_ecom_quantity.83eb48507a
[0m05:15:31.792249 [debug] [Thread-1  ]: Writing runtime sql for node "test.dbt_ecommerce.not_null_stg_ecom_quantity.83eb48507a"
[0m05:15:31.807886 [debug] [Thread-1  ]: Using postgres connection "test.dbt_ecommerce.not_null_stg_ecom_quantity.83eb48507a"
[0m05:15:31.808667 [debug] [Thread-1  ]: On test.dbt_ecommerce.not_null_stg_ecom_quantity.83eb48507a: BEGIN
[0m05:15:31.809424 [debug] [Thread-1  ]: Opening a new connection, currently in state closed
[0m05:15:31.813912 [debug] [Thread-1  ]: SQL status: BEGIN in 0.004 seconds
[0m05:15:31.814647 [debug] [Thread-1  ]: Using postgres connection "test.dbt_ecommerce.not_null_stg_ecom_quantity.83eb48507a"
[0m05:15:31.815217 [debug] [Thread-1  ]: On test.dbt_ecommerce.not_null_stg_ecom_quantity.83eb48507a: /* {"app": "dbt", "dbt_version": "1.9.0b2", "profile_name": "dbt_ecommerce", "target_name": "dev", "node_id": "test.dbt_ecommerce.not_null_stg_ecom_quantity.83eb48507a"} */
select
      count(*) as failures,
      count(*) != 0 as should_warn,
      count(*) != 0 as should_error
    from (
      
    
    



select quantity
from "airflow"."public"."stg_ecom"
where quantity is null



      
    ) dbt_internal_test
[0m05:15:31.827937 [debug] [Thread-1  ]: SQL status: SELECT 1 in 0.012 seconds
[0m05:15:31.829943 [debug] [Thread-1  ]: On test.dbt_ecommerce.not_null_stg_ecom_quantity.83eb48507a: ROLLBACK
[0m05:15:31.830913 [debug] [Thread-1  ]: On test.dbt_ecommerce.not_null_stg_ecom_quantity.83eb48507a: Close
[0m05:15:31.831843 [info ] [Thread-1  ]: 8 of 13 PASS not_null_stg_ecom_quantity ........................................ [[32mPASS[0m in 0.07s]
[0m05:15:31.832733 [debug] [Thread-1  ]: Finished running node test.dbt_ecommerce.not_null_stg_ecom_quantity.83eb48507a
[0m05:15:31.833407 [debug] [Thread-1  ]: Began running node test.dbt_ecommerce.not_null_stg_ecom_unit_price.5cc87191c1
[0m05:15:31.834096 [info ] [Thread-1  ]: 9 of 13 START test not_null_stg_ecom_unit_price ................................ [RUN]
[0m05:15:31.834887 [debug] [Thread-1  ]: Re-using an available connection from the pool (formerly test.dbt_ecommerce.not_null_stg_ecom_quantity.83eb48507a, now test.dbt_ecommerce.not_null_stg_ecom_unit_price.5cc87191c1)
[0m05:15:31.835392 [debug] [Thread-1  ]: Began compiling node test.dbt_ecommerce.not_null_stg_ecom_unit_price.5cc87191c1
[0m05:15:31.839202 [debug] [Thread-1  ]: Writing injected SQL for node "test.dbt_ecommerce.not_null_stg_ecom_unit_price.5cc87191c1"
[0m05:15:31.855261 [debug] [Thread-1  ]: Began executing node test.dbt_ecommerce.not_null_stg_ecom_unit_price.5cc87191c1
[0m05:15:31.859191 [debug] [Thread-1  ]: Writing runtime sql for node "test.dbt_ecommerce.not_null_stg_ecom_unit_price.5cc87191c1"
[0m05:15:31.876952 [debug] [Thread-1  ]: Using postgres connection "test.dbt_ecommerce.not_null_stg_ecom_unit_price.5cc87191c1"
[0m05:15:31.878004 [debug] [Thread-1  ]: On test.dbt_ecommerce.not_null_stg_ecom_unit_price.5cc87191c1: BEGIN
[0m05:15:31.878863 [debug] [Thread-1  ]: Opening a new connection, currently in state closed
[0m05:15:31.883535 [debug] [Thread-1  ]: SQL status: BEGIN in 0.005 seconds
[0m05:15:31.884300 [debug] [Thread-1  ]: Using postgres connection "test.dbt_ecommerce.not_null_stg_ecom_unit_price.5cc87191c1"
[0m05:15:31.884936 [debug] [Thread-1  ]: On test.dbt_ecommerce.not_null_stg_ecom_unit_price.5cc87191c1: /* {"app": "dbt", "dbt_version": "1.9.0b2", "profile_name": "dbt_ecommerce", "target_name": "dev", "node_id": "test.dbt_ecommerce.not_null_stg_ecom_unit_price.5cc87191c1"} */
select
      count(*) as failures,
      count(*) != 0 as should_warn,
      count(*) != 0 as should_error
    from (
      
    
    



select unit_price
from "airflow"."public"."stg_ecom"
where unit_price is null



      
    ) dbt_internal_test
[0m05:15:31.898167 [debug] [Thread-1  ]: SQL status: SELECT 1 in 0.012 seconds
[0m05:15:31.900051 [debug] [Thread-1  ]: On test.dbt_ecommerce.not_null_stg_ecom_unit_price.5cc87191c1: ROLLBACK
[0m05:15:31.901062 [debug] [Thread-1  ]: On test.dbt_ecommerce.not_null_stg_ecom_unit_price.5cc87191c1: Close
[0m05:15:31.901965 [info ] [Thread-1  ]: 9 of 13 PASS not_null_stg_ecom_unit_price ...................................... [[32mPASS[0m in 0.07s]
[0m05:15:31.902763 [debug] [Thread-1  ]: Finished running node test.dbt_ecommerce.not_null_stg_ecom_unit_price.5cc87191c1
[0m05:15:31.903331 [debug] [Thread-1  ]: Began running node test.dbt_ecommerce.unique_ecom_monthly_revenue_invoice_month.9f9c49b329
[0m05:15:31.903939 [info ] [Thread-1  ]: 10 of 13 START test unique_ecom_monthly_revenue_invoice_month .................. [RUN]
[0m05:15:31.904607 [debug] [Thread-1  ]: Re-using an available connection from the pool (formerly test.dbt_ecommerce.not_null_stg_ecom_unit_price.5cc87191c1, now test.dbt_ecommerce.unique_ecom_monthly_revenue_invoice_month.9f9c49b329)
[0m05:15:31.905060 [debug] [Thread-1  ]: Began compiling node test.dbt_ecommerce.unique_ecom_monthly_revenue_invoice_month.9f9c49b329
[0m05:15:31.910267 [debug] [Thread-1  ]: Writing injected SQL for node "test.dbt_ecommerce.unique_ecom_monthly_revenue_invoice_month.9f9c49b329"
[0m05:15:31.925780 [debug] [Thread-1  ]: Began executing node test.dbt_ecommerce.unique_ecom_monthly_revenue_invoice_month.9f9c49b329
[0m05:15:31.929441 [debug] [Thread-1  ]: Writing runtime sql for node "test.dbt_ecommerce.unique_ecom_monthly_revenue_invoice_month.9f9c49b329"
[0m05:15:31.945708 [debug] [Thread-1  ]: Using postgres connection "test.dbt_ecommerce.unique_ecom_monthly_revenue_invoice_month.9f9c49b329"
[0m05:15:31.946593 [debug] [Thread-1  ]: On test.dbt_ecommerce.unique_ecom_monthly_revenue_invoice_month.9f9c49b329: BEGIN
[0m05:15:31.947274 [debug] [Thread-1  ]: Opening a new connection, currently in state closed
[0m05:15:31.951775 [debug] [Thread-1  ]: SQL status: BEGIN in 0.004 seconds
[0m05:15:31.952589 [debug] [Thread-1  ]: Using postgres connection "test.dbt_ecommerce.unique_ecom_monthly_revenue_invoice_month.9f9c49b329"
[0m05:15:31.953540 [debug] [Thread-1  ]: On test.dbt_ecommerce.unique_ecom_monthly_revenue_invoice_month.9f9c49b329: /* {"app": "dbt", "dbt_version": "1.9.0b2", "profile_name": "dbt_ecommerce", "target_name": "dev", "node_id": "test.dbt_ecommerce.unique_ecom_monthly_revenue_invoice_month.9f9c49b329"} */
select
      count(*) as failures,
      count(*) != 0 as should_warn,
      count(*) != 0 as should_error
    from (
      
    
    

select
    invoice_month as unique_field,
    count(*) as n_records

from "airflow"."public"."ecom_monthly_revenue"
where invoice_month is not null
group by invoice_month
having count(*) > 1



      
    ) dbt_internal_test
[0m05:15:32.005021 [debug] [Thread-1  ]: SQL status: SELECT 1 in 0.051 seconds
[0m05:15:32.007171 [debug] [Thread-1  ]: On test.dbt_ecommerce.unique_ecom_monthly_revenue_invoice_month.9f9c49b329: ROLLBACK
[0m05:15:32.008461 [debug] [Thread-1  ]: On test.dbt_ecommerce.unique_ecom_monthly_revenue_invoice_month.9f9c49b329: Close
[0m05:15:32.009633 [info ] [Thread-1  ]: 10 of 13 PASS unique_ecom_monthly_revenue_invoice_month ........................ [[32mPASS[0m in 0.11s]
[0m05:15:32.010597 [debug] [Thread-1  ]: Finished running node test.dbt_ecommerce.unique_ecom_monthly_revenue_invoice_month.9f9c49b329
[0m05:15:32.011138 [debug] [Thread-1  ]: Began running node test.dbt_ecommerce.unique_ecom_sales_by_country_country.474189ab72
[0m05:15:32.011763 [info ] [Thread-1  ]: 11 of 13 START test unique_ecom_sales_by_country_country ....................... [RUN]
[0m05:15:32.012446 [debug] [Thread-1  ]: Re-using an available connection from the pool (formerly test.dbt_ecommerce.unique_ecom_monthly_revenue_invoice_month.9f9c49b329, now test.dbt_ecommerce.unique_ecom_sales_by_country_country.474189ab72)
[0m05:15:32.013006 [debug] [Thread-1  ]: Began compiling node test.dbt_ecommerce.unique_ecom_sales_by_country_country.474189ab72
[0m05:15:32.016508 [debug] [Thread-1  ]: Writing injected SQL for node "test.dbt_ecommerce.unique_ecom_sales_by_country_country.474189ab72"
[0m05:15:32.031692 [debug] [Thread-1  ]: Began executing node test.dbt_ecommerce.unique_ecom_sales_by_country_country.474189ab72
[0m05:15:32.034546 [debug] [Thread-1  ]: Writing runtime sql for node "test.dbt_ecommerce.unique_ecom_sales_by_country_country.474189ab72"
[0m05:15:32.055548 [debug] [Thread-1  ]: Using postgres connection "test.dbt_ecommerce.unique_ecom_sales_by_country_country.474189ab72"
[0m05:15:32.062755 [debug] [Thread-1  ]: On test.dbt_ecommerce.unique_ecom_sales_by_country_country.474189ab72: BEGIN
[0m05:15:32.063847 [debug] [Thread-1  ]: Opening a new connection, currently in state closed
[0m05:15:32.070120 [debug] [Thread-1  ]: SQL status: BEGIN in 0.006 seconds
[0m05:15:32.070955 [debug] [Thread-1  ]: Using postgres connection "test.dbt_ecommerce.unique_ecom_sales_by_country_country.474189ab72"
[0m05:15:32.071637 [debug] [Thread-1  ]: On test.dbt_ecommerce.unique_ecom_sales_by_country_country.474189ab72: /* {"app": "dbt", "dbt_version": "1.9.0b2", "profile_name": "dbt_ecommerce", "target_name": "dev", "node_id": "test.dbt_ecommerce.unique_ecom_sales_by_country_country.474189ab72"} */
select
      count(*) as failures,
      count(*) != 0 as should_warn,
      count(*) != 0 as should_error
    from (
      
    
    

select
    country as unique_field,
    count(*) as n_records

from "airflow"."public"."ecom_sales_by_country"
where country is not null
group by country
having count(*) > 1



      
    ) dbt_internal_test
[0m05:15:32.096514 [debug] [Thread-1  ]: SQL status: SELECT 1 in 0.024 seconds
[0m05:15:32.098383 [debug] [Thread-1  ]: On test.dbt_ecommerce.unique_ecom_sales_by_country_country.474189ab72: ROLLBACK
[0m05:15:32.099266 [debug] [Thread-1  ]: On test.dbt_ecommerce.unique_ecom_sales_by_country_country.474189ab72: Close
[0m05:15:32.100300 [info ] [Thread-1  ]: 11 of 13 PASS unique_ecom_sales_by_country_country ............................. [[32mPASS[0m in 0.09s]
[0m05:15:32.101106 [debug] [Thread-1  ]: Finished running node test.dbt_ecommerce.unique_ecom_sales_by_country_country.474189ab72
[0m05:15:32.101881 [debug] [Thread-1  ]: Began running node test.dbt_ecommerce.unique_ecom_top_customers_customer_id.0082e1dd61
[0m05:15:32.102467 [info ] [Thread-1  ]: 12 of 13 START test unique_ecom_top_customers_customer_id ...................... [RUN]
[0m05:15:32.103094 [debug] [Thread-1  ]: Re-using an available connection from the pool (formerly test.dbt_ecommerce.unique_ecom_sales_by_country_country.474189ab72, now test.dbt_ecommerce.unique_ecom_top_customers_customer_id.0082e1dd61)
[0m05:15:32.103651 [debug] [Thread-1  ]: Began compiling node test.dbt_ecommerce.unique_ecom_top_customers_customer_id.0082e1dd61
[0m05:15:32.107266 [debug] [Thread-1  ]: Writing injected SQL for node "test.dbt_ecommerce.unique_ecom_top_customers_customer_id.0082e1dd61"
[0m05:15:32.123870 [debug] [Thread-1  ]: Began executing node test.dbt_ecommerce.unique_ecom_top_customers_customer_id.0082e1dd61
[0m05:15:32.126490 [debug] [Thread-1  ]: Writing runtime sql for node "test.dbt_ecommerce.unique_ecom_top_customers_customer_id.0082e1dd61"
[0m05:15:32.142631 [debug] [Thread-1  ]: Using postgres connection "test.dbt_ecommerce.unique_ecom_top_customers_customer_id.0082e1dd61"
[0m05:15:32.143510 [debug] [Thread-1  ]: On test.dbt_ecommerce.unique_ecom_top_customers_customer_id.0082e1dd61: BEGIN
[0m05:15:32.144432 [debug] [Thread-1  ]: Opening a new connection, currently in state closed
[0m05:15:32.149129 [debug] [Thread-1  ]: SQL status: BEGIN in 0.005 seconds
[0m05:15:32.149908 [debug] [Thread-1  ]: Using postgres connection "test.dbt_ecommerce.unique_ecom_top_customers_customer_id.0082e1dd61"
[0m05:15:32.150581 [debug] [Thread-1  ]: On test.dbt_ecommerce.unique_ecom_top_customers_customer_id.0082e1dd61: /* {"app": "dbt", "dbt_version": "1.9.0b2", "profile_name": "dbt_ecommerce", "target_name": "dev", "node_id": "test.dbt_ecommerce.unique_ecom_top_customers_customer_id.0082e1dd61"} */
select
      count(*) as failures,
      count(*) != 0 as should_warn,
      count(*) != 0 as should_error
    from (
      
    
    

select
    customer_id as unique_field,
    count(*) as n_records

from "airflow"."public"."ecom_top_customers"
where customer_id is not null
group by customer_id
having count(*) > 1



      
    ) dbt_internal_test
[0m05:15:32.174121 [debug] [Thread-1  ]: SQL status: SELECT 1 in 0.023 seconds
[0m05:15:32.175943 [debug] [Thread-1  ]: On test.dbt_ecommerce.unique_ecom_top_customers_customer_id.0082e1dd61: ROLLBACK
[0m05:15:32.176866 [debug] [Thread-1  ]: On test.dbt_ecommerce.unique_ecom_top_customers_customer_id.0082e1dd61: Close
[0m05:15:32.178007 [info ] [Thread-1  ]: 12 of 13 PASS unique_ecom_top_customers_customer_id ............................ [[32mPASS[0m in 0.07s]
[0m05:15:32.178850 [debug] [Thread-1  ]: Finished running node test.dbt_ecommerce.unique_ecom_top_customers_customer_id.0082e1dd61
[0m05:15:32.179494 [debug] [Thread-1  ]: Began running node test.dbt_ecommerce.unique_ecom_top_product_stock_code.2ca5fd7598
[0m05:15:32.180060 [info ] [Thread-1  ]: 13 of 13 START test unique_ecom_top_product_stock_code ......................... [RUN]
[0m05:15:32.180704 [debug] [Thread-1  ]: Re-using an available connection from the pool (formerly test.dbt_ecommerce.unique_ecom_top_customers_customer_id.0082e1dd61, now test.dbt_ecommerce.unique_ecom_top_product_stock_code.2ca5fd7598)
[0m05:15:32.181168 [debug] [Thread-1  ]: Began compiling node test.dbt_ecommerce.unique_ecom_top_product_stock_code.2ca5fd7598
[0m05:15:32.186133 [debug] [Thread-1  ]: Writing injected SQL for node "test.dbt_ecommerce.unique_ecom_top_product_stock_code.2ca5fd7598"
[0m05:15:32.202802 [debug] [Thread-1  ]: Began executing node test.dbt_ecommerce.unique_ecom_top_product_stock_code.2ca5fd7598
[0m05:15:32.205326 [debug] [Thread-1  ]: Writing runtime sql for node "test.dbt_ecommerce.unique_ecom_top_product_stock_code.2ca5fd7598"
[0m05:15:32.220271 [debug] [Thread-1  ]: Using postgres connection "test.dbt_ecommerce.unique_ecom_top_product_stock_code.2ca5fd7598"
[0m05:15:32.221111 [debug] [Thread-1  ]: On test.dbt_ecommerce.unique_ecom_top_product_stock_code.2ca5fd7598: BEGIN
[0m05:15:32.221960 [debug] [Thread-1  ]: Opening a new connection, currently in state closed
[0m05:15:32.227293 [debug] [Thread-1  ]: SQL status: BEGIN in 0.005 seconds
[0m05:15:32.232313 [debug] [Thread-1  ]: Using postgres connection "test.dbt_ecommerce.unique_ecom_top_product_stock_code.2ca5fd7598"
[0m05:15:32.233438 [debug] [Thread-1  ]: On test.dbt_ecommerce.unique_ecom_top_product_stock_code.2ca5fd7598: /* {"app": "dbt", "dbt_version": "1.9.0b2", "profile_name": "dbt_ecommerce", "target_name": "dev", "node_id": "test.dbt_ecommerce.unique_ecom_top_product_stock_code.2ca5fd7598"} */
select
      count(*) as failures,
      count(*) != 0 as should_warn,
      count(*) != 0 as should_error
    from (
      
    
    

select
    stock_code as unique_field,
    count(*) as n_records

from "airflow"."public"."ecom_top_product"
where stock_code is not null
group by stock_code
having count(*) > 1



      
    ) dbt_internal_test
[0m05:15:32.307559 [debug] [Thread-1  ]: SQL status: SELECT 1 in 0.073 seconds
[0m05:15:32.309476 [debug] [Thread-1  ]: On test.dbt_ecommerce.unique_ecom_top_product_stock_code.2ca5fd7598: ROLLBACK
[0m05:15:32.310507 [debug] [Thread-1  ]: On test.dbt_ecommerce.unique_ecom_top_product_stock_code.2ca5fd7598: Close
[0m05:15:32.311483 [info ] [Thread-1  ]: 13 of 13 PASS unique_ecom_top_product_stock_code ............................... [[32mPASS[0m in 0.13s]
[0m05:15:32.312453 [debug] [Thread-1  ]: Finished running node test.dbt_ecommerce.unique_ecom_top_product_stock_code.2ca5fd7598
[0m05:15:32.313967 [debug] [MainThread]: Using postgres connection "master"
[0m05:15:32.314540 [debug] [MainThread]: On master: BEGIN
[0m05:15:32.314955 [debug] [MainThread]: Opening a new connection, currently in state closed
[0m05:15:32.318956 [debug] [MainThread]: SQL status: BEGIN in 0.004 seconds
[0m05:15:32.319387 [debug] [MainThread]: On master: COMMIT
[0m05:15:32.319777 [debug] [MainThread]: Using postgres connection "master"
[0m05:15:32.320221 [debug] [MainThread]: On master: COMMIT
[0m05:15:32.320794 [debug] [MainThread]: SQL status: COMMIT in 0.000 seconds
[0m05:15:32.321177 [debug] [MainThread]: On master: Close
[0m05:15:32.321661 [debug] [MainThread]: Connection 'master' was properly closed.
[0m05:15:32.322111 [debug] [MainThread]: Connection 'test.dbt_ecommerce.unique_ecom_top_product_stock_code.2ca5fd7598' was properly closed.
[0m05:15:32.322543 [info ] [MainThread]: 
[0m05:15:32.323010 [info ] [MainThread]: Finished running 13 data tests in 0 hours 0 minutes and 1.34 seconds (1.34s).
[0m05:15:32.325016 [debug] [MainThread]: Command end result
[0m05:15:32.417311 [info ] [MainThread]: 
[0m05:15:32.418500 [info ] [MainThread]: [32mCompleted successfully[0m
[0m05:15:32.419147 [info ] [MainThread]: 
[0m05:15:32.419733 [info ] [MainThread]: Done. PASS=13 WARN=0 ERROR=0 SKIP=0 TOTAL=13
[0m05:15:32.421166 [debug] [MainThread]: Resource report: {"command_name": "test", "command_success": true, "command_wall_clock_time": 2.3676765, "process_user_time": 1.708592, "process_kernel_time": 0.123464, "process_mem_max_rss": "109832", "process_in_blocks": "0", "process_out_blocks": "0"}
[0m05:15:32.422404 [debug] [MainThread]: Command `dbt test` succeeded at 05:15:32.422312 after 2.37 seconds
[0m05:15:32.423151 [debug] [MainThread]: Sending event: {'category': 'dbt', 'action': 'invocation', 'label': 'end', 'context': [<snowplow_tracker.self_describing_json.SelfDescribingJson object at 0x777e363a7610>, <snowplow_tracker.self_describing_json.SelfDescribingJson object at 0x777e35b8c9d0>, <snowplow_tracker.self_describing_json.SelfDescribingJson object at 0x777e3640e1f0>]}
[0m05:15:32.423888 [debug] [MainThread]: Flushing usage events
[0m05:15:33.663408 [debug] [MainThread]: An error was encountered while trying to flush usage events
[0m05:41:22.916399 [debug] [MainThread]: Sending event: {'category': 'dbt', 'action': 'invocation', 'label': 'start', 'context': [<snowplow_tracker.self_describing_json.SelfDescribingJson object at 0x7753d22a7610>, <snowplow_tracker.self_describing_json.SelfDescribingJson object at 0x7753d3a4f3a0>, <snowplow_tracker.self_describing_json.SelfDescribingJson object at 0x7753d1732c10>]}


============================== 05:41:22.943063 | 8e3b4a0a-b4b5-4a8f-8f83-8c4309610e1a ==============================
[0m05:41:22.943063 [info ] [MainThread]: Running with dbt=1.9.0-b2
[0m05:41:22.944149 [debug] [MainThread]: running dbt with arguments {'printer_width': '80', 'indirect_selection': 'eager', 'log_cache_events': 'False', 'write_json': 'True', 'partial_parse': 'True', 'cache_selected_only': 'False', 'warn_error': 'None', 'debug': 'False', 'version_check': 'True', 'log_path': '/opt/airflow/dbt_ecommerce/logs', 'profiles_dir': '/home/airflow/.dbt', 'fail_fast': 'False', 'use_colors': 'True', 'use_experimental_parser': 'False', 'empty': 'False', 'quiet': 'False', 'no_print': 'None', 'log_format': 'default', 'invocation_command': 'dbt run --profiles-dir /home/airflow/.dbt --project-dir /opt/airflow/dbt_ecommerce', 'introspect': 'True', 'static_parser': 'True', 'target_path': 'None', 'warn_error_options': 'WarnErrorOptions(include=[], exclude=[])', 'send_anonymous_usage_stats': 'True'}
[0m05:41:23.101056 [debug] [MainThread]: Sending event: {'category': 'dbt', 'action': 'project_id', 'label': '8e3b4a0a-b4b5-4a8f-8f83-8c4309610e1a', 'context': [<snowplow_tracker.self_describing_json.SelfDescribingJson object at 0x7753d157f0d0>]}
[0m05:41:23.152251 [debug] [MainThread]: Sending event: {'category': 'dbt', 'action': 'adapter_info', 'label': '8e3b4a0a-b4b5-4a8f-8f83-8c4309610e1a', 'context': [<snowplow_tracker.self_describing_json.SelfDescribingJson object at 0x7753d0ec4940>]}
[0m05:41:23.153806 [info ] [MainThread]: Registered adapter: postgres=1.8.2
[0m05:41:23.169274 [debug] [MainThread]: checksum: 4cfbbe2a671212f062e88a43cba5322b30b7e3e8e91b953aa4de249eeaade60f, vars: {}, profile: , target: , version: 1.9.0b2
[0m05:41:23.509316 [debug] [MainThread]: Partial parsing enabled: 0 files deleted, 0 files added, 0 files changed.
[0m05:41:23.510155 [debug] [MainThread]: Partial parsing enabled, no changes found, skipping parsing
[0m05:41:23.547118 [debug] [MainThread]: Sending event: {'category': 'dbt', 'action': 'load_project', 'label': '8e3b4a0a-b4b5-4a8f-8f83-8c4309610e1a', 'context': [<snowplow_tracker.self_describing_json.SelfDescribingJson object at 0x7753d0588b50>]}
[0m05:41:23.791772 [debug] [MainThread]: Sending event: {'category': 'dbt', 'action': 'resource_counts', 'label': '8e3b4a0a-b4b5-4a8f-8f83-8c4309610e1a', 'context': [<snowplow_tracker.self_describing_json.SelfDescribingJson object at 0x7753d04ff790>]}
[0m05:41:23.792982 [info ] [MainThread]: Found 5 models, 13 data tests, 423 macros
[0m05:41:23.796346 [debug] [MainThread]: Sending event: {'category': 'dbt', 'action': 'runnable_timing', 'label': '8e3b4a0a-b4b5-4a8f-8f83-8c4309610e1a', 'context': [<snowplow_tracker.self_describing_json.SelfDescribingJson object at 0x7753d05bce50>]}
[0m05:41:23.798385 [info ] [MainThread]: 
[0m05:41:23.799485 [info ] [MainThread]: Concurrency: 1 threads (target='dev')
[0m05:41:23.800814 [info ] [MainThread]: 
[0m05:41:23.801818 [debug] [MainThread]: Acquiring new postgres connection 'master'
[0m05:41:23.806836 [debug] [ThreadPool]: Acquiring new postgres connection 'list_airflow'
[0m05:41:23.845455 [debug] [ThreadPool]: Using postgres connection "list_airflow"
[0m05:41:23.846555 [debug] [ThreadPool]: On list_airflow: /* {"app": "dbt", "dbt_version": "1.9.0b2", "profile_name": "dbt_ecommerce", "target_name": "dev", "connection_name": "list_airflow"} */

    select distinct nspname from pg_namespace
  
[0m05:41:23.847159 [debug] [ThreadPool]: Opening a new connection, currently in state init
[0m05:41:23.854096 [debug] [ThreadPool]: SQL status: SELECT 4 in 0.007 seconds
[0m05:41:23.855800 [debug] [ThreadPool]: On list_airflow: Close
[0m05:41:23.858366 [debug] [ThreadPool]: Re-using an available connection from the pool (formerly list_airflow, now list_airflow_public)
[0m05:41:23.864384 [debug] [ThreadPool]: Using postgres connection "list_airflow_public"
[0m05:41:23.865414 [debug] [ThreadPool]: On list_airflow_public: BEGIN
[0m05:41:23.866467 [debug] [ThreadPool]: Opening a new connection, currently in state closed
[0m05:41:23.871544 [debug] [ThreadPool]: SQL status: BEGIN in 0.005 seconds
[0m05:41:23.872661 [debug] [ThreadPool]: Using postgres connection "list_airflow_public"
[0m05:41:23.873619 [debug] [ThreadPool]: On list_airflow_public: /* {"app": "dbt", "dbt_version": "1.9.0b2", "profile_name": "dbt_ecommerce", "target_name": "dev", "connection_name": "list_airflow_public"} */
select
      'airflow' as database,
      tablename as name,
      schemaname as schema,
      'table' as type
    from pg_tables
    where schemaname ilike 'public'
    union all
    select
      'airflow' as database,
      viewname as name,
      schemaname as schema,
      'view' as type
    from pg_views
    where schemaname ilike 'public'
    union all
    select
      'airflow' as database,
      matviewname as name,
      schemaname as schema,
      'materialized_view' as type
    from pg_matviews
    where schemaname ilike 'public'
  
[0m05:41:23.876421 [debug] [ThreadPool]: SQL status: SELECT 52 in 0.002 seconds
[0m05:41:23.878732 [debug] [ThreadPool]: On list_airflow_public: ROLLBACK
[0m05:41:23.880152 [debug] [ThreadPool]: On list_airflow_public: Close
[0m05:41:23.889285 [debug] [MainThread]: Using postgres connection "master"
[0m05:41:23.890129 [debug] [MainThread]: On master: BEGIN
[0m05:41:23.890850 [debug] [MainThread]: Opening a new connection, currently in state init
[0m05:41:23.896357 [debug] [MainThread]: SQL status: BEGIN in 0.006 seconds
[0m05:41:23.897202 [debug] [MainThread]: Using postgres connection "master"
[0m05:41:23.898109 [debug] [MainThread]: On master: /* {"app": "dbt", "dbt_version": "1.9.0b2", "profile_name": "dbt_ecommerce", "target_name": "dev", "connection_name": "master"} */
with relation as (
        select
            pg_rewrite.ev_class as class,
            pg_rewrite.oid as id
        from pg_rewrite
    ),
    class as (
        select
            oid as id,
            relname as name,
            relnamespace as schema,
            relkind as kind
        from pg_class
    ),
    dependency as (
        select distinct
            pg_depend.objid as id,
            pg_depend.refobjid as ref
        from pg_depend
    ),
    schema as (
        select
            pg_namespace.oid as id,
            pg_namespace.nspname as name
        from pg_namespace
        where nspname != 'information_schema' and nspname not like 'pg\_%'
    ),
    referenced as (
        select
            relation.id AS id,
            referenced_class.name ,
            referenced_class.schema ,
            referenced_class.kind
        from relation
        join class as referenced_class on relation.class=referenced_class.id
        where referenced_class.kind in ('r', 'v', 'm')
    ),
    relationships as (
        select
            referenced.name as referenced_name,
            referenced.schema as referenced_schema_id,
            dependent_class.name as dependent_name,
            dependent_class.schema as dependent_schema_id,
            referenced.kind as kind
        from referenced
        join dependency on referenced.id=dependency.id
        join class as dependent_class on dependency.ref=dependent_class.id
        where
            (referenced.name != dependent_class.name or
             referenced.schema != dependent_class.schema)
    )

    select
        referenced_schema.name as referenced_schema,
        relationships.referenced_name as referenced_name,
        dependent_schema.name as dependent_schema,
        relationships.dependent_name as dependent_name
    from relationships
    join schema as dependent_schema on relationships.dependent_schema_id=dependent_schema.id
    join schema as referenced_schema on relationships.referenced_schema_id=referenced_schema.id
    group by referenced_schema, referenced_name, dependent_schema, dependent_name
    order by referenced_schema, referenced_name, dependent_schema, dependent_name;
[0m05:41:23.914985 [debug] [MainThread]: SQL status: SELECT 5 in 0.016 seconds
[0m05:41:23.916967 [debug] [MainThread]: Sending event: {'category': 'dbt', 'action': 'runnable_timing', 'label': '8e3b4a0a-b4b5-4a8f-8f83-8c4309610e1a', 'context': [<snowplow_tracker.self_describing_json.SelfDescribingJson object at 0x7753d04c0880>]}
[0m05:41:23.917845 [debug] [MainThread]: On master: ROLLBACK
[0m05:41:23.918710 [debug] [MainThread]: Using postgres connection "master"
[0m05:41:23.919243 [debug] [MainThread]: On master: BEGIN
[0m05:41:23.920137 [debug] [MainThread]: SQL status: BEGIN in 0.000 seconds
[0m05:41:23.920837 [debug] [MainThread]: On master: COMMIT
[0m05:41:23.921554 [debug] [MainThread]: Using postgres connection "master"
[0m05:41:23.922150 [debug] [MainThread]: On master: COMMIT
[0m05:41:23.922761 [debug] [MainThread]: SQL status: COMMIT in 0.000 seconds
[0m05:41:23.923353 [debug] [MainThread]: On master: Close
[0m05:41:23.931183 [debug] [Thread-1  ]: Began running node model.dbt_ecommerce.stg_ecom
[0m05:41:23.932018 [info ] [Thread-1  ]: 1 of 5 START sql view model public.stg_ecom .................................... [RUN]
[0m05:41:23.932775 [debug] [Thread-1  ]: Re-using an available connection from the pool (formerly list_airflow_public, now model.dbt_ecommerce.stg_ecom)
[0m05:41:23.933367 [debug] [Thread-1  ]: Began compiling node model.dbt_ecommerce.stg_ecom
[0m05:41:23.939472 [debug] [Thread-1  ]: Writing injected SQL for node "model.dbt_ecommerce.stg_ecom"
[0m05:41:23.971258 [debug] [Thread-1  ]: Began executing node model.dbt_ecommerce.stg_ecom
[0m05:41:23.999583 [debug] [Thread-1  ]: Writing runtime sql for node "model.dbt_ecommerce.stg_ecom"
[0m05:41:24.034559 [debug] [Thread-1  ]: Using postgres connection "model.dbt_ecommerce.stg_ecom"
[0m05:41:24.035415 [debug] [Thread-1  ]: On model.dbt_ecommerce.stg_ecom: BEGIN
[0m05:41:24.036093 [debug] [Thread-1  ]: Opening a new connection, currently in state closed
[0m05:41:24.042891 [debug] [Thread-1  ]: SQL status: BEGIN in 0.007 seconds
[0m05:41:24.043708 [debug] [Thread-1  ]: Using postgres connection "model.dbt_ecommerce.stg_ecom"
[0m05:41:24.044386 [debug] [Thread-1  ]: On model.dbt_ecommerce.stg_ecom: /* {"app": "dbt", "dbt_version": "1.9.0b2", "profile_name": "dbt_ecommerce", "target_name": "dev", "node_id": "model.dbt_ecommerce.stg_ecom"} */

  create view "airflow"."public"."stg_ecom__dbt_tmp"
    
    
  as (
    SELECT
    "invoice_no"     AS invoice_no,
    "stock_code"     AS stock_code,
    "description"   AS description,
    "quantity"      AS quantity,
    "invoice_date"::timestamp AS invoice_date,
    "unit_price"     AS unit_price,
    "customer_id"::int AS customer_id,
    "country"       AS country,
    "quantity" * "unit_price" AS total_price,
    TO_CHAR("invoice_date"::timestamp, 'YYYY-MM') AS invoice_month
FROM ecommerce_sales
WHERE "customer_id" IS NOT NULL
  AND "quantity" > 0
  AND "unit_price" > 0
  );
[0m05:41:24.047730 [debug] [Thread-1  ]: SQL status: CREATE VIEW in 0.003 seconds
[0m05:41:24.054305 [debug] [Thread-1  ]: Using postgres connection "model.dbt_ecommerce.stg_ecom"
[0m05:41:24.055012 [debug] [Thread-1  ]: On model.dbt_ecommerce.stg_ecom: /* {"app": "dbt", "dbt_version": "1.9.0b2", "profile_name": "dbt_ecommerce", "target_name": "dev", "node_id": "model.dbt_ecommerce.stg_ecom"} */
alter table "airflow"."public"."stg_ecom" rename to "stg_ecom__dbt_backup"
[0m05:41:24.056049 [debug] [Thread-1  ]: SQL status: ALTER TABLE in 0.000 seconds
[0m05:41:24.059112 [debug] [Thread-1  ]: Using postgres connection "model.dbt_ecommerce.stg_ecom"
[0m05:41:24.059854 [debug] [Thread-1  ]: On model.dbt_ecommerce.stg_ecom: /* {"app": "dbt", "dbt_version": "1.9.0b2", "profile_name": "dbt_ecommerce", "target_name": "dev", "node_id": "model.dbt_ecommerce.stg_ecom"} */
alter table "airflow"."public"."stg_ecom__dbt_tmp" rename to "stg_ecom"
[0m05:41:24.061355 [debug] [Thread-1  ]: SQL status: ALTER TABLE in 0.000 seconds
[0m05:41:24.074866 [debug] [Thread-1  ]: On model.dbt_ecommerce.stg_ecom: COMMIT
[0m05:41:24.075730 [debug] [Thread-1  ]: Using postgres connection "model.dbt_ecommerce.stg_ecom"
[0m05:41:24.076434 [debug] [Thread-1  ]: On model.dbt_ecommerce.stg_ecom: COMMIT
[0m05:41:24.079180 [debug] [Thread-1  ]: SQL status: COMMIT in 0.002 seconds
[0m05:41:24.085363 [debug] [Thread-1  ]: Applying DROP to: "airflow"."public"."stg_ecom__dbt_backup"
[0m05:41:24.090246 [debug] [Thread-1  ]: Using postgres connection "model.dbt_ecommerce.stg_ecom"
[0m05:41:24.091117 [debug] [Thread-1  ]: On model.dbt_ecommerce.stg_ecom: /* {"app": "dbt", "dbt_version": "1.9.0b2", "profile_name": "dbt_ecommerce", "target_name": "dev", "node_id": "model.dbt_ecommerce.stg_ecom"} */
drop view if exists "airflow"."public"."stg_ecom__dbt_backup" cascade
[0m05:41:24.095665 [debug] [Thread-1  ]: SQL status: DROP VIEW in 0.004 seconds
[0m05:41:24.098338 [debug] [Thread-1  ]: On model.dbt_ecommerce.stg_ecom: Close
[0m05:41:24.100147 [debug] [Thread-1  ]: Sending event: {'category': 'dbt', 'action': 'run_model', 'label': '8e3b4a0a-b4b5-4a8f-8f83-8c4309610e1a', 'context': [<snowplow_tracker.self_describing_json.SelfDescribingJson object at 0x7753cfcdeb80>]}
[0m05:41:24.101104 [info ] [Thread-1  ]: 1 of 5 OK created sql view model public.stg_ecom ............................... [[32mCREATE VIEW[0m in 0.17s]
[0m05:41:24.102577 [debug] [Thread-1  ]: Finished running node model.dbt_ecommerce.stg_ecom
[0m05:41:24.103582 [debug] [Thread-1  ]: Began running node model.dbt_ecommerce.ecom_monthly_revenue
[0m05:41:24.104461 [info ] [Thread-1  ]: 2 of 5 START sql view model public.ecom_monthly_revenue ........................ [RUN]
[0m05:41:24.105198 [debug] [Thread-1  ]: Re-using an available connection from the pool (formerly model.dbt_ecommerce.stg_ecom, now model.dbt_ecommerce.ecom_monthly_revenue)
[0m05:41:24.105878 [debug] [Thread-1  ]: Began compiling node model.dbt_ecommerce.ecom_monthly_revenue
[0m05:41:24.110658 [debug] [Thread-1  ]: Writing injected SQL for node "model.dbt_ecommerce.ecom_monthly_revenue"
[0m05:41:24.143134 [debug] [Thread-1  ]: Began executing node model.dbt_ecommerce.ecom_monthly_revenue
[0m05:41:24.148425 [debug] [Thread-1  ]: Writing runtime sql for node "model.dbt_ecommerce.ecom_monthly_revenue"
[0m05:41:24.184528 [debug] [Thread-1  ]: Using postgres connection "model.dbt_ecommerce.ecom_monthly_revenue"
[0m05:41:24.186172 [debug] [Thread-1  ]: On model.dbt_ecommerce.ecom_monthly_revenue: BEGIN
[0m05:41:24.187051 [debug] [Thread-1  ]: Opening a new connection, currently in state closed
[0m05:41:24.193677 [debug] [Thread-1  ]: SQL status: BEGIN in 0.006 seconds
[0m05:41:24.194647 [debug] [Thread-1  ]: Using postgres connection "model.dbt_ecommerce.ecom_monthly_revenue"
[0m05:41:24.195564 [debug] [Thread-1  ]: On model.dbt_ecommerce.ecom_monthly_revenue: /* {"app": "dbt", "dbt_version": "1.9.0b2", "profile_name": "dbt_ecommerce", "target_name": "dev", "node_id": "model.dbt_ecommerce.ecom_monthly_revenue"} */

  create view "airflow"."public"."ecom_monthly_revenue__dbt_tmp"
    
    
  as (
    SELECT
    invoice_month,
        COUNT(DISTINCT invoice_no) AS total_invoices,
        COUNT(DISTINCT customer_id) AS Unique_customers,
        ROUND(SUM(total_price)::numeric, 2) AS revenue
FROM "airflow"."public"."stg_ecom"
GROUP BY invoice_month
ORDER BY invoice_month
  );
[0m05:41:24.198850 [debug] [Thread-1  ]: SQL status: CREATE VIEW in 0.002 seconds
[0m05:41:24.202627 [debug] [Thread-1  ]: Using postgres connection "model.dbt_ecommerce.ecom_monthly_revenue"
[0m05:41:24.203487 [debug] [Thread-1  ]: On model.dbt_ecommerce.ecom_monthly_revenue: /* {"app": "dbt", "dbt_version": "1.9.0b2", "profile_name": "dbt_ecommerce", "target_name": "dev", "node_id": "model.dbt_ecommerce.ecom_monthly_revenue"} */
alter table "airflow"."public"."ecom_monthly_revenue__dbt_tmp" rename to "ecom_monthly_revenue"
[0m05:41:24.205119 [debug] [Thread-1  ]: SQL status: ALTER TABLE in 0.001 seconds
[0m05:41:24.207266 [debug] [Thread-1  ]: On model.dbt_ecommerce.ecom_monthly_revenue: COMMIT
[0m05:41:24.208205 [debug] [Thread-1  ]: Using postgres connection "model.dbt_ecommerce.ecom_monthly_revenue"
[0m05:41:24.209114 [debug] [Thread-1  ]: On model.dbt_ecommerce.ecom_monthly_revenue: COMMIT
[0m05:41:24.214240 [debug] [Thread-1  ]: SQL status: COMMIT in 0.004 seconds
[0m05:41:24.217501 [debug] [Thread-1  ]: Applying DROP to: "airflow"."public"."ecom_monthly_revenue__dbt_backup"
[0m05:41:24.219245 [debug] [Thread-1  ]: Using postgres connection "model.dbt_ecommerce.ecom_monthly_revenue"
[0m05:41:24.220523 [debug] [Thread-1  ]: On model.dbt_ecommerce.ecom_monthly_revenue: /* {"app": "dbt", "dbt_version": "1.9.0b2", "profile_name": "dbt_ecommerce", "target_name": "dev", "node_id": "model.dbt_ecommerce.ecom_monthly_revenue"} */
drop view if exists "airflow"."public"."ecom_monthly_revenue__dbt_backup" cascade
[0m05:41:24.222078 [debug] [Thread-1  ]: SQL status: DROP VIEW in 0.000 seconds
[0m05:41:24.223830 [debug] [Thread-1  ]: On model.dbt_ecommerce.ecom_monthly_revenue: Close
[0m05:41:24.225003 [debug] [Thread-1  ]: Sending event: {'category': 'dbt', 'action': 'run_model', 'label': '8e3b4a0a-b4b5-4a8f-8f83-8c4309610e1a', 'context': [<snowplow_tracker.self_describing_json.SelfDescribingJson object at 0x7753cfcde370>]}
[0m05:41:24.226370 [info ] [Thread-1  ]: 2 of 5 OK created sql view model public.ecom_monthly_revenue ................... [[32mCREATE VIEW[0m in 0.12s]
[0m05:41:24.228264 [debug] [Thread-1  ]: Finished running node model.dbt_ecommerce.ecom_monthly_revenue
[0m05:41:24.229125 [debug] [Thread-1  ]: Began running node model.dbt_ecommerce.ecom_sales_by_country
[0m05:41:24.230107 [info ] [Thread-1  ]: 3 of 5 START sql view model public.ecom_sales_by_country ....................... [RUN]
[0m05:41:24.231210 [debug] [Thread-1  ]: Re-using an available connection from the pool (formerly model.dbt_ecommerce.ecom_monthly_revenue, now model.dbt_ecommerce.ecom_sales_by_country)
[0m05:41:24.231845 [debug] [Thread-1  ]: Began compiling node model.dbt_ecommerce.ecom_sales_by_country
[0m05:41:24.235573 [debug] [Thread-1  ]: Writing injected SQL for node "model.dbt_ecommerce.ecom_sales_by_country"
[0m05:41:24.269335 [debug] [Thread-1  ]: Began executing node model.dbt_ecommerce.ecom_sales_by_country
[0m05:41:24.274068 [debug] [Thread-1  ]: Writing runtime sql for node "model.dbt_ecommerce.ecom_sales_by_country"
[0m05:41:24.312830 [debug] [Thread-1  ]: Using postgres connection "model.dbt_ecommerce.ecom_sales_by_country"
[0m05:41:24.313701 [debug] [Thread-1  ]: On model.dbt_ecommerce.ecom_sales_by_country: BEGIN
[0m05:41:24.314613 [debug] [Thread-1  ]: Opening a new connection, currently in state closed
[0m05:41:24.321544 [debug] [Thread-1  ]: SQL status: BEGIN in 0.007 seconds
[0m05:41:24.322708 [debug] [Thread-1  ]: Using postgres connection "model.dbt_ecommerce.ecom_sales_by_country"
[0m05:41:24.323692 [debug] [Thread-1  ]: On model.dbt_ecommerce.ecom_sales_by_country: /* {"app": "dbt", "dbt_version": "1.9.0b2", "profile_name": "dbt_ecommerce", "target_name": "dev", "node_id": "model.dbt_ecommerce.ecom_sales_by_country"} */

  create view "airflow"."public"."ecom_sales_by_country__dbt_tmp"
    
    
  as (
    SELECT
    country,
    COUNT(DISTINCT invoice_no)          AS total_orders,
    COUNT(DISTINCT customer_id)         AS unique_customers,
    ROUND(SUM(total_price)::numeric, 2) AS total_revenue
FROM "airflow"."public"."stg_ecom"
GROUP BY country
ORDER BY total_revenue DESC
  );
[0m05:41:24.326555 [debug] [Thread-1  ]: SQL status: CREATE VIEW in 0.002 seconds
[0m05:41:24.329867 [debug] [Thread-1  ]: Using postgres connection "model.dbt_ecommerce.ecom_sales_by_country"
[0m05:41:24.330978 [debug] [Thread-1  ]: On model.dbt_ecommerce.ecom_sales_by_country: /* {"app": "dbt", "dbt_version": "1.9.0b2", "profile_name": "dbt_ecommerce", "target_name": "dev", "node_id": "model.dbt_ecommerce.ecom_sales_by_country"} */
alter table "airflow"."public"."ecom_sales_by_country__dbt_tmp" rename to "ecom_sales_by_country"
[0m05:41:24.332596 [debug] [Thread-1  ]: SQL status: ALTER TABLE in 0.000 seconds
[0m05:41:24.334537 [debug] [Thread-1  ]: On model.dbt_ecommerce.ecom_sales_by_country: COMMIT
[0m05:41:24.335416 [debug] [Thread-1  ]: Using postgres connection "model.dbt_ecommerce.ecom_sales_by_country"
[0m05:41:24.336155 [debug] [Thread-1  ]: On model.dbt_ecommerce.ecom_sales_by_country: COMMIT
[0m05:41:24.340714 [debug] [Thread-1  ]: SQL status: COMMIT in 0.004 seconds
[0m05:41:24.344895 [debug] [Thread-1  ]: Applying DROP to: "airflow"."public"."ecom_sales_by_country__dbt_backup"
[0m05:41:24.346750 [debug] [Thread-1  ]: Using postgres connection "model.dbt_ecommerce.ecom_sales_by_country"
[0m05:41:24.347517 [debug] [Thread-1  ]: On model.dbt_ecommerce.ecom_sales_by_country: /* {"app": "dbt", "dbt_version": "1.9.0b2", "profile_name": "dbt_ecommerce", "target_name": "dev", "node_id": "model.dbt_ecommerce.ecom_sales_by_country"} */
drop view if exists "airflow"."public"."ecom_sales_by_country__dbt_backup" cascade
[0m05:41:24.348862 [debug] [Thread-1  ]: SQL status: DROP VIEW in 0.000 seconds
[0m05:41:24.350430 [debug] [Thread-1  ]: On model.dbt_ecommerce.ecom_sales_by_country: Close
[0m05:41:24.352292 [debug] [Thread-1  ]: Sending event: {'category': 'dbt', 'action': 'run_model', 'label': '8e3b4a0a-b4b5-4a8f-8f83-8c4309610e1a', 'context': [<snowplow_tracker.self_describing_json.SelfDescribingJson object at 0x7753d230e1f0>]}
[0m05:41:24.353189 [info ] [Thread-1  ]: 3 of 5 OK created sql view model public.ecom_sales_by_country .................. [[32mCREATE VIEW[0m in 0.12s]
[0m05:41:24.353953 [debug] [Thread-1  ]: Finished running node model.dbt_ecommerce.ecom_sales_by_country
[0m05:41:24.354626 [debug] [Thread-1  ]: Began running node model.dbt_ecommerce.ecom_top_customers
[0m05:41:24.355574 [info ] [Thread-1  ]: 4 of 5 START sql view model public.ecom_top_customers .......................... [RUN]
[0m05:41:24.356399 [debug] [Thread-1  ]: Re-using an available connection from the pool (formerly model.dbt_ecommerce.ecom_sales_by_country, now model.dbt_ecommerce.ecom_top_customers)
[0m05:41:24.357164 [debug] [Thread-1  ]: Began compiling node model.dbt_ecommerce.ecom_top_customers
[0m05:41:24.360528 [debug] [Thread-1  ]: Writing injected SQL for node "model.dbt_ecommerce.ecom_top_customers"
[0m05:41:24.396259 [debug] [Thread-1  ]: Began executing node model.dbt_ecommerce.ecom_top_customers
[0m05:41:24.401372 [debug] [Thread-1  ]: Writing runtime sql for node "model.dbt_ecommerce.ecom_top_customers"
[0m05:41:24.439563 [debug] [Thread-1  ]: Using postgres connection "model.dbt_ecommerce.ecom_top_customers"
[0m05:41:24.440681 [debug] [Thread-1  ]: On model.dbt_ecommerce.ecom_top_customers: BEGIN
[0m05:41:24.441454 [debug] [Thread-1  ]: Opening a new connection, currently in state closed
[0m05:41:24.447170 [debug] [Thread-1  ]: SQL status: BEGIN in 0.006 seconds
[0m05:41:24.448458 [debug] [Thread-1  ]: Using postgres connection "model.dbt_ecommerce.ecom_top_customers"
[0m05:41:24.449219 [debug] [Thread-1  ]: On model.dbt_ecommerce.ecom_top_customers: /* {"app": "dbt", "dbt_version": "1.9.0b2", "profile_name": "dbt_ecommerce", "target_name": "dev", "node_id": "model.dbt_ecommerce.ecom_top_customers"} */

  create view "airflow"."public"."ecom_top_customers__dbt_tmp"
    
    
  as (
    SELECT
    customer_id,
    COUNT(DISTINCT invoice_no)          AS total_orders,
    SUM(quantity)                       AS total_items,
    ROUND(SUM(total_price)::numeric, 2) AS total_spent,
    MIN(invoice_date)                   AS first_purchase,
    MAX(invoice_date)                   AS last_purchase
FROM "airflow"."public"."stg_ecom"
GROUP BY customer_id
ORDER BY total_spent DESC
LIMIT 20
  );
[0m05:41:24.451762 [debug] [Thread-1  ]: SQL status: CREATE VIEW in 0.001 seconds
[0m05:41:24.455101 [debug] [Thread-1  ]: Using postgres connection "model.dbt_ecommerce.ecom_top_customers"
[0m05:41:24.456231 [debug] [Thread-1  ]: On model.dbt_ecommerce.ecom_top_customers: /* {"app": "dbt", "dbt_version": "1.9.0b2", "profile_name": "dbt_ecommerce", "target_name": "dev", "node_id": "model.dbt_ecommerce.ecom_top_customers"} */
alter table "airflow"."public"."ecom_top_customers__dbt_tmp" rename to "ecom_top_customers"
[0m05:41:24.457800 [debug] [Thread-1  ]: SQL status: ALTER TABLE in 0.000 seconds
[0m05:41:24.459706 [debug] [Thread-1  ]: On model.dbt_ecommerce.ecom_top_customers: COMMIT
[0m05:41:24.460562 [debug] [Thread-1  ]: Using postgres connection "model.dbt_ecommerce.ecom_top_customers"
[0m05:41:24.461558 [debug] [Thread-1  ]: On model.dbt_ecommerce.ecom_top_customers: COMMIT
[0m05:41:24.465770 [debug] [Thread-1  ]: SQL status: COMMIT in 0.003 seconds
[0m05:41:24.468585 [debug] [Thread-1  ]: Applying DROP to: "airflow"."public"."ecom_top_customers__dbt_backup"
[0m05:41:24.470429 [debug] [Thread-1  ]: Using postgres connection "model.dbt_ecommerce.ecom_top_customers"
[0m05:41:24.471352 [debug] [Thread-1  ]: On model.dbt_ecommerce.ecom_top_customers: /* {"app": "dbt", "dbt_version": "1.9.0b2", "profile_name": "dbt_ecommerce", "target_name": "dev", "node_id": "model.dbt_ecommerce.ecom_top_customers"} */
drop view if exists "airflow"."public"."ecom_top_customers__dbt_backup" cascade
[0m05:41:24.472481 [debug] [Thread-1  ]: SQL status: DROP VIEW in 0.000 seconds
[0m05:41:24.473944 [debug] [Thread-1  ]: On model.dbt_ecommerce.ecom_top_customers: Close
[0m05:41:24.475211 [debug] [Thread-1  ]: Sending event: {'category': 'dbt', 'action': 'run_model', 'label': '8e3b4a0a-b4b5-4a8f-8f83-8c4309610e1a', 'context': [<snowplow_tracker.self_describing_json.SelfDescribingJson object at 0x7753d230e1f0>]}
[0m05:41:24.476682 [info ] [Thread-1  ]: 4 of 5 OK created sql view model public.ecom_top_customers ..................... [[32mCREATE VIEW[0m in 0.12s]
[0m05:41:24.478062 [debug] [Thread-1  ]: Finished running node model.dbt_ecommerce.ecom_top_customers
[0m05:41:24.479038 [debug] [Thread-1  ]: Began running node model.dbt_ecommerce.ecom_top_product
[0m05:41:24.479694 [info ] [Thread-1  ]: 5 of 5 START sql view model public.ecom_top_product ............................ [RUN]
[0m05:41:24.480523 [debug] [Thread-1  ]: Re-using an available connection from the pool (formerly model.dbt_ecommerce.ecom_top_customers, now model.dbt_ecommerce.ecom_top_product)
[0m05:41:24.481228 [debug] [Thread-1  ]: Began compiling node model.dbt_ecommerce.ecom_top_product
[0m05:41:24.484828 [debug] [Thread-1  ]: Writing injected SQL for node "model.dbt_ecommerce.ecom_top_product"
[0m05:41:24.517055 [debug] [Thread-1  ]: Began executing node model.dbt_ecommerce.ecom_top_product
[0m05:41:24.522587 [debug] [Thread-1  ]: Writing runtime sql for node "model.dbt_ecommerce.ecom_top_product"
[0m05:41:24.554316 [debug] [Thread-1  ]: Using postgres connection "model.dbt_ecommerce.ecom_top_product"
[0m05:41:24.555016 [debug] [Thread-1  ]: On model.dbt_ecommerce.ecom_top_product: BEGIN
[0m05:41:24.555611 [debug] [Thread-1  ]: Opening a new connection, currently in state closed
[0m05:41:24.561545 [debug] [Thread-1  ]: SQL status: BEGIN in 0.006 seconds
[0m05:41:24.562360 [debug] [Thread-1  ]: Using postgres connection "model.dbt_ecommerce.ecom_top_product"
[0m05:41:24.562940 [debug] [Thread-1  ]: On model.dbt_ecommerce.ecom_top_product: /* {"app": "dbt", "dbt_version": "1.9.0b2", "profile_name": "dbt_ecommerce", "target_name": "dev", "node_id": "model.dbt_ecommerce.ecom_top_product"} */

  create view "airflow"."public"."ecom_top_product__dbt_tmp"
    
    
  as (
    SELECT
    stock_code,
    description,
    SUM(quantity)                       AS total_quantity,
    ROUND(SUM(total_price)::numeric, 2) AS total_revenue,
    COUNT(DISTINCT invoice_no)          AS times_ordered
FROM "airflow"."public"."stg_ecom"
GROUP BY stock_code, description
ORDER BY total_revenue DESC
LIMIT 20
  );
[0m05:41:24.565253 [debug] [Thread-1  ]: SQL status: CREATE VIEW in 0.002 seconds
[0m05:41:24.571188 [debug] [Thread-1  ]: Using postgres connection "model.dbt_ecommerce.ecom_top_product"
[0m05:41:24.573104 [debug] [Thread-1  ]: On model.dbt_ecommerce.ecom_top_product: /* {"app": "dbt", "dbt_version": "1.9.0b2", "profile_name": "dbt_ecommerce", "target_name": "dev", "node_id": "model.dbt_ecommerce.ecom_top_product"} */
alter table "airflow"."public"."ecom_top_product__dbt_tmp" rename to "ecom_top_product"
[0m05:41:24.575393 [debug] [Thread-1  ]: SQL status: ALTER TABLE in 0.001 seconds
[0m05:41:24.577099 [debug] [Thread-1  ]: On model.dbt_ecommerce.ecom_top_product: COMMIT
[0m05:41:24.577862 [debug] [Thread-1  ]: Using postgres connection "model.dbt_ecommerce.ecom_top_product"
[0m05:41:24.578523 [debug] [Thread-1  ]: On model.dbt_ecommerce.ecom_top_product: COMMIT
[0m05:41:24.583119 [debug] [Thread-1  ]: SQL status: COMMIT in 0.004 seconds
[0m05:41:24.634247 [debug] [Thread-1  ]: Applying DROP to: "airflow"."public"."ecom_top_product__dbt_backup"
[0m05:41:24.635896 [debug] [Thread-1  ]: Using postgres connection "model.dbt_ecommerce.ecom_top_product"
[0m05:41:24.637428 [debug] [Thread-1  ]: On model.dbt_ecommerce.ecom_top_product: /* {"app": "dbt", "dbt_version": "1.9.0b2", "profile_name": "dbt_ecommerce", "target_name": "dev", "node_id": "model.dbt_ecommerce.ecom_top_product"} */
drop view if exists "airflow"."public"."ecom_top_product__dbt_backup" cascade
[0m05:41:24.638822 [debug] [Thread-1  ]: SQL status: DROP VIEW in 0.000 seconds
[0m05:41:24.640358 [debug] [Thread-1  ]: On model.dbt_ecommerce.ecom_top_product: Close
[0m05:41:24.641488 [debug] [Thread-1  ]: Sending event: {'category': 'dbt', 'action': 'run_model', 'label': '8e3b4a0a-b4b5-4a8f-8f83-8c4309610e1a', 'context': [<snowplow_tracker.self_describing_json.SelfDescribingJson object at 0x7753cf8f4a90>]}
[0m05:41:24.643044 [info ] [Thread-1  ]: 5 of 5 OK created sql view model public.ecom_top_product ....................... [[32mCREATE VIEW[0m in 0.16s]
[0m05:41:24.644828 [debug] [Thread-1  ]: Finished running node model.dbt_ecommerce.ecom_top_product
[0m05:41:24.646495 [debug] [MainThread]: Using postgres connection "master"
[0m05:41:24.647253 [debug] [MainThread]: On master: BEGIN
[0m05:41:24.647965 [debug] [MainThread]: Opening a new connection, currently in state closed
[0m05:41:24.653586 [debug] [MainThread]: SQL status: BEGIN in 0.006 seconds
[0m05:41:24.654507 [debug] [MainThread]: On master: COMMIT
[0m05:41:24.655374 [debug] [MainThread]: Using postgres connection "master"
[0m05:41:24.656074 [debug] [MainThread]: On master: COMMIT
[0m05:41:24.657311 [debug] [MainThread]: SQL status: COMMIT in 0.000 seconds
[0m05:41:24.658352 [debug] [MainThread]: On master: Close
[0m05:41:24.659436 [debug] [MainThread]: Connection 'master' was properly closed.
[0m05:41:24.660027 [debug] [MainThread]: Connection 'model.dbt_ecommerce.ecom_top_product' was properly closed.
[0m05:41:24.660847 [info ] [MainThread]: 
[0m05:41:24.661666 [info ] [MainThread]: Finished running 5 view models in 0 hours 0 minutes and 0.86 seconds (0.86s).
[0m05:41:24.663557 [debug] [MainThread]: Command end result
[0m05:41:24.771920 [info ] [MainThread]: 
[0m05:41:24.774921 [info ] [MainThread]: [32mCompleted successfully[0m
[0m05:41:24.776420 [info ] [MainThread]: 
[0m05:41:24.777547 [info ] [MainThread]: Done. PASS=5 WARN=0 ERROR=0 SKIP=0 TOTAL=5
[0m05:41:24.779016 [debug] [MainThread]: Resource report: {"command_name": "run", "command_success": true, "command_wall_clock_time": 1.9870973, "process_user_time": 1.75523, "process_kernel_time": 0.192839, "process_mem_max_rss": "105192", "process_in_blocks": "576", "process_out_blocks": "120"}
[0m05:41:24.780370 [debug] [MainThread]: Command `dbt run` succeeded at 05:41:24.780266 after 1.99 seconds
[0m05:41:24.781404 [debug] [MainThread]: Sending event: {'category': 'dbt', 'action': 'invocation', 'label': 'end', 'context': [<snowplow_tracker.self_describing_json.SelfDescribingJson object at 0x7753d22a7610>, <snowplow_tracker.self_describing_json.SelfDescribingJson object at 0x7753d2095220>, <snowplow_tracker.self_describing_json.SelfDescribingJson object at 0x7753cf90bbb0>]}
[0m05:41:24.782646 [debug] [MainThread]: Flushing usage events
[0m05:41:27.076394 [debug] [MainThread]: An error was encountered while trying to flush usage events
[0m05:41:29.509542 [debug] [MainThread]: Sending event: {'category': 'dbt', 'action': 'invocation', 'label': 'start', 'context': [<snowplow_tracker.self_describing_json.SelfDescribingJson object at 0x71385ce27610>, <snowplow_tracker.self_describing_json.SelfDescribingJson object at 0x71385ce94b50>, <snowplow_tracker.self_describing_json.SelfDescribingJson object at 0x71385c30df70>]}


============================== 05:41:29.517024 | cd3cb9de-43b2-4da0-974a-6e6e323e6005 ==============================
[0m05:41:29.517024 [info ] [MainThread]: Running with dbt=1.9.0-b2
[0m05:41:29.518135 [debug] [MainThread]: running dbt with arguments {'printer_width': '80', 'indirect_selection': 'eager', 'write_json': 'True', 'log_cache_events': 'False', 'partial_parse': 'True', 'cache_selected_only': 'False', 'profiles_dir': '/home/airflow/.dbt', 'debug': 'False', 'version_check': 'True', 'log_path': '/opt/airflow/dbt_ecommerce/logs', 'warn_error': 'None', 'fail_fast': 'False', 'use_colors': 'True', 'use_experimental_parser': 'False', 'empty': 'None', 'quiet': 'False', 'no_print': 'None', 'log_format': 'default', 'invocation_command': 'dbt test --profiles-dir /home/airflow/.dbt --project-dir /opt/airflow/dbt_ecommerce', 'warn_error_options': 'WarnErrorOptions(include=[], exclude=[])', 'introspect': 'True', 'target_path': 'None', 'static_parser': 'True', 'send_anonymous_usage_stats': 'True'}
[0m05:41:29.664818 [debug] [MainThread]: Sending event: {'category': 'dbt', 'action': 'project_id', 'label': 'cd3cb9de-43b2-4da0-974a-6e6e323e6005', 'context': [<snowplow_tracker.self_describing_json.SelfDescribingJson object at 0x71385b99c700>]}
[0m05:41:29.711388 [debug] [MainThread]: Sending event: {'category': 'dbt', 'action': 'adapter_info', 'label': 'cd3cb9de-43b2-4da0-974a-6e6e323e6005', 'context': [<snowplow_tracker.self_describing_json.SelfDescribingJson object at 0x71385c0ed790>]}
[0m05:41:29.713701 [info ] [MainThread]: Registered adapter: postgres=1.8.2
[0m05:41:29.728422 [debug] [MainThread]: checksum: 4cfbbe2a671212f062e88a43cba5322b30b7e3e8e91b953aa4de249eeaade60f, vars: {}, profile: , target: , version: 1.9.0b2
[0m05:41:30.005977 [debug] [MainThread]: Partial parsing enabled: 0 files deleted, 0 files added, 0 files changed.
[0m05:41:30.006873 [debug] [MainThread]: Partial parsing enabled, no changes found, skipping parsing
[0m05:41:30.043997 [debug] [MainThread]: Sending event: {'category': 'dbt', 'action': 'load_project', 'label': 'cd3cb9de-43b2-4da0-974a-6e6e323e6005', 'context': [<snowplow_tracker.self_describing_json.SelfDescribingJson object at 0x71385b10ec70>]}
[0m05:41:30.183022 [debug] [MainThread]: Sending event: {'category': 'dbt', 'action': 'resource_counts', 'label': 'cd3cb9de-43b2-4da0-974a-6e6e323e6005', 'context': [<snowplow_tracker.self_describing_json.SelfDescribingJson object at 0x71385ad1a8e0>]}
[0m05:41:30.184633 [info ] [MainThread]: Found 5 models, 13 data tests, 423 macros
[0m05:41:30.187193 [debug] [MainThread]: Sending event: {'category': 'dbt', 'action': 'runnable_timing', 'label': 'cd3cb9de-43b2-4da0-974a-6e6e323e6005', 'context': [<snowplow_tracker.self_describing_json.SelfDescribingJson object at 0x71385b08ccd0>]}
[0m05:41:30.190050 [info ] [MainThread]: 
[0m05:41:30.191526 [info ] [MainThread]: Concurrency: 1 threads (target='dev')
[0m05:41:30.192416 [info ] [MainThread]: 
[0m05:41:30.194158 [debug] [MainThread]: Acquiring new postgres connection 'master'
[0m05:41:30.199383 [debug] [ThreadPool]: Acquiring new postgres connection 'list_airflow_public'
[0m05:41:30.235482 [debug] [ThreadPool]: Using postgres connection "list_airflow_public"
[0m05:41:30.236341 [debug] [ThreadPool]: On list_airflow_public: BEGIN
[0m05:41:30.236853 [debug] [ThreadPool]: Opening a new connection, currently in state init
[0m05:41:30.243004 [debug] [ThreadPool]: SQL status: BEGIN in 0.006 seconds
[0m05:41:30.243724 [debug] [ThreadPool]: Using postgres connection "list_airflow_public"
[0m05:41:30.244509 [debug] [ThreadPool]: On list_airflow_public: /* {"app": "dbt", "dbt_version": "1.9.0b2", "profile_name": "dbt_ecommerce", "target_name": "dev", "connection_name": "list_airflow_public"} */
select
      'airflow' as database,
      tablename as name,
      schemaname as schema,
      'table' as type
    from pg_tables
    where schemaname ilike 'public'
    union all
    select
      'airflow' as database,
      viewname as name,
      schemaname as schema,
      'view' as type
    from pg_views
    where schemaname ilike 'public'
    union all
    select
      'airflow' as database,
      matviewname as name,
      schemaname as schema,
      'materialized_view' as type
    from pg_matviews
    where schemaname ilike 'public'
  
[0m05:41:30.249423 [debug] [ThreadPool]: SQL status: SELECT 52 in 0.004 seconds
[0m05:41:30.251607 [debug] [ThreadPool]: On list_airflow_public: ROLLBACK
[0m05:41:30.252500 [debug] [ThreadPool]: On list_airflow_public: Close
[0m05:41:30.262411 [debug] [MainThread]: Using postgres connection "master"
[0m05:41:30.263420 [debug] [MainThread]: On master: BEGIN
[0m05:41:30.263977 [debug] [MainThread]: Opening a new connection, currently in state init
[0m05:41:30.269822 [debug] [MainThread]: SQL status: BEGIN in 0.006 seconds
[0m05:41:30.270779 [debug] [MainThread]: Using postgres connection "master"
[0m05:41:30.271567 [debug] [MainThread]: On master: /* {"app": "dbt", "dbt_version": "1.9.0b2", "profile_name": "dbt_ecommerce", "target_name": "dev", "connection_name": "master"} */
with relation as (
        select
            pg_rewrite.ev_class as class,
            pg_rewrite.oid as id
        from pg_rewrite
    ),
    class as (
        select
            oid as id,
            relname as name,
            relnamespace as schema,
            relkind as kind
        from pg_class
    ),
    dependency as (
        select distinct
            pg_depend.objid as id,
            pg_depend.refobjid as ref
        from pg_depend
    ),
    schema as (
        select
            pg_namespace.oid as id,
            pg_namespace.nspname as name
        from pg_namespace
        where nspname != 'information_schema' and nspname not like 'pg\_%'
    ),
    referenced as (
        select
            relation.id AS id,
            referenced_class.name ,
            referenced_class.schema ,
            referenced_class.kind
        from relation
        join class as referenced_class on relation.class=referenced_class.id
        where referenced_class.kind in ('r', 'v', 'm')
    ),
    relationships as (
        select
            referenced.name as referenced_name,
            referenced.schema as referenced_schema_id,
            dependent_class.name as dependent_name,
            dependent_class.schema as dependent_schema_id,
            referenced.kind as kind
        from referenced
        join dependency on referenced.id=dependency.id
        join class as dependent_class on dependency.ref=dependent_class.id
        where
            (referenced.name != dependent_class.name or
             referenced.schema != dependent_class.schema)
    )

    select
        referenced_schema.name as referenced_schema,
        relationships.referenced_name as referenced_name,
        dependent_schema.name as dependent_schema,
        relationships.dependent_name as dependent_name
    from relationships
    join schema as dependent_schema on relationships.dependent_schema_id=dependent_schema.id
    join schema as referenced_schema on relationships.referenced_schema_id=referenced_schema.id
    group by referenced_schema, referenced_name, dependent_schema, dependent_name
    order by referenced_schema, referenced_name, dependent_schema, dependent_name;
[0m05:41:30.286551 [debug] [MainThread]: SQL status: SELECT 5 in 0.014 seconds
[0m05:41:30.289349 [debug] [MainThread]: Sending event: {'category': 'dbt', 'action': 'runnable_timing', 'label': 'cd3cb9de-43b2-4da0-974a-6e6e323e6005', 'context': [<snowplow_tracker.self_describing_json.SelfDescribingJson object at 0x71385ad1ad60>]}
[0m05:41:30.290800 [debug] [MainThread]: On master: ROLLBACK
[0m05:41:30.291839 [debug] [MainThread]: Using postgres connection "master"
[0m05:41:30.292351 [debug] [MainThread]: On master: BEGIN
[0m05:41:30.293007 [debug] [MainThread]: SQL status: BEGIN in 0.000 seconds
[0m05:41:30.293502 [debug] [MainThread]: On master: COMMIT
[0m05:41:30.293951 [debug] [MainThread]: Using postgres connection "master"
[0m05:41:30.294538 [debug] [MainThread]: On master: COMMIT
[0m05:41:30.295498 [debug] [MainThread]: SQL status: COMMIT in 0.000 seconds
[0m05:41:30.296085 [debug] [MainThread]: On master: Close
[0m05:41:30.303154 [debug] [Thread-1  ]: Began running node test.dbt_ecommerce.not_null_ecom_monthly_revenue_invoice_month.32c0e2da40
[0m05:41:30.304647 [info ] [Thread-1  ]: 1 of 13 START test not_null_ecom_monthly_revenue_invoice_month ................. [RUN]
[0m05:41:30.305606 [debug] [Thread-1  ]: Re-using an available connection from the pool (formerly list_airflow_public, now test.dbt_ecommerce.not_null_ecom_monthly_revenue_invoice_month.32c0e2da40)
[0m05:41:30.306231 [debug] [Thread-1  ]: Began compiling node test.dbt_ecommerce.not_null_ecom_monthly_revenue_invoice_month.32c0e2da40
[0m05:41:30.320433 [debug] [Thread-1  ]: Writing injected SQL for node "test.dbt_ecommerce.not_null_ecom_monthly_revenue_invoice_month.32c0e2da40"
[0m05:41:30.351651 [debug] [Thread-1  ]: Began executing node test.dbt_ecommerce.not_null_ecom_monthly_revenue_invoice_month.32c0e2da40
[0m05:41:30.366341 [debug] [Thread-1  ]: Writing runtime sql for node "test.dbt_ecommerce.not_null_ecom_monthly_revenue_invoice_month.32c0e2da40"
[0m05:41:30.400192 [debug] [Thread-1  ]: Using postgres connection "test.dbt_ecommerce.not_null_ecom_monthly_revenue_invoice_month.32c0e2da40"
[0m05:41:30.401729 [debug] [Thread-1  ]: On test.dbt_ecommerce.not_null_ecom_monthly_revenue_invoice_month.32c0e2da40: BEGIN
[0m05:41:30.402546 [debug] [Thread-1  ]: Opening a new connection, currently in state closed
[0m05:41:30.409121 [debug] [Thread-1  ]: SQL status: BEGIN in 0.006 seconds
[0m05:41:30.410177 [debug] [Thread-1  ]: Using postgres connection "test.dbt_ecommerce.not_null_ecom_monthly_revenue_invoice_month.32c0e2da40"
[0m05:41:30.411093 [debug] [Thread-1  ]: On test.dbt_ecommerce.not_null_ecom_monthly_revenue_invoice_month.32c0e2da40: /* {"app": "dbt", "dbt_version": "1.9.0b2", "profile_name": "dbt_ecommerce", "target_name": "dev", "node_id": "test.dbt_ecommerce.not_null_ecom_monthly_revenue_invoice_month.32c0e2da40"} */
select
      count(*) as failures,
      count(*) != 0 as should_warn,
      count(*) != 0 as should_error
    from (
      
    
    



select invoice_month
from "airflow"."public"."ecom_monthly_revenue"
where invoice_month is null



      
    ) dbt_internal_test
[0m05:41:30.452150 [debug] [Thread-1  ]: SQL status: SELECT 1 in 0.040 seconds
[0m05:41:30.456998 [debug] [Thread-1  ]: On test.dbt_ecommerce.not_null_ecom_monthly_revenue_invoice_month.32c0e2da40: ROLLBACK
[0m05:41:30.458051 [debug] [Thread-1  ]: On test.dbt_ecommerce.not_null_ecom_monthly_revenue_invoice_month.32c0e2da40: Close
[0m05:41:30.459098 [info ] [Thread-1  ]: 1 of 13 PASS not_null_ecom_monthly_revenue_invoice_month ....................... [[32mPASS[0m in 0.15s]
[0m05:41:30.459821 [debug] [Thread-1  ]: Finished running node test.dbt_ecommerce.not_null_ecom_monthly_revenue_invoice_month.32c0e2da40
[0m05:41:30.460359 [debug] [Thread-1  ]: Began running node test.dbt_ecommerce.not_null_ecom_monthly_revenue_revenue.ada5483343
[0m05:41:30.460946 [info ] [Thread-1  ]: 2 of 13 START test not_null_ecom_monthly_revenue_revenue ....................... [RUN]
[0m05:41:30.461734 [debug] [Thread-1  ]: Re-using an available connection from the pool (formerly test.dbt_ecommerce.not_null_ecom_monthly_revenue_invoice_month.32c0e2da40, now test.dbt_ecommerce.not_null_ecom_monthly_revenue_revenue.ada5483343)
[0m05:41:30.462415 [debug] [Thread-1  ]: Began compiling node test.dbt_ecommerce.not_null_ecom_monthly_revenue_revenue.ada5483343
[0m05:41:30.467794 [debug] [Thread-1  ]: Writing injected SQL for node "test.dbt_ecommerce.not_null_ecom_monthly_revenue_revenue.ada5483343"
[0m05:41:30.501039 [debug] [Thread-1  ]: Began executing node test.dbt_ecommerce.not_null_ecom_monthly_revenue_revenue.ada5483343
[0m05:41:30.504221 [debug] [Thread-1  ]: Writing runtime sql for node "test.dbt_ecommerce.not_null_ecom_monthly_revenue_revenue.ada5483343"
[0m05:41:30.533233 [debug] [Thread-1  ]: Using postgres connection "test.dbt_ecommerce.not_null_ecom_monthly_revenue_revenue.ada5483343"
[0m05:41:30.533962 [debug] [Thread-1  ]: On test.dbt_ecommerce.not_null_ecom_monthly_revenue_revenue.ada5483343: BEGIN
[0m05:41:30.534594 [debug] [Thread-1  ]: Opening a new connection, currently in state closed
[0m05:41:30.540330 [debug] [Thread-1  ]: SQL status: BEGIN in 0.005 seconds
[0m05:41:30.541189 [debug] [Thread-1  ]: Using postgres connection "test.dbt_ecommerce.not_null_ecom_monthly_revenue_revenue.ada5483343"
[0m05:41:30.541822 [debug] [Thread-1  ]: On test.dbt_ecommerce.not_null_ecom_monthly_revenue_revenue.ada5483343: /* {"app": "dbt", "dbt_version": "1.9.0b2", "profile_name": "dbt_ecommerce", "target_name": "dev", "node_id": "test.dbt_ecommerce.not_null_ecom_monthly_revenue_revenue.ada5483343"} */
select
      count(*) as failures,
      count(*) != 0 as should_warn,
      count(*) != 0 as should_error
    from (
      
    
    



select revenue
from "airflow"."public"."ecom_monthly_revenue"
where revenue is null



      
    ) dbt_internal_test
[0m05:41:30.590503 [debug] [Thread-1  ]: SQL status: SELECT 1 in 0.048 seconds
[0m05:41:30.592074 [debug] [Thread-1  ]: On test.dbt_ecommerce.not_null_ecom_monthly_revenue_revenue.ada5483343: ROLLBACK
[0m05:41:30.593026 [debug] [Thread-1  ]: On test.dbt_ecommerce.not_null_ecom_monthly_revenue_revenue.ada5483343: Close
[0m05:41:30.594144 [info ] [Thread-1  ]: 2 of 13 PASS not_null_ecom_monthly_revenue_revenue ............................. [[32mPASS[0m in 0.13s]
[0m05:41:30.595517 [debug] [Thread-1  ]: Finished running node test.dbt_ecommerce.not_null_ecom_monthly_revenue_revenue.ada5483343
[0m05:41:30.596368 [debug] [Thread-1  ]: Began running node test.dbt_ecommerce.not_null_ecom_sales_by_country_country.06c22a4811
[0m05:41:30.596909 [info ] [Thread-1  ]: 3 of 13 START test not_null_ecom_sales_by_country_country ...................... [RUN]
[0m05:41:30.597638 [debug] [Thread-1  ]: Re-using an available connection from the pool (formerly test.dbt_ecommerce.not_null_ecom_monthly_revenue_revenue.ada5483343, now test.dbt_ecommerce.not_null_ecom_sales_by_country_country.06c22a4811)
[0m05:41:30.598141 [debug] [Thread-1  ]: Began compiling node test.dbt_ecommerce.not_null_ecom_sales_by_country_country.06c22a4811
[0m05:41:30.602982 [debug] [Thread-1  ]: Writing injected SQL for node "test.dbt_ecommerce.not_null_ecom_sales_by_country_country.06c22a4811"
[0m05:41:30.636023 [debug] [Thread-1  ]: Began executing node test.dbt_ecommerce.not_null_ecom_sales_by_country_country.06c22a4811
[0m05:41:30.639621 [debug] [Thread-1  ]: Writing runtime sql for node "test.dbt_ecommerce.not_null_ecom_sales_by_country_country.06c22a4811"
[0m05:41:30.669923 [debug] [Thread-1  ]: Using postgres connection "test.dbt_ecommerce.not_null_ecom_sales_by_country_country.06c22a4811"
[0m05:41:30.670949 [debug] [Thread-1  ]: On test.dbt_ecommerce.not_null_ecom_sales_by_country_country.06c22a4811: BEGIN
[0m05:41:30.671821 [debug] [Thread-1  ]: Opening a new connection, currently in state closed
[0m05:41:30.677121 [debug] [Thread-1  ]: SQL status: BEGIN in 0.005 seconds
[0m05:41:30.678355 [debug] [Thread-1  ]: Using postgres connection "test.dbt_ecommerce.not_null_ecom_sales_by_country_country.06c22a4811"
[0m05:41:30.680061 [debug] [Thread-1  ]: On test.dbt_ecommerce.not_null_ecom_sales_by_country_country.06c22a4811: /* {"app": "dbt", "dbt_version": "1.9.0b2", "profile_name": "dbt_ecommerce", "target_name": "dev", "node_id": "test.dbt_ecommerce.not_null_ecom_sales_by_country_country.06c22a4811"} */
select
      count(*) as failures,
      count(*) != 0 as should_warn,
      count(*) != 0 as should_error
    from (
      
    
    



select country
from "airflow"."public"."ecom_sales_by_country"
where country is null



      
    ) dbt_internal_test
[0m05:41:30.700036 [debug] [Thread-1  ]: SQL status: SELECT 1 in 0.019 seconds
[0m05:41:30.702613 [debug] [Thread-1  ]: On test.dbt_ecommerce.not_null_ecom_sales_by_country_country.06c22a4811: ROLLBACK
[0m05:41:30.703644 [debug] [Thread-1  ]: On test.dbt_ecommerce.not_null_ecom_sales_by_country_country.06c22a4811: Close
[0m05:41:30.704647 [info ] [Thread-1  ]: 3 of 13 PASS not_null_ecom_sales_by_country_country ............................ [[32mPASS[0m in 0.11s]
[0m05:41:30.705679 [debug] [Thread-1  ]: Finished running node test.dbt_ecommerce.not_null_ecom_sales_by_country_country.06c22a4811
[0m05:41:30.706524 [debug] [Thread-1  ]: Began running node test.dbt_ecommerce.not_null_ecom_top_customers_customer_id.8fd8630edf
[0m05:41:30.707680 [info ] [Thread-1  ]: 4 of 13 START test not_null_ecom_top_customers_customer_id ..................... [RUN]
[0m05:41:30.708764 [debug] [Thread-1  ]: Re-using an available connection from the pool (formerly test.dbt_ecommerce.not_null_ecom_sales_by_country_country.06c22a4811, now test.dbt_ecommerce.not_null_ecom_top_customers_customer_id.8fd8630edf)
[0m05:41:30.709373 [debug] [Thread-1  ]: Began compiling node test.dbt_ecommerce.not_null_ecom_top_customers_customer_id.8fd8630edf
[0m05:41:30.714950 [debug] [Thread-1  ]: Writing injected SQL for node "test.dbt_ecommerce.not_null_ecom_top_customers_customer_id.8fd8630edf"
[0m05:41:30.750176 [debug] [Thread-1  ]: Began executing node test.dbt_ecommerce.not_null_ecom_top_customers_customer_id.8fd8630edf
[0m05:41:30.753006 [debug] [Thread-1  ]: Writing runtime sql for node "test.dbt_ecommerce.not_null_ecom_top_customers_customer_id.8fd8630edf"
[0m05:41:30.786410 [debug] [Thread-1  ]: Using postgres connection "test.dbt_ecommerce.not_null_ecom_top_customers_customer_id.8fd8630edf"
[0m05:41:30.787545 [debug] [Thread-1  ]: On test.dbt_ecommerce.not_null_ecom_top_customers_customer_id.8fd8630edf: BEGIN
[0m05:41:30.788812 [debug] [Thread-1  ]: Opening a new connection, currently in state closed
[0m05:41:30.794604 [debug] [Thread-1  ]: SQL status: BEGIN in 0.006 seconds
[0m05:41:30.795664 [debug] [Thread-1  ]: Using postgres connection "test.dbt_ecommerce.not_null_ecom_top_customers_customer_id.8fd8630edf"
[0m05:41:30.796449 [debug] [Thread-1  ]: On test.dbt_ecommerce.not_null_ecom_top_customers_customer_id.8fd8630edf: /* {"app": "dbt", "dbt_version": "1.9.0b2", "profile_name": "dbt_ecommerce", "target_name": "dev", "node_id": "test.dbt_ecommerce.not_null_ecom_top_customers_customer_id.8fd8630edf"} */
select
      count(*) as failures,
      count(*) != 0 as should_warn,
      count(*) != 0 as should_error
    from (
      
    
    



select customer_id
from "airflow"."public"."ecom_top_customers"
where customer_id is null



      
    ) dbt_internal_test
[0m05:41:30.827581 [debug] [Thread-1  ]: SQL status: SELECT 1 in 0.030 seconds
[0m05:41:30.830735 [debug] [Thread-1  ]: On test.dbt_ecommerce.not_null_ecom_top_customers_customer_id.8fd8630edf: ROLLBACK
[0m05:41:30.832955 [debug] [Thread-1  ]: On test.dbt_ecommerce.not_null_ecom_top_customers_customer_id.8fd8630edf: Close
[0m05:41:30.835290 [info ] [Thread-1  ]: 4 of 13 PASS not_null_ecom_top_customers_customer_id ........................... [[32mPASS[0m in 0.13s]
[0m05:41:30.837621 [debug] [Thread-1  ]: Finished running node test.dbt_ecommerce.not_null_ecom_top_customers_customer_id.8fd8630edf
[0m05:41:30.839997 [debug] [Thread-1  ]: Began running node test.dbt_ecommerce.not_null_ecom_top_product_stock_code.4f32e1d985
[0m05:41:30.844031 [info ] [Thread-1  ]: 5 of 13 START test not_null_ecom_top_product_stock_code ........................ [RUN]
[0m05:41:30.851125 [debug] [Thread-1  ]: Re-using an available connection from the pool (formerly test.dbt_ecommerce.not_null_ecom_top_customers_customer_id.8fd8630edf, now test.dbt_ecommerce.not_null_ecom_top_product_stock_code.4f32e1d985)
[0m05:41:30.853452 [debug] [Thread-1  ]: Began compiling node test.dbt_ecommerce.not_null_ecom_top_product_stock_code.4f32e1d985
[0m05:41:30.862903 [debug] [Thread-1  ]: Writing injected SQL for node "test.dbt_ecommerce.not_null_ecom_top_product_stock_code.4f32e1d985"
[0m05:41:30.893348 [debug] [Thread-1  ]: Began executing node test.dbt_ecommerce.not_null_ecom_top_product_stock_code.4f32e1d985
[0m05:41:30.899899 [debug] [Thread-1  ]: Writing runtime sql for node "test.dbt_ecommerce.not_null_ecom_top_product_stock_code.4f32e1d985"
[0m05:41:30.931068 [debug] [Thread-1  ]: Using postgres connection "test.dbt_ecommerce.not_null_ecom_top_product_stock_code.4f32e1d985"
[0m05:41:30.931878 [debug] [Thread-1  ]: On test.dbt_ecommerce.not_null_ecom_top_product_stock_code.4f32e1d985: BEGIN
[0m05:41:30.932614 [debug] [Thread-1  ]: Opening a new connection, currently in state closed
[0m05:41:30.939908 [debug] [Thread-1  ]: SQL status: BEGIN in 0.007 seconds
[0m05:41:30.941101 [debug] [Thread-1  ]: Using postgres connection "test.dbt_ecommerce.not_null_ecom_top_product_stock_code.4f32e1d985"
[0m05:41:30.941951 [debug] [Thread-1  ]: On test.dbt_ecommerce.not_null_ecom_top_product_stock_code.4f32e1d985: /* {"app": "dbt", "dbt_version": "1.9.0b2", "profile_name": "dbt_ecommerce", "target_name": "dev", "node_id": "test.dbt_ecommerce.not_null_ecom_top_product_stock_code.4f32e1d985"} */
select
      count(*) as failures,
      count(*) != 0 as should_warn,
      count(*) != 0 as should_error
    from (
      
    
    



select stock_code
from "airflow"."public"."ecom_top_product"
where stock_code is null



      
    ) dbt_internal_test
[0m05:41:31.040971 [debug] [Thread-1  ]: SQL status: SELECT 1 in 0.098 seconds
[0m05:41:31.043054 [debug] [Thread-1  ]: On test.dbt_ecommerce.not_null_ecom_top_product_stock_code.4f32e1d985: ROLLBACK
[0m05:41:31.044170 [debug] [Thread-1  ]: On test.dbt_ecommerce.not_null_ecom_top_product_stock_code.4f32e1d985: Close
[0m05:41:31.045471 [info ] [Thread-1  ]: 5 of 13 PASS not_null_ecom_top_product_stock_code .............................. [[32mPASS[0m in 0.20s]
[0m05:41:31.047172 [debug] [Thread-1  ]: Finished running node test.dbt_ecommerce.not_null_ecom_top_product_stock_code.4f32e1d985
[0m05:41:31.048542 [debug] [Thread-1  ]: Began running node test.dbt_ecommerce.not_null_stg_ecom_customer_id.bf5ba12dcb
[0m05:41:31.049245 [info ] [Thread-1  ]: 6 of 13 START test not_null_stg_ecom_customer_id ............................... [RUN]
[0m05:41:31.050193 [debug] [Thread-1  ]: Re-using an available connection from the pool (formerly test.dbt_ecommerce.not_null_ecom_top_product_stock_code.4f32e1d985, now test.dbt_ecommerce.not_null_stg_ecom_customer_id.bf5ba12dcb)
[0m05:41:31.050909 [debug] [Thread-1  ]: Began compiling node test.dbt_ecommerce.not_null_stg_ecom_customer_id.bf5ba12dcb
[0m05:41:31.057993 [debug] [Thread-1  ]: Writing injected SQL for node "test.dbt_ecommerce.not_null_stg_ecom_customer_id.bf5ba12dcb"
[0m05:41:31.093988 [debug] [Thread-1  ]: Began executing node test.dbt_ecommerce.not_null_stg_ecom_customer_id.bf5ba12dcb
[0m05:41:31.098005 [debug] [Thread-1  ]: Writing runtime sql for node "test.dbt_ecommerce.not_null_stg_ecom_customer_id.bf5ba12dcb"
[0m05:41:31.131624 [debug] [Thread-1  ]: Using postgres connection "test.dbt_ecommerce.not_null_stg_ecom_customer_id.bf5ba12dcb"
[0m05:41:31.132655 [debug] [Thread-1  ]: On test.dbt_ecommerce.not_null_stg_ecom_customer_id.bf5ba12dcb: BEGIN
[0m05:41:31.133278 [debug] [Thread-1  ]: Opening a new connection, currently in state closed
[0m05:41:31.140562 [debug] [Thread-1  ]: SQL status: BEGIN in 0.007 seconds
[0m05:41:31.141406 [debug] [Thread-1  ]: Using postgres connection "test.dbt_ecommerce.not_null_stg_ecom_customer_id.bf5ba12dcb"
[0m05:41:31.142144 [debug] [Thread-1  ]: On test.dbt_ecommerce.not_null_stg_ecom_customer_id.bf5ba12dcb: /* {"app": "dbt", "dbt_version": "1.9.0b2", "profile_name": "dbt_ecommerce", "target_name": "dev", "node_id": "test.dbt_ecommerce.not_null_stg_ecom_customer_id.bf5ba12dcb"} */
select
      count(*) as failures,
      count(*) != 0 as should_warn,
      count(*) != 0 as should_error
    from (
      
    
    



select customer_id
from "airflow"."public"."stg_ecom"
where customer_id is null



      
    ) dbt_internal_test
[0m05:41:31.162970 [debug] [Thread-1  ]: SQL status: SELECT 1 in 0.020 seconds
[0m05:41:31.166377 [debug] [Thread-1  ]: On test.dbt_ecommerce.not_null_stg_ecom_customer_id.bf5ba12dcb: ROLLBACK
[0m05:41:31.167539 [debug] [Thread-1  ]: On test.dbt_ecommerce.not_null_stg_ecom_customer_id.bf5ba12dcb: Close
[0m05:41:31.168613 [info ] [Thread-1  ]: 6 of 13 PASS not_null_stg_ecom_customer_id ..................................... [[32mPASS[0m in 0.12s]
[0m05:41:31.169496 [debug] [Thread-1  ]: Finished running node test.dbt_ecommerce.not_null_stg_ecom_customer_id.bf5ba12dcb
[0m05:41:31.170387 [debug] [Thread-1  ]: Began running node test.dbt_ecommerce.not_null_stg_ecom_invoice_no.f807ecd9fc
[0m05:41:31.171499 [info ] [Thread-1  ]: 7 of 13 START test not_null_stg_ecom_invoice_no ................................ [RUN]
[0m05:41:31.172914 [debug] [Thread-1  ]: Re-using an available connection from the pool (formerly test.dbt_ecommerce.not_null_stg_ecom_customer_id.bf5ba12dcb, now test.dbt_ecommerce.not_null_stg_ecom_invoice_no.f807ecd9fc)
[0m05:41:31.173514 [debug] [Thread-1  ]: Began compiling node test.dbt_ecommerce.not_null_stg_ecom_invoice_no.f807ecd9fc
[0m05:41:31.178179 [debug] [Thread-1  ]: Writing injected SQL for node "test.dbt_ecommerce.not_null_stg_ecom_invoice_no.f807ecd9fc"
[0m05:41:31.214580 [debug] [Thread-1  ]: Began executing node test.dbt_ecommerce.not_null_stg_ecom_invoice_no.f807ecd9fc
[0m05:41:31.217053 [debug] [Thread-1  ]: Writing runtime sql for node "test.dbt_ecommerce.not_null_stg_ecom_invoice_no.f807ecd9fc"
[0m05:41:31.255435 [debug] [Thread-1  ]: Using postgres connection "test.dbt_ecommerce.not_null_stg_ecom_invoice_no.f807ecd9fc"
[0m05:41:31.256332 [debug] [Thread-1  ]: On test.dbt_ecommerce.not_null_stg_ecom_invoice_no.f807ecd9fc: BEGIN
[0m05:41:31.257213 [debug] [Thread-1  ]: Opening a new connection, currently in state closed
[0m05:41:31.264739 [debug] [Thread-1  ]: SQL status: BEGIN in 0.007 seconds
[0m05:41:31.265650 [debug] [Thread-1  ]: Using postgres connection "test.dbt_ecommerce.not_null_stg_ecom_invoice_no.f807ecd9fc"
[0m05:41:31.266382 [debug] [Thread-1  ]: On test.dbt_ecommerce.not_null_stg_ecom_invoice_no.f807ecd9fc: /* {"app": "dbt", "dbt_version": "1.9.0b2", "profile_name": "dbt_ecommerce", "target_name": "dev", "node_id": "test.dbt_ecommerce.not_null_stg_ecom_invoice_no.f807ecd9fc"} */
select
      count(*) as failures,
      count(*) != 0 as should_warn,
      count(*) != 0 as should_error
    from (
      
    
    



select invoice_no
from "airflow"."public"."stg_ecom"
where invoice_no is null



      
    ) dbt_internal_test
[0m05:41:31.283538 [debug] [Thread-1  ]: SQL status: SELECT 1 in 0.016 seconds
[0m05:41:31.285454 [debug] [Thread-1  ]: On test.dbt_ecommerce.not_null_stg_ecom_invoice_no.f807ecd9fc: ROLLBACK
[0m05:41:31.286355 [debug] [Thread-1  ]: On test.dbt_ecommerce.not_null_stg_ecom_invoice_no.f807ecd9fc: Close
[0m05:41:31.287148 [info ] [Thread-1  ]: 7 of 13 PASS not_null_stg_ecom_invoice_no ...................................... [[32mPASS[0m in 0.11s]
[0m05:41:31.288098 [debug] [Thread-1  ]: Finished running node test.dbt_ecommerce.not_null_stg_ecom_invoice_no.f807ecd9fc
[0m05:41:31.288868 [debug] [Thread-1  ]: Began running node test.dbt_ecommerce.not_null_stg_ecom_quantity.83eb48507a
[0m05:41:31.289632 [info ] [Thread-1  ]: 8 of 13 START test not_null_stg_ecom_quantity .................................. [RUN]
[0m05:41:31.290803 [debug] [Thread-1  ]: Re-using an available connection from the pool (formerly test.dbt_ecommerce.not_null_stg_ecom_invoice_no.f807ecd9fc, now test.dbt_ecommerce.not_null_stg_ecom_quantity.83eb48507a)
[0m05:41:31.291421 [debug] [Thread-1  ]: Began compiling node test.dbt_ecommerce.not_null_stg_ecom_quantity.83eb48507a
[0m05:41:31.294926 [debug] [Thread-1  ]: Writing injected SQL for node "test.dbt_ecommerce.not_null_stg_ecom_quantity.83eb48507a"
[0m05:41:31.329246 [debug] [Thread-1  ]: Began executing node test.dbt_ecommerce.not_null_stg_ecom_quantity.83eb48507a
[0m05:41:31.332899 [debug] [Thread-1  ]: Writing runtime sql for node "test.dbt_ecommerce.not_null_stg_ecom_quantity.83eb48507a"
[0m05:41:31.366487 [debug] [Thread-1  ]: Using postgres connection "test.dbt_ecommerce.not_null_stg_ecom_quantity.83eb48507a"
[0m05:41:31.367288 [debug] [Thread-1  ]: On test.dbt_ecommerce.not_null_stg_ecom_quantity.83eb48507a: BEGIN
[0m05:41:31.367875 [debug] [Thread-1  ]: Opening a new connection, currently in state closed
[0m05:41:31.373744 [debug] [Thread-1  ]: SQL status: BEGIN in 0.006 seconds
[0m05:41:31.374593 [debug] [Thread-1  ]: Using postgres connection "test.dbt_ecommerce.not_null_stg_ecom_quantity.83eb48507a"
[0m05:41:31.375398 [debug] [Thread-1  ]: On test.dbt_ecommerce.not_null_stg_ecom_quantity.83eb48507a: /* {"app": "dbt", "dbt_version": "1.9.0b2", "profile_name": "dbt_ecommerce", "target_name": "dev", "node_id": "test.dbt_ecommerce.not_null_stg_ecom_quantity.83eb48507a"} */
select
      count(*) as failures,
      count(*) != 0 as should_warn,
      count(*) != 0 as should_error
    from (
      
    
    



select quantity
from "airflow"."public"."stg_ecom"
where quantity is null



      
    ) dbt_internal_test
[0m05:41:31.394592 [debug] [Thread-1  ]: SQL status: SELECT 1 in 0.018 seconds
[0m05:41:31.396370 [debug] [Thread-1  ]: On test.dbt_ecommerce.not_null_stg_ecom_quantity.83eb48507a: ROLLBACK
[0m05:41:31.397433 [debug] [Thread-1  ]: On test.dbt_ecommerce.not_null_stg_ecom_quantity.83eb48507a: Close
[0m05:41:31.398459 [info ] [Thread-1  ]: 8 of 13 PASS not_null_stg_ecom_quantity ........................................ [[32mPASS[0m in 0.11s]
[0m05:41:31.399456 [debug] [Thread-1  ]: Finished running node test.dbt_ecommerce.not_null_stg_ecom_quantity.83eb48507a
[0m05:41:31.400358 [debug] [Thread-1  ]: Began running node test.dbt_ecommerce.not_null_stg_ecom_unit_price.5cc87191c1
[0m05:41:31.401105 [info ] [Thread-1  ]: 9 of 13 START test not_null_stg_ecom_unit_price ................................ [RUN]
[0m05:41:31.402198 [debug] [Thread-1  ]: Re-using an available connection from the pool (formerly test.dbt_ecommerce.not_null_stg_ecom_quantity.83eb48507a, now test.dbt_ecommerce.not_null_stg_ecom_unit_price.5cc87191c1)
[0m05:41:31.402747 [debug] [Thread-1  ]: Began compiling node test.dbt_ecommerce.not_null_stg_ecom_unit_price.5cc87191c1
[0m05:41:31.406498 [debug] [Thread-1  ]: Writing injected SQL for node "test.dbt_ecommerce.not_null_stg_ecom_unit_price.5cc87191c1"
[0m05:41:31.441359 [debug] [Thread-1  ]: Began executing node test.dbt_ecommerce.not_null_stg_ecom_unit_price.5cc87191c1
[0m05:41:31.445235 [debug] [Thread-1  ]: Writing runtime sql for node "test.dbt_ecommerce.not_null_stg_ecom_unit_price.5cc87191c1"
[0m05:41:31.479121 [debug] [Thread-1  ]: Using postgres connection "test.dbt_ecommerce.not_null_stg_ecom_unit_price.5cc87191c1"
[0m05:41:31.480122 [debug] [Thread-1  ]: On test.dbt_ecommerce.not_null_stg_ecom_unit_price.5cc87191c1: BEGIN
[0m05:41:31.480985 [debug] [Thread-1  ]: Opening a new connection, currently in state closed
[0m05:41:31.486831 [debug] [Thread-1  ]: SQL status: BEGIN in 0.006 seconds
[0m05:41:31.487754 [debug] [Thread-1  ]: Using postgres connection "test.dbt_ecommerce.not_null_stg_ecom_unit_price.5cc87191c1"
[0m05:41:31.488393 [debug] [Thread-1  ]: On test.dbt_ecommerce.not_null_stg_ecom_unit_price.5cc87191c1: /* {"app": "dbt", "dbt_version": "1.9.0b2", "profile_name": "dbt_ecommerce", "target_name": "dev", "node_id": "test.dbt_ecommerce.not_null_stg_ecom_unit_price.5cc87191c1"} */
select
      count(*) as failures,
      count(*) != 0 as should_warn,
      count(*) != 0 as should_error
    from (
      
    
    



select unit_price
from "airflow"."public"."stg_ecom"
where unit_price is null



      
    ) dbt_internal_test
[0m05:41:31.506100 [debug] [Thread-1  ]: SQL status: SELECT 1 in 0.017 seconds
[0m05:41:31.508073 [debug] [Thread-1  ]: On test.dbt_ecommerce.not_null_stg_ecom_unit_price.5cc87191c1: ROLLBACK
[0m05:41:31.508879 [debug] [Thread-1  ]: On test.dbt_ecommerce.not_null_stg_ecom_unit_price.5cc87191c1: Close
[0m05:41:31.510176 [info ] [Thread-1  ]: 9 of 13 PASS not_null_stg_ecom_unit_price ...................................... [[32mPASS[0m in 0.11s]
[0m05:41:31.511496 [debug] [Thread-1  ]: Finished running node test.dbt_ecommerce.not_null_stg_ecom_unit_price.5cc87191c1
[0m05:41:31.512902 [debug] [Thread-1  ]: Began running node test.dbt_ecommerce.unique_ecom_monthly_revenue_invoice_month.9f9c49b329
[0m05:41:31.513528 [info ] [Thread-1  ]: 10 of 13 START test unique_ecom_monthly_revenue_invoice_month .................. [RUN]
[0m05:41:31.514481 [debug] [Thread-1  ]: Re-using an available connection from the pool (formerly test.dbt_ecommerce.not_null_stg_ecom_unit_price.5cc87191c1, now test.dbt_ecommerce.unique_ecom_monthly_revenue_invoice_month.9f9c49b329)
[0m05:41:31.515131 [debug] [Thread-1  ]: Began compiling node test.dbt_ecommerce.unique_ecom_monthly_revenue_invoice_month.9f9c49b329
[0m05:41:31.571665 [debug] [Thread-1  ]: Writing injected SQL for node "test.dbt_ecommerce.unique_ecom_monthly_revenue_invoice_month.9f9c49b329"
[0m05:41:31.609290 [debug] [Thread-1  ]: Began executing node test.dbt_ecommerce.unique_ecom_monthly_revenue_invoice_month.9f9c49b329
[0m05:41:31.612136 [debug] [Thread-1  ]: Writing runtime sql for node "test.dbt_ecommerce.unique_ecom_monthly_revenue_invoice_month.9f9c49b329"
[0m05:41:31.645463 [debug] [Thread-1  ]: Using postgres connection "test.dbt_ecommerce.unique_ecom_monthly_revenue_invoice_month.9f9c49b329"
[0m05:41:31.646381 [debug] [Thread-1  ]: On test.dbt_ecommerce.unique_ecom_monthly_revenue_invoice_month.9f9c49b329: BEGIN
[0m05:41:31.646930 [debug] [Thread-1  ]: Opening a new connection, currently in state closed
[0m05:41:31.652643 [debug] [Thread-1  ]: SQL status: BEGIN in 0.006 seconds
[0m05:41:31.653659 [debug] [Thread-1  ]: Using postgres connection "test.dbt_ecommerce.unique_ecom_monthly_revenue_invoice_month.9f9c49b329"
[0m05:41:31.654654 [debug] [Thread-1  ]: On test.dbt_ecommerce.unique_ecom_monthly_revenue_invoice_month.9f9c49b329: /* {"app": "dbt", "dbt_version": "1.9.0b2", "profile_name": "dbt_ecommerce", "target_name": "dev", "node_id": "test.dbt_ecommerce.unique_ecom_monthly_revenue_invoice_month.9f9c49b329"} */
select
      count(*) as failures,
      count(*) != 0 as should_warn,
      count(*) != 0 as should_error
    from (
      
    
    

select
    invoice_month as unique_field,
    count(*) as n_records

from "airflow"."public"."ecom_monthly_revenue"
where invoice_month is not null
group by invoice_month
having count(*) > 1



      
    ) dbt_internal_test
[0m05:41:31.715950 [debug] [Thread-1  ]: SQL status: SELECT 1 in 0.060 seconds
[0m05:41:31.717717 [debug] [Thread-1  ]: On test.dbt_ecommerce.unique_ecom_monthly_revenue_invoice_month.9f9c49b329: ROLLBACK
[0m05:41:31.719206 [debug] [Thread-1  ]: On test.dbt_ecommerce.unique_ecom_monthly_revenue_invoice_month.9f9c49b329: Close
[0m05:41:31.721406 [info ] [Thread-1  ]: 10 of 13 PASS unique_ecom_monthly_revenue_invoice_month ........................ [[32mPASS[0m in 0.21s]
[0m05:41:31.722960 [debug] [Thread-1  ]: Finished running node test.dbt_ecommerce.unique_ecom_monthly_revenue_invoice_month.9f9c49b329
[0m05:41:31.723656 [debug] [Thread-1  ]: Began running node test.dbt_ecommerce.unique_ecom_sales_by_country_country.474189ab72
[0m05:41:31.724349 [info ] [Thread-1  ]: 11 of 13 START test unique_ecom_sales_by_country_country ....................... [RUN]
[0m05:41:31.725271 [debug] [Thread-1  ]: Re-using an available connection from the pool (formerly test.dbt_ecommerce.unique_ecom_monthly_revenue_invoice_month.9f9c49b329, now test.dbt_ecommerce.unique_ecom_sales_by_country_country.474189ab72)
[0m05:41:31.726041 [debug] [Thread-1  ]: Began compiling node test.dbt_ecommerce.unique_ecom_sales_by_country_country.474189ab72
[0m05:41:31.731507 [debug] [Thread-1  ]: Writing injected SQL for node "test.dbt_ecommerce.unique_ecom_sales_by_country_country.474189ab72"
[0m05:41:31.763054 [debug] [Thread-1  ]: Began executing node test.dbt_ecommerce.unique_ecom_sales_by_country_country.474189ab72
[0m05:41:31.765477 [debug] [Thread-1  ]: Writing runtime sql for node "test.dbt_ecommerce.unique_ecom_sales_by_country_country.474189ab72"
[0m05:41:31.795704 [debug] [Thread-1  ]: Using postgres connection "test.dbt_ecommerce.unique_ecom_sales_by_country_country.474189ab72"
[0m05:41:31.796899 [debug] [Thread-1  ]: On test.dbt_ecommerce.unique_ecom_sales_by_country_country.474189ab72: BEGIN
[0m05:41:31.798414 [debug] [Thread-1  ]: Opening a new connection, currently in state closed
[0m05:41:31.804881 [debug] [Thread-1  ]: SQL status: BEGIN in 0.006 seconds
[0m05:41:31.806069 [debug] [Thread-1  ]: Using postgres connection "test.dbt_ecommerce.unique_ecom_sales_by_country_country.474189ab72"
[0m05:41:31.806856 [debug] [Thread-1  ]: On test.dbt_ecommerce.unique_ecom_sales_by_country_country.474189ab72: /* {"app": "dbt", "dbt_version": "1.9.0b2", "profile_name": "dbt_ecommerce", "target_name": "dev", "node_id": "test.dbt_ecommerce.unique_ecom_sales_by_country_country.474189ab72"} */
select
      count(*) as failures,
      count(*) != 0 as should_warn,
      count(*) != 0 as should_error
    from (
      
    
    

select
    country as unique_field,
    count(*) as n_records

from "airflow"."public"."ecom_sales_by_country"
where country is not null
group by country
having count(*) > 1



      
    ) dbt_internal_test
[0m05:41:31.839805 [debug] [Thread-1  ]: SQL status: SELECT 1 in 0.031 seconds
[0m05:41:31.842060 [debug] [Thread-1  ]: On test.dbt_ecommerce.unique_ecom_sales_by_country_country.474189ab72: ROLLBACK
[0m05:41:31.842968 [debug] [Thread-1  ]: On test.dbt_ecommerce.unique_ecom_sales_by_country_country.474189ab72: Close
[0m05:41:31.844071 [info ] [Thread-1  ]: 11 of 13 PASS unique_ecom_sales_by_country_country ............................. [[32mPASS[0m in 0.12s]
[0m05:41:31.845460 [debug] [Thread-1  ]: Finished running node test.dbt_ecommerce.unique_ecom_sales_by_country_country.474189ab72
[0m05:41:31.846364 [debug] [Thread-1  ]: Began running node test.dbt_ecommerce.unique_ecom_top_customers_customer_id.0082e1dd61
[0m05:41:31.847029 [info ] [Thread-1  ]: 12 of 13 START test unique_ecom_top_customers_customer_id ...................... [RUN]
[0m05:41:31.847884 [debug] [Thread-1  ]: Re-using an available connection from the pool (formerly test.dbt_ecommerce.unique_ecom_sales_by_country_country.474189ab72, now test.dbt_ecommerce.unique_ecom_top_customers_customer_id.0082e1dd61)
[0m05:41:31.848498 [debug] [Thread-1  ]: Began compiling node test.dbt_ecommerce.unique_ecom_top_customers_customer_id.0082e1dd61
[0m05:41:31.853719 [debug] [Thread-1  ]: Writing injected SQL for node "test.dbt_ecommerce.unique_ecom_top_customers_customer_id.0082e1dd61"
[0m05:41:31.888470 [debug] [Thread-1  ]: Began executing node test.dbt_ecommerce.unique_ecom_top_customers_customer_id.0082e1dd61
[0m05:41:31.891835 [debug] [Thread-1  ]: Writing runtime sql for node "test.dbt_ecommerce.unique_ecom_top_customers_customer_id.0082e1dd61"
[0m05:41:31.924519 [debug] [Thread-1  ]: Using postgres connection "test.dbt_ecommerce.unique_ecom_top_customers_customer_id.0082e1dd61"
[0m05:41:31.925347 [debug] [Thread-1  ]: On test.dbt_ecommerce.unique_ecom_top_customers_customer_id.0082e1dd61: BEGIN
[0m05:41:31.926063 [debug] [Thread-1  ]: Opening a new connection, currently in state closed
[0m05:41:31.932530 [debug] [Thread-1  ]: SQL status: BEGIN in 0.006 seconds
[0m05:41:31.933458 [debug] [Thread-1  ]: Using postgres connection "test.dbt_ecommerce.unique_ecom_top_customers_customer_id.0082e1dd61"
[0m05:41:31.934335 [debug] [Thread-1  ]: On test.dbt_ecommerce.unique_ecom_top_customers_customer_id.0082e1dd61: /* {"app": "dbt", "dbt_version": "1.9.0b2", "profile_name": "dbt_ecommerce", "target_name": "dev", "node_id": "test.dbt_ecommerce.unique_ecom_top_customers_customer_id.0082e1dd61"} */
select
      count(*) as failures,
      count(*) != 0 as should_warn,
      count(*) != 0 as should_error
    from (
      
    
    

select
    customer_id as unique_field,
    count(*) as n_records

from "airflow"."public"."ecom_top_customers"
where customer_id is not null
group by customer_id
having count(*) > 1



      
    ) dbt_internal_test
[0m05:41:31.975139 [debug] [Thread-1  ]: SQL status: SELECT 1 in 0.040 seconds
[0m05:41:31.978568 [debug] [Thread-1  ]: On test.dbt_ecommerce.unique_ecom_top_customers_customer_id.0082e1dd61: ROLLBACK
[0m05:41:31.980060 [debug] [Thread-1  ]: On test.dbt_ecommerce.unique_ecom_top_customers_customer_id.0082e1dd61: Close
[0m05:41:31.981938 [info ] [Thread-1  ]: 12 of 13 PASS unique_ecom_top_customers_customer_id ............................ [[32mPASS[0m in 0.13s]
[0m05:41:31.983892 [debug] [Thread-1  ]: Finished running node test.dbt_ecommerce.unique_ecom_top_customers_customer_id.0082e1dd61
[0m05:41:31.985172 [debug] [Thread-1  ]: Began running node test.dbt_ecommerce.unique_ecom_top_product_stock_code.2ca5fd7598
[0m05:41:31.986694 [info ] [Thread-1  ]: 13 of 13 START test unique_ecom_top_product_stock_code ......................... [RUN]
[0m05:41:31.989727 [debug] [Thread-1  ]: Re-using an available connection from the pool (formerly test.dbt_ecommerce.unique_ecom_top_customers_customer_id.0082e1dd61, now test.dbt_ecommerce.unique_ecom_top_product_stock_code.2ca5fd7598)
[0m05:41:31.991870 [debug] [Thread-1  ]: Began compiling node test.dbt_ecommerce.unique_ecom_top_product_stock_code.2ca5fd7598
[0m05:41:31.999872 [debug] [Thread-1  ]: Writing injected SQL for node "test.dbt_ecommerce.unique_ecom_top_product_stock_code.2ca5fd7598"
[0m05:41:32.033599 [debug] [Thread-1  ]: Began executing node test.dbt_ecommerce.unique_ecom_top_product_stock_code.2ca5fd7598
[0m05:41:32.039588 [debug] [Thread-1  ]: Writing runtime sql for node "test.dbt_ecommerce.unique_ecom_top_product_stock_code.2ca5fd7598"
[0m05:41:32.071432 [debug] [Thread-1  ]: Using postgres connection "test.dbt_ecommerce.unique_ecom_top_product_stock_code.2ca5fd7598"
[0m05:41:32.072201 [debug] [Thread-1  ]: On test.dbt_ecommerce.unique_ecom_top_product_stock_code.2ca5fd7598: BEGIN
[0m05:41:32.073115 [debug] [Thread-1  ]: Opening a new connection, currently in state closed
[0m05:41:32.080400 [debug] [Thread-1  ]: SQL status: BEGIN in 0.007 seconds
[0m05:41:32.081692 [debug] [Thread-1  ]: Using postgres connection "test.dbt_ecommerce.unique_ecom_top_product_stock_code.2ca5fd7598"
[0m05:41:32.083305 [debug] [Thread-1  ]: On test.dbt_ecommerce.unique_ecom_top_product_stock_code.2ca5fd7598: /* {"app": "dbt", "dbt_version": "1.9.0b2", "profile_name": "dbt_ecommerce", "target_name": "dev", "node_id": "test.dbt_ecommerce.unique_ecom_top_product_stock_code.2ca5fd7598"} */
select
      count(*) as failures,
      count(*) != 0 as should_warn,
      count(*) != 0 as should_error
    from (
      
    
    

select
    stock_code as unique_field,
    count(*) as n_records

from "airflow"."public"."ecom_top_product"
where stock_code is not null
group by stock_code
having count(*) > 1



      
    ) dbt_internal_test
[0m05:41:32.183240 [debug] [Thread-1  ]: SQL status: SELECT 1 in 0.099 seconds
[0m05:41:32.186845 [debug] [Thread-1  ]: On test.dbt_ecommerce.unique_ecom_top_product_stock_code.2ca5fd7598: ROLLBACK
[0m05:41:32.187934 [debug] [Thread-1  ]: On test.dbt_ecommerce.unique_ecom_top_product_stock_code.2ca5fd7598: Close
[0m05:41:32.188771 [info ] [Thread-1  ]: 13 of 13 PASS unique_ecom_top_product_stock_code ............................... [[32mPASS[0m in 0.20s]
[0m05:41:32.189532 [debug] [Thread-1  ]: Finished running node test.dbt_ecommerce.unique_ecom_top_product_stock_code.2ca5fd7598
[0m05:41:32.192517 [debug] [MainThread]: Using postgres connection "master"
[0m05:41:32.194539 [debug] [MainThread]: On master: BEGIN
[0m05:41:32.195258 [debug] [MainThread]: Opening a new connection, currently in state closed
[0m05:41:32.202033 [debug] [MainThread]: SQL status: BEGIN in 0.007 seconds
[0m05:41:32.202822 [debug] [MainThread]: On master: COMMIT
[0m05:41:32.203463 [debug] [MainThread]: Using postgres connection "master"
[0m05:41:32.204311 [debug] [MainThread]: On master: COMMIT
[0m05:41:32.205243 [debug] [MainThread]: SQL status: COMMIT in 0.000 seconds
[0m05:41:32.205895 [debug] [MainThread]: On master: Close
[0m05:41:32.208262 [debug] [MainThread]: Connection 'master' was properly closed.
[0m05:41:32.209747 [debug] [MainThread]: Connection 'test.dbt_ecommerce.unique_ecom_top_product_stock_code.2ca5fd7598' was properly closed.
[0m05:41:32.210300 [info ] [MainThread]: 
[0m05:41:32.210908 [info ] [MainThread]: Finished running 13 data tests in 0 hours 0 minutes and 2.02 seconds (2.02s).
[0m05:41:32.212687 [debug] [MainThread]: Command end result
[0m05:41:32.278479 [info ] [MainThread]: 
[0m05:41:32.279244 [info ] [MainThread]: [32mCompleted successfully[0m
[0m05:41:32.279856 [info ] [MainThread]: 
[0m05:41:32.280347 [info ] [MainThread]: Done. PASS=13 WARN=0 ERROR=0 SKIP=0 TOTAL=13
[0m05:41:32.281765 [debug] [MainThread]: Resource report: {"command_name": "test", "command_success": true, "command_wall_clock_time": 2.8351495, "process_user_time": 1.855671, "process_kernel_time": 0.177885, "process_mem_max_rss": "105820", "process_in_blocks": "0", "process_out_blocks": "0"}
[0m05:41:32.283434 [debug] [MainThread]: Command `dbt test` succeeded at 05:41:32.283004 after 2.84 seconds
[0m05:41:32.284146 [debug] [MainThread]: Sending event: {'category': 'dbt', 'action': 'invocation', 'label': 'end', 'context': [<snowplow_tracker.self_describing_json.SelfDescribingJson object at 0x71385ce27610>, <snowplow_tracker.self_describing_json.SelfDescribingJson object at 0x71385d4164c0>, <snowplow_tracker.self_describing_json.SelfDescribingJson object at 0x71385cc16220>]}
[0m05:41:32.284796 [debug] [MainThread]: Flushing usage events
[0m05:41:33.447360 [debug] [MainThread]: An error was encountered while trying to flush usage events
[0m05:45:43.727669 [debug] [MainThread]: Sending event: {'category': 'dbt', 'action': 'invocation', 'label': 'start', 'context': [<snowplow_tracker.self_describing_json.SelfDescribingJson object at 0x7430cde5e640>, <snowplow_tracker.self_describing_json.SelfDescribingJson object at 0x7430cd5e7850>, <snowplow_tracker.self_describing_json.SelfDescribingJson object at 0x7430cd1c4220>]}


============================== 05:45:43.734024 | cc41b2bd-372b-4cd1-aed2-e3ccc3c26367 ==============================
[0m05:45:43.734024 [info ] [MainThread]: Running with dbt=1.9.0-b2
[0m05:45:43.734966 [debug] [MainThread]: running dbt with arguments {'printer_width': '80', 'indirect_selection': 'eager', 'log_cache_events': 'False', 'write_json': 'True', 'partial_parse': 'True', 'cache_selected_only': 'False', 'warn_error': 'None', 'fail_fast': 'False', 'profiles_dir': '/home/airflow/.dbt', 'log_path': '/opt/airflow/dbt_ecommerce/logs', 'debug': 'False', 'version_check': 'True', 'use_colors': 'True', 'use_experimental_parser': 'False', 'no_print': 'None', 'quiet': 'False', 'empty': 'False', 'log_format': 'default', 'introspect': 'True', 'static_parser': 'True', 'invocation_command': 'dbt run', 'target_path': 'None', 'warn_error_options': 'WarnErrorOptions(include=[], exclude=[])', 'send_anonymous_usage_stats': 'True'}
[0m05:45:43.925265 [debug] [MainThread]: Sending event: {'category': 'dbt', 'action': 'project_id', 'label': 'cc41b2bd-372b-4cd1-aed2-e3ccc3c26367', 'context': [<snowplow_tracker.self_describing_json.SelfDescribingJson object at 0x7430cd1365b0>]}
[0m05:45:43.967795 [debug] [MainThread]: Sending event: {'category': 'dbt', 'action': 'adapter_info', 'label': 'cc41b2bd-372b-4cd1-aed2-e3ccc3c26367', 'context': [<snowplow_tracker.self_describing_json.SelfDescribingJson object at 0x7430cef16160>]}
[0m05:45:43.969164 [info ] [MainThread]: Registered adapter: postgres=1.8.2
[0m05:45:43.980863 [debug] [MainThread]: checksum: 4cfbbe2a671212f062e88a43cba5322b30b7e3e8e91b953aa4de249eeaade60f, vars: {}, profile: , target: , version: 1.9.0b2
[0m05:45:44.277303 [debug] [MainThread]: Partial parsing enabled: 0 files deleted, 0 files added, 0 files changed.
[0m05:45:44.278220 [debug] [MainThread]: Partial parsing enabled, no changes found, skipping parsing
[0m05:45:44.310317 [debug] [MainThread]: Sending event: {'category': 'dbt', 'action': 'load_project', 'label': 'cc41b2bd-372b-4cd1-aed2-e3ccc3c26367', 'context': [<snowplow_tracker.self_describing_json.SelfDescribingJson object at 0x7430cbea1af0>]}
[0m05:45:44.433939 [debug] [MainThread]: Sending event: {'category': 'dbt', 'action': 'resource_counts', 'label': 'cc41b2bd-372b-4cd1-aed2-e3ccc3c26367', 'context': [<snowplow_tracker.self_describing_json.SelfDescribingJson object at 0x7430cbbfa790>]}
[0m05:45:44.434862 [info ] [MainThread]: Found 5 models, 13 data tests, 423 macros
[0m05:45:44.435771 [debug] [MainThread]: Sending event: {'category': 'dbt', 'action': 'runnable_timing', 'label': 'cc41b2bd-372b-4cd1-aed2-e3ccc3c26367', 'context': [<snowplow_tracker.self_describing_json.SelfDescribingJson object at 0x7430cbeb3dc0>]}
[0m05:45:44.437414 [info ] [MainThread]: 
[0m05:45:44.438247 [info ] [MainThread]: Concurrency: 1 threads (target='dev')
[0m05:45:44.439107 [info ] [MainThread]: 
[0m05:45:44.439785 [debug] [MainThread]: Acquiring new postgres connection 'master'
[0m05:45:44.443627 [debug] [ThreadPool]: Acquiring new postgres connection 'list_airflow'
[0m05:45:44.471968 [debug] [ThreadPool]: Using postgres connection "list_airflow"
[0m05:45:44.473030 [debug] [ThreadPool]: On list_airflow: /* {"app": "dbt", "dbt_version": "1.9.0b2", "profile_name": "dbt_ecommerce", "target_name": "dev", "connection_name": "list_airflow"} */

    select distinct nspname from pg_namespace
  
[0m05:45:44.474067 [debug] [ThreadPool]: Opening a new connection, currently in state init
[0m05:45:44.480884 [debug] [ThreadPool]: SQL status: SELECT 4 in 0.007 seconds
[0m05:45:44.482461 [debug] [ThreadPool]: On list_airflow: Close
[0m05:45:44.484428 [debug] [ThreadPool]: Re-using an available connection from the pool (formerly list_airflow, now list_airflow_public)
[0m05:45:44.489560 [debug] [ThreadPool]: Using postgres connection "list_airflow_public"
[0m05:45:44.490292 [debug] [ThreadPool]: On list_airflow_public: BEGIN
[0m05:45:44.490876 [debug] [ThreadPool]: Opening a new connection, currently in state closed
[0m05:45:44.495971 [debug] [ThreadPool]: SQL status: BEGIN in 0.005 seconds
[0m05:45:44.496815 [debug] [ThreadPool]: Using postgres connection "list_airflow_public"
[0m05:45:44.497325 [debug] [ThreadPool]: On list_airflow_public: /* {"app": "dbt", "dbt_version": "1.9.0b2", "profile_name": "dbt_ecommerce", "target_name": "dev", "connection_name": "list_airflow_public"} */
select
      'airflow' as database,
      tablename as name,
      schemaname as schema,
      'table' as type
    from pg_tables
    where schemaname ilike 'public'
    union all
    select
      'airflow' as database,
      viewname as name,
      schemaname as schema,
      'view' as type
    from pg_views
    where schemaname ilike 'public'
    union all
    select
      'airflow' as database,
      matviewname as name,
      schemaname as schema,
      'materialized_view' as type
    from pg_matviews
    where schemaname ilike 'public'
  
[0m05:45:44.499720 [debug] [ThreadPool]: SQL status: SELECT 52 in 0.002 seconds
[0m05:45:44.501611 [debug] [ThreadPool]: On list_airflow_public: ROLLBACK
[0m05:45:44.502496 [debug] [ThreadPool]: On list_airflow_public: Close
[0m05:45:44.510310 [debug] [MainThread]: Using postgres connection "master"
[0m05:45:44.510906 [debug] [MainThread]: On master: BEGIN
[0m05:45:44.511356 [debug] [MainThread]: Opening a new connection, currently in state init
[0m05:45:44.516285 [debug] [MainThread]: SQL status: BEGIN in 0.005 seconds
[0m05:45:44.517277 [debug] [MainThread]: Using postgres connection "master"
[0m05:45:44.518124 [debug] [MainThread]: On master: /* {"app": "dbt", "dbt_version": "1.9.0b2", "profile_name": "dbt_ecommerce", "target_name": "dev", "connection_name": "master"} */
with relation as (
        select
            pg_rewrite.ev_class as class,
            pg_rewrite.oid as id
        from pg_rewrite
    ),
    class as (
        select
            oid as id,
            relname as name,
            relnamespace as schema,
            relkind as kind
        from pg_class
    ),
    dependency as (
        select distinct
            pg_depend.objid as id,
            pg_depend.refobjid as ref
        from pg_depend
    ),
    schema as (
        select
            pg_namespace.oid as id,
            pg_namespace.nspname as name
        from pg_namespace
        where nspname != 'information_schema' and nspname not like 'pg\_%'
    ),
    referenced as (
        select
            relation.id AS id,
            referenced_class.name ,
            referenced_class.schema ,
            referenced_class.kind
        from relation
        join class as referenced_class on relation.class=referenced_class.id
        where referenced_class.kind in ('r', 'v', 'm')
    ),
    relationships as (
        select
            referenced.name as referenced_name,
            referenced.schema as referenced_schema_id,
            dependent_class.name as dependent_name,
            dependent_class.schema as dependent_schema_id,
            referenced.kind as kind
        from referenced
        join dependency on referenced.id=dependency.id
        join class as dependent_class on dependency.ref=dependent_class.id
        where
            (referenced.name != dependent_class.name or
             referenced.schema != dependent_class.schema)
    )

    select
        referenced_schema.name as referenced_schema,
        relationships.referenced_name as referenced_name,
        dependent_schema.name as dependent_schema,
        relationships.dependent_name as dependent_name
    from relationships
    join schema as dependent_schema on relationships.dependent_schema_id=dependent_schema.id
    join schema as referenced_schema on relationships.referenced_schema_id=referenced_schema.id
    group by referenced_schema, referenced_name, dependent_schema, dependent_name
    order by referenced_schema, referenced_name, dependent_schema, dependent_name;
[0m05:45:44.532207 [debug] [MainThread]: SQL status: SELECT 5 in 0.013 seconds
[0m05:45:44.534362 [debug] [MainThread]: Sending event: {'category': 'dbt', 'action': 'runnable_timing', 'label': 'cc41b2bd-372b-4cd1-aed2-e3ccc3c26367', 'context': [<snowplow_tracker.self_describing_json.SelfDescribingJson object at 0x7430cbe4a880>]}
[0m05:45:44.535196 [debug] [MainThread]: On master: ROLLBACK
[0m05:45:44.536049 [debug] [MainThread]: Using postgres connection "master"
[0m05:45:44.536771 [debug] [MainThread]: On master: BEGIN
[0m05:45:44.537637 [debug] [MainThread]: SQL status: BEGIN in 0.000 seconds
[0m05:45:44.538175 [debug] [MainThread]: On master: COMMIT
[0m05:45:44.538842 [debug] [MainThread]: Using postgres connection "master"
[0m05:45:44.539567 [debug] [MainThread]: On master: COMMIT
[0m05:45:44.540524 [debug] [MainThread]: SQL status: COMMIT in 0.000 seconds
[0m05:45:44.541214 [debug] [MainThread]: On master: Close
[0m05:45:44.547925 [debug] [Thread-1  ]: Began running node model.dbt_ecommerce.stg_ecom
[0m05:45:44.548936 [info ] [Thread-1  ]: 1 of 5 START sql view model public.stg_ecom .................................... [RUN]
[0m05:45:44.549718 [debug] [Thread-1  ]: Re-using an available connection from the pool (formerly list_airflow_public, now model.dbt_ecommerce.stg_ecom)
[0m05:45:44.550479 [debug] [Thread-1  ]: Began compiling node model.dbt_ecommerce.stg_ecom
[0m05:45:44.556068 [debug] [Thread-1  ]: Writing injected SQL for node "model.dbt_ecommerce.stg_ecom"
[0m05:45:44.569317 [debug] [Thread-1  ]: Began executing node model.dbt_ecommerce.stg_ecom
[0m05:45:44.595621 [debug] [Thread-1  ]: Writing runtime sql for node "model.dbt_ecommerce.stg_ecom"
[0m05:45:44.612074 [debug] [Thread-1  ]: Using postgres connection "model.dbt_ecommerce.stg_ecom"
[0m05:45:44.613198 [debug] [Thread-1  ]: On model.dbt_ecommerce.stg_ecom: BEGIN
[0m05:45:44.613750 [debug] [Thread-1  ]: Opening a new connection, currently in state closed
[0m05:45:44.618525 [debug] [Thread-1  ]: SQL status: BEGIN in 0.005 seconds
[0m05:45:44.619274 [debug] [Thread-1  ]: Using postgres connection "model.dbt_ecommerce.stg_ecom"
[0m05:45:44.619967 [debug] [Thread-1  ]: On model.dbt_ecommerce.stg_ecom: /* {"app": "dbt", "dbt_version": "1.9.0b2", "profile_name": "dbt_ecommerce", "target_name": "dev", "node_id": "model.dbt_ecommerce.stg_ecom"} */

  create view "airflow"."public"."stg_ecom__dbt_tmp"
    
    
  as (
    SELECT
    "invoice_no"     AS invoice_no,
    "stock_code"     AS stock_code,
    "description"   AS description,
    "quantity"      AS quantity,
    "invoice_date"::timestamp AS invoice_date,
    "unit_price"     AS unit_price,
    "customer_id"::int AS customer_id,
    "country"       AS country,
    "quantity" * "unit_price" AS total_price,
    TO_CHAR("invoice_date"::timestamp, 'YYYY-MM') AS invoice_month
FROM ecommerce_sales
WHERE "customer_id" IS NOT NULL
  AND "quantity" > 0
  AND "unit_price" > 0
  );
[0m05:45:44.622034 [debug] [Thread-1  ]: SQL status: CREATE VIEW in 0.001 seconds
[0m05:45:44.627813 [debug] [Thread-1  ]: Using postgres connection "model.dbt_ecommerce.stg_ecom"
[0m05:45:44.628729 [debug] [Thread-1  ]: On model.dbt_ecommerce.stg_ecom: /* {"app": "dbt", "dbt_version": "1.9.0b2", "profile_name": "dbt_ecommerce", "target_name": "dev", "node_id": "model.dbt_ecommerce.stg_ecom"} */
alter table "airflow"."public"."stg_ecom" rename to "stg_ecom__dbt_backup"
[0m05:45:44.629846 [debug] [Thread-1  ]: SQL status: ALTER TABLE in 0.000 seconds
[0m05:45:44.632637 [debug] [Thread-1  ]: Using postgres connection "model.dbt_ecommerce.stg_ecom"
[0m05:45:44.633331 [debug] [Thread-1  ]: On model.dbt_ecommerce.stg_ecom: /* {"app": "dbt", "dbt_version": "1.9.0b2", "profile_name": "dbt_ecommerce", "target_name": "dev", "node_id": "model.dbt_ecommerce.stg_ecom"} */
alter table "airflow"."public"."stg_ecom__dbt_tmp" rename to "stg_ecom"
[0m05:45:44.634658 [debug] [Thread-1  ]: SQL status: ALTER TABLE in 0.000 seconds
[0m05:45:44.647155 [debug] [Thread-1  ]: On model.dbt_ecommerce.stg_ecom: COMMIT
[0m05:45:44.648209 [debug] [Thread-1  ]: Using postgres connection "model.dbt_ecommerce.stg_ecom"
[0m05:45:44.648958 [debug] [Thread-1  ]: On model.dbt_ecommerce.stg_ecom: COMMIT
[0m05:45:44.653125 [debug] [Thread-1  ]: SQL status: COMMIT in 0.003 seconds
[0m05:45:44.658616 [debug] [Thread-1  ]: Applying DROP to: "airflow"."public"."stg_ecom__dbt_backup"
[0m05:45:44.662185 [debug] [Thread-1  ]: Using postgres connection "model.dbt_ecommerce.stg_ecom"
[0m05:45:44.663032 [debug] [Thread-1  ]: On model.dbt_ecommerce.stg_ecom: /* {"app": "dbt", "dbt_version": "1.9.0b2", "profile_name": "dbt_ecommerce", "target_name": "dev", "node_id": "model.dbt_ecommerce.stg_ecom"} */
drop view if exists "airflow"."public"."stg_ecom__dbt_backup" cascade
[0m05:45:44.666579 [debug] [Thread-1  ]: SQL status: DROP VIEW in 0.003 seconds
[0m05:45:44.668800 [debug] [Thread-1  ]: On model.dbt_ecommerce.stg_ecom: Close
[0m05:45:44.670263 [debug] [Thread-1  ]: Sending event: {'category': 'dbt', 'action': 'run_model', 'label': 'cc41b2bd-372b-4cd1-aed2-e3ccc3c26367', 'context': [<snowplow_tracker.self_describing_json.SelfDescribingJson object at 0x7430cb659b80>]}
[0m05:45:44.671130 [info ] [Thread-1  ]: 1 of 5 OK created sql view model public.stg_ecom ............................... [[32mCREATE VIEW[0m in 0.12s]
[0m05:45:44.672036 [debug] [Thread-1  ]: Finished running node model.dbt_ecommerce.stg_ecom
[0m05:45:44.673579 [debug] [Thread-1  ]: Began running node model.dbt_ecommerce.ecom_monthly_revenue
[0m05:45:44.674317 [info ] [Thread-1  ]: 2 of 5 START sql view model public.ecom_monthly_revenue ........................ [RUN]
[0m05:45:44.675003 [debug] [Thread-1  ]: Re-using an available connection from the pool (formerly model.dbt_ecommerce.stg_ecom, now model.dbt_ecommerce.ecom_monthly_revenue)
[0m05:45:44.675653 [debug] [Thread-1  ]: Began compiling node model.dbt_ecommerce.ecom_monthly_revenue
[0m05:45:44.678996 [debug] [Thread-1  ]: Writing injected SQL for node "model.dbt_ecommerce.ecom_monthly_revenue"
[0m05:45:44.693652 [debug] [Thread-1  ]: Began executing node model.dbt_ecommerce.ecom_monthly_revenue
[0m05:45:44.698026 [debug] [Thread-1  ]: Writing runtime sql for node "model.dbt_ecommerce.ecom_monthly_revenue"
[0m05:45:44.713796 [debug] [Thread-1  ]: Using postgres connection "model.dbt_ecommerce.ecom_monthly_revenue"
[0m05:45:44.714756 [debug] [Thread-1  ]: On model.dbt_ecommerce.ecom_monthly_revenue: BEGIN
[0m05:45:44.715744 [debug] [Thread-1  ]: Opening a new connection, currently in state closed
[0m05:45:44.720896 [debug] [Thread-1  ]: SQL status: BEGIN in 0.005 seconds
[0m05:45:44.721914 [debug] [Thread-1  ]: Using postgres connection "model.dbt_ecommerce.ecom_monthly_revenue"
[0m05:45:44.722754 [debug] [Thread-1  ]: On model.dbt_ecommerce.ecom_monthly_revenue: /* {"app": "dbt", "dbt_version": "1.9.0b2", "profile_name": "dbt_ecommerce", "target_name": "dev", "node_id": "model.dbt_ecommerce.ecom_monthly_revenue"} */

  create view "airflow"."public"."ecom_monthly_revenue__dbt_tmp"
    
    
  as (
    SELECT
    invoice_month,
        COUNT(DISTINCT invoice_no) AS total_invoices,
        COUNT(DISTINCT customer_id) AS Unique_customers,
        ROUND(SUM(total_price)::numeric, 2) AS revenue
FROM "airflow"."public"."stg_ecom"
GROUP BY invoice_month
ORDER BY invoice_month
  );
[0m05:45:44.724841 [debug] [Thread-1  ]: SQL status: CREATE VIEW in 0.001 seconds
[0m05:45:44.727854 [debug] [Thread-1  ]: Using postgres connection "model.dbt_ecommerce.ecom_monthly_revenue"
[0m05:45:44.728705 [debug] [Thread-1  ]: On model.dbt_ecommerce.ecom_monthly_revenue: /* {"app": "dbt", "dbt_version": "1.9.0b2", "profile_name": "dbt_ecommerce", "target_name": "dev", "node_id": "model.dbt_ecommerce.ecom_monthly_revenue"} */
alter table "airflow"."public"."ecom_monthly_revenue__dbt_tmp" rename to "ecom_monthly_revenue"
[0m05:45:44.729889 [debug] [Thread-1  ]: SQL status: ALTER TABLE in 0.000 seconds
[0m05:45:44.731630 [debug] [Thread-1  ]: On model.dbt_ecommerce.ecom_monthly_revenue: COMMIT
[0m05:45:44.732290 [debug] [Thread-1  ]: Using postgres connection "model.dbt_ecommerce.ecom_monthly_revenue"
[0m05:45:44.732883 [debug] [Thread-1  ]: On model.dbt_ecommerce.ecom_monthly_revenue: COMMIT
[0m05:45:44.735533 [debug] [Thread-1  ]: SQL status: COMMIT in 0.002 seconds
[0m05:45:44.737985 [debug] [Thread-1  ]: Applying DROP to: "airflow"."public"."ecom_monthly_revenue__dbt_backup"
[0m05:45:44.738908 [debug] [Thread-1  ]: Using postgres connection "model.dbt_ecommerce.ecom_monthly_revenue"
[0m05:45:44.739514 [debug] [Thread-1  ]: On model.dbt_ecommerce.ecom_monthly_revenue: /* {"app": "dbt", "dbt_version": "1.9.0b2", "profile_name": "dbt_ecommerce", "target_name": "dev", "node_id": "model.dbt_ecommerce.ecom_monthly_revenue"} */
drop view if exists "airflow"."public"."ecom_monthly_revenue__dbt_backup" cascade
[0m05:45:44.740458 [debug] [Thread-1  ]: SQL status: DROP VIEW in 0.000 seconds
[0m05:45:44.741758 [debug] [Thread-1  ]: On model.dbt_ecommerce.ecom_monthly_revenue: Close
[0m05:45:44.742650 [debug] [Thread-1  ]: Sending event: {'category': 'dbt', 'action': 'run_model', 'label': 'cc41b2bd-372b-4cd1-aed2-e3ccc3c26367', 'context': [<snowplow_tracker.self_describing_json.SelfDescribingJson object at 0x7430cb659250>]}
[0m05:45:44.743454 [info ] [Thread-1  ]: 2 of 5 OK created sql view model public.ecom_monthly_revenue ................... [[32mCREATE VIEW[0m in 0.07s]
[0m05:45:44.744144 [debug] [Thread-1  ]: Finished running node model.dbt_ecommerce.ecom_monthly_revenue
[0m05:45:44.744710 [debug] [Thread-1  ]: Began running node model.dbt_ecommerce.ecom_sales_by_country
[0m05:45:44.745518 [info ] [Thread-1  ]: 3 of 5 START sql view model public.ecom_sales_by_country ....................... [RUN]
[0m05:45:44.746304 [debug] [Thread-1  ]: Re-using an available connection from the pool (formerly model.dbt_ecommerce.ecom_monthly_revenue, now model.dbt_ecommerce.ecom_sales_by_country)
[0m05:45:44.746993 [debug] [Thread-1  ]: Began compiling node model.dbt_ecommerce.ecom_sales_by_country
[0m05:45:44.749545 [debug] [Thread-1  ]: Writing injected SQL for node "model.dbt_ecommerce.ecom_sales_by_country"
[0m05:45:44.762979 [debug] [Thread-1  ]: Began executing node model.dbt_ecommerce.ecom_sales_by_country
[0m05:45:44.767207 [debug] [Thread-1  ]: Writing runtime sql for node "model.dbt_ecommerce.ecom_sales_by_country"
[0m05:45:44.781578 [debug] [Thread-1  ]: Using postgres connection "model.dbt_ecommerce.ecom_sales_by_country"
[0m05:45:44.782288 [debug] [Thread-1  ]: On model.dbt_ecommerce.ecom_sales_by_country: BEGIN
[0m05:45:44.783046 [debug] [Thread-1  ]: Opening a new connection, currently in state closed
[0m05:45:44.788034 [debug] [Thread-1  ]: SQL status: BEGIN in 0.005 seconds
[0m05:45:44.788838 [debug] [Thread-1  ]: Using postgres connection "model.dbt_ecommerce.ecom_sales_by_country"
[0m05:45:44.789587 [debug] [Thread-1  ]: On model.dbt_ecommerce.ecom_sales_by_country: /* {"app": "dbt", "dbt_version": "1.9.0b2", "profile_name": "dbt_ecommerce", "target_name": "dev", "node_id": "model.dbt_ecommerce.ecom_sales_by_country"} */

  create view "airflow"."public"."ecom_sales_by_country__dbt_tmp"
    
    
  as (
    SELECT
    country,
    COUNT(DISTINCT invoice_no)          AS total_orders,
    COUNT(DISTINCT customer_id)         AS unique_customers,
    ROUND(SUM(total_price)::numeric, 2) AS total_revenue
FROM "airflow"."public"."stg_ecom"
GROUP BY country
ORDER BY total_revenue DESC
  );
[0m05:45:44.791669 [debug] [Thread-1  ]: SQL status: CREATE VIEW in 0.001 seconds
[0m05:45:44.794809 [debug] [Thread-1  ]: Using postgres connection "model.dbt_ecommerce.ecom_sales_by_country"
[0m05:45:44.795598 [debug] [Thread-1  ]: On model.dbt_ecommerce.ecom_sales_by_country: /* {"app": "dbt", "dbt_version": "1.9.0b2", "profile_name": "dbt_ecommerce", "target_name": "dev", "node_id": "model.dbt_ecommerce.ecom_sales_by_country"} */
alter table "airflow"."public"."ecom_sales_by_country__dbt_tmp" rename to "ecom_sales_by_country"
[0m05:45:44.796783 [debug] [Thread-1  ]: SQL status: ALTER TABLE in 0.000 seconds
[0m05:45:44.798514 [debug] [Thread-1  ]: On model.dbt_ecommerce.ecom_sales_by_country: COMMIT
[0m05:45:44.799245 [debug] [Thread-1  ]: Using postgres connection "model.dbt_ecommerce.ecom_sales_by_country"
[0m05:45:44.800028 [debug] [Thread-1  ]: On model.dbt_ecommerce.ecom_sales_by_country: COMMIT
[0m05:45:44.802425 [debug] [Thread-1  ]: SQL status: COMMIT in 0.002 seconds
[0m05:45:44.805670 [debug] [Thread-1  ]: Applying DROP to: "airflow"."public"."ecom_sales_by_country__dbt_backup"
[0m05:45:44.806695 [debug] [Thread-1  ]: Using postgres connection "model.dbt_ecommerce.ecom_sales_by_country"
[0m05:45:44.807447 [debug] [Thread-1  ]: On model.dbt_ecommerce.ecom_sales_by_country: /* {"app": "dbt", "dbt_version": "1.9.0b2", "profile_name": "dbt_ecommerce", "target_name": "dev", "node_id": "model.dbt_ecommerce.ecom_sales_by_country"} */
drop view if exists "airflow"."public"."ecom_sales_by_country__dbt_backup" cascade
[0m05:45:44.808528 [debug] [Thread-1  ]: SQL status: DROP VIEW in 0.000 seconds
[0m05:45:44.809869 [debug] [Thread-1  ]: On model.dbt_ecommerce.ecom_sales_by_country: Close
[0m05:45:44.810953 [debug] [Thread-1  ]: Sending event: {'category': 'dbt', 'action': 'run_model', 'label': 'cc41b2bd-372b-4cd1-aed2-e3ccc3c26367', 'context': [<snowplow_tracker.self_describing_json.SelfDescribingJson object at 0x7430cdec4220>]}
[0m05:45:44.811965 [info ] [Thread-1  ]: 3 of 5 OK created sql view model public.ecom_sales_by_country .................. [[32mCREATE VIEW[0m in 0.06s]
[0m05:45:44.812805 [debug] [Thread-1  ]: Finished running node model.dbt_ecommerce.ecom_sales_by_country
[0m05:45:44.813643 [debug] [Thread-1  ]: Began running node model.dbt_ecommerce.ecom_top_customers
[0m05:45:44.814445 [info ] [Thread-1  ]: 4 of 5 START sql view model public.ecom_top_customers .......................... [RUN]
[0m05:45:44.815316 [debug] [Thread-1  ]: Re-using an available connection from the pool (formerly model.dbt_ecommerce.ecom_sales_by_country, now model.dbt_ecommerce.ecom_top_customers)
[0m05:45:44.816037 [debug] [Thread-1  ]: Began compiling node model.dbt_ecommerce.ecom_top_customers
[0m05:45:44.818678 [debug] [Thread-1  ]: Writing injected SQL for node "model.dbt_ecommerce.ecom_top_customers"
[0m05:45:44.833183 [debug] [Thread-1  ]: Began executing node model.dbt_ecommerce.ecom_top_customers
[0m05:45:44.837592 [debug] [Thread-1  ]: Writing runtime sql for node "model.dbt_ecommerce.ecom_top_customers"
[0m05:45:44.851830 [debug] [Thread-1  ]: Using postgres connection "model.dbt_ecommerce.ecom_top_customers"
[0m05:45:44.852754 [debug] [Thread-1  ]: On model.dbt_ecommerce.ecom_top_customers: BEGIN
[0m05:45:44.853347 [debug] [Thread-1  ]: Opening a new connection, currently in state closed
[0m05:45:44.857969 [debug] [Thread-1  ]: SQL status: BEGIN in 0.005 seconds
[0m05:45:44.858787 [debug] [Thread-1  ]: Using postgres connection "model.dbt_ecommerce.ecom_top_customers"
[0m05:45:44.859413 [debug] [Thread-1  ]: On model.dbt_ecommerce.ecom_top_customers: /* {"app": "dbt", "dbt_version": "1.9.0b2", "profile_name": "dbt_ecommerce", "target_name": "dev", "node_id": "model.dbt_ecommerce.ecom_top_customers"} */

  create view "airflow"."public"."ecom_top_customers__dbt_tmp"
    
    
  as (
    SELECT
    customer_id,
    COUNT(DISTINCT invoice_no)          AS total_orders,
    SUM(quantity)                       AS total_items,
    ROUND(SUM(total_price)::numeric, 2) AS total_spent,
    MIN(invoice_date)                   AS first_purchase,
    MAX(invoice_date)                   AS last_purchase
FROM "airflow"."public"."stg_ecom"
GROUP BY customer_id
ORDER BY total_spent DESC
LIMIT 20
  );
[0m05:45:44.861307 [debug] [Thread-1  ]: SQL status: CREATE VIEW in 0.001 seconds
[0m05:45:44.864099 [debug] [Thread-1  ]: Using postgres connection "model.dbt_ecommerce.ecom_top_customers"
[0m05:45:44.864860 [debug] [Thread-1  ]: On model.dbt_ecommerce.ecom_top_customers: /* {"app": "dbt", "dbt_version": "1.9.0b2", "profile_name": "dbt_ecommerce", "target_name": "dev", "node_id": "model.dbt_ecommerce.ecom_top_customers"} */
alter table "airflow"."public"."ecom_top_customers__dbt_tmp" rename to "ecom_top_customers"
[0m05:45:44.866108 [debug] [Thread-1  ]: SQL status: ALTER TABLE in 0.000 seconds
[0m05:45:44.868507 [debug] [Thread-1  ]: On model.dbt_ecommerce.ecom_top_customers: COMMIT
[0m05:45:44.869353 [debug] [Thread-1  ]: Using postgres connection "model.dbt_ecommerce.ecom_top_customers"
[0m05:45:44.870189 [debug] [Thread-1  ]: On model.dbt_ecommerce.ecom_top_customers: COMMIT
[0m05:45:44.874091 [debug] [Thread-1  ]: SQL status: COMMIT in 0.003 seconds
[0m05:45:44.876924 [debug] [Thread-1  ]: Applying DROP to: "airflow"."public"."ecom_top_customers__dbt_backup"
[0m05:45:44.878226 [debug] [Thread-1  ]: Using postgres connection "model.dbt_ecommerce.ecom_top_customers"
[0m05:45:44.879115 [debug] [Thread-1  ]: On model.dbt_ecommerce.ecom_top_customers: /* {"app": "dbt", "dbt_version": "1.9.0b2", "profile_name": "dbt_ecommerce", "target_name": "dev", "node_id": "model.dbt_ecommerce.ecom_top_customers"} */
drop view if exists "airflow"."public"."ecom_top_customers__dbt_backup" cascade
[0m05:45:44.880339 [debug] [Thread-1  ]: SQL status: DROP VIEW in 0.000 seconds
[0m05:45:44.881727 [debug] [Thread-1  ]: On model.dbt_ecommerce.ecom_top_customers: Close
[0m05:45:44.882684 [debug] [Thread-1  ]: Sending event: {'category': 'dbt', 'action': 'run_model', 'label': 'cc41b2bd-372b-4cd1-aed2-e3ccc3c26367', 'context': [<snowplow_tracker.self_describing_json.SelfDescribingJson object at 0x7430cdec4220>]}
[0m05:45:44.883513 [info ] [Thread-1  ]: 4 of 5 OK created sql view model public.ecom_top_customers ..................... [[32mCREATE VIEW[0m in 0.07s]
[0m05:45:44.884389 [debug] [Thread-1  ]: Finished running node model.dbt_ecommerce.ecom_top_customers
[0m05:45:44.885006 [debug] [Thread-1  ]: Began running node model.dbt_ecommerce.ecom_top_product
[0m05:45:44.885674 [info ] [Thread-1  ]: 5 of 5 START sql view model public.ecom_top_product ............................ [RUN]
[0m05:45:44.886367 [debug] [Thread-1  ]: Re-using an available connection from the pool (formerly model.dbt_ecommerce.ecom_top_customers, now model.dbt_ecommerce.ecom_top_product)
[0m05:45:44.886876 [debug] [Thread-1  ]: Began compiling node model.dbt_ecommerce.ecom_top_product
[0m05:45:44.889611 [debug] [Thread-1  ]: Writing injected SQL for node "model.dbt_ecommerce.ecom_top_product"
[0m05:45:44.903867 [debug] [Thread-1  ]: Began executing node model.dbt_ecommerce.ecom_top_product
[0m05:45:44.909042 [debug] [Thread-1  ]: Writing runtime sql for node "model.dbt_ecommerce.ecom_top_product"
[0m05:45:44.923658 [debug] [Thread-1  ]: Using postgres connection "model.dbt_ecommerce.ecom_top_product"
[0m05:45:44.924479 [debug] [Thread-1  ]: On model.dbt_ecommerce.ecom_top_product: BEGIN
[0m05:45:44.925121 [debug] [Thread-1  ]: Opening a new connection, currently in state closed
[0m05:45:44.930105 [debug] [Thread-1  ]: SQL status: BEGIN in 0.005 seconds
[0m05:45:44.931084 [debug] [Thread-1  ]: Using postgres connection "model.dbt_ecommerce.ecom_top_product"
[0m05:45:44.931836 [debug] [Thread-1  ]: On model.dbt_ecommerce.ecom_top_product: /* {"app": "dbt", "dbt_version": "1.9.0b2", "profile_name": "dbt_ecommerce", "target_name": "dev", "node_id": "model.dbt_ecommerce.ecom_top_product"} */

  create view "airflow"."public"."ecom_top_product__dbt_tmp"
    
    
  as (
    SELECT
    stock_code,
    description,
    SUM(quantity)                       AS total_quantity,
    ROUND(SUM(total_price)::numeric, 2) AS total_revenue,
    COUNT(DISTINCT invoice_no)          AS times_ordered
FROM "airflow"."public"."stg_ecom"
GROUP BY stock_code, description
ORDER BY total_revenue DESC
LIMIT 20
  );
[0m05:45:44.933832 [debug] [Thread-1  ]: SQL status: CREATE VIEW in 0.001 seconds
[0m05:45:44.937623 [debug] [Thread-1  ]: Using postgres connection "model.dbt_ecommerce.ecom_top_product"
[0m05:45:44.938506 [debug] [Thread-1  ]: On model.dbt_ecommerce.ecom_top_product: /* {"app": "dbt", "dbt_version": "1.9.0b2", "profile_name": "dbt_ecommerce", "target_name": "dev", "node_id": "model.dbt_ecommerce.ecom_top_product"} */
alter table "airflow"."public"."ecom_top_product__dbt_tmp" rename to "ecom_top_product"
[0m05:45:44.939710 [debug] [Thread-1  ]: SQL status: ALTER TABLE in 0.000 seconds
[0m05:45:44.941235 [debug] [Thread-1  ]: On model.dbt_ecommerce.ecom_top_product: COMMIT
[0m05:45:44.941999 [debug] [Thread-1  ]: Using postgres connection "model.dbt_ecommerce.ecom_top_product"
[0m05:45:44.942639 [debug] [Thread-1  ]: On model.dbt_ecommerce.ecom_top_product: COMMIT
[0m05:45:44.945107 [debug] [Thread-1  ]: SQL status: COMMIT in 0.002 seconds
[0m05:45:44.981582 [debug] [Thread-1  ]: Applying DROP to: "airflow"."public"."ecom_top_product__dbt_backup"
[0m05:45:44.982746 [debug] [Thread-1  ]: Using postgres connection "model.dbt_ecommerce.ecom_top_product"
[0m05:45:44.983518 [debug] [Thread-1  ]: On model.dbt_ecommerce.ecom_top_product: /* {"app": "dbt", "dbt_version": "1.9.0b2", "profile_name": "dbt_ecommerce", "target_name": "dev", "node_id": "model.dbt_ecommerce.ecom_top_product"} */
drop view if exists "airflow"."public"."ecom_top_product__dbt_backup" cascade
[0m05:45:44.984589 [debug] [Thread-1  ]: SQL status: DROP VIEW in 0.000 seconds
[0m05:45:44.986209 [debug] [Thread-1  ]: On model.dbt_ecommerce.ecom_top_product: Close
[0m05:45:44.987313 [debug] [Thread-1  ]: Sending event: {'category': 'dbt', 'action': 'run_model', 'label': 'cc41b2bd-372b-4cd1-aed2-e3ccc3c26367', 'context': [<snowplow_tracker.self_describing_json.SelfDescribingJson object at 0x7430cb273340>]}
[0m05:45:44.988128 [info ] [Thread-1  ]: 5 of 5 OK created sql view model public.ecom_top_product ....................... [[32mCREATE VIEW[0m in 0.10s]
[0m05:45:44.988925 [debug] [Thread-1  ]: Finished running node model.dbt_ecommerce.ecom_top_product
[0m05:45:44.990270 [debug] [MainThread]: Using postgres connection "master"
[0m05:45:44.990961 [debug] [MainThread]: On master: BEGIN
[0m05:45:44.991543 [debug] [MainThread]: Opening a new connection, currently in state closed
[0m05:45:44.995763 [debug] [MainThread]: SQL status: BEGIN in 0.004 seconds
[0m05:45:44.996475 [debug] [MainThread]: On master: COMMIT
[0m05:45:44.997164 [debug] [MainThread]: Using postgres connection "master"
[0m05:45:44.997902 [debug] [MainThread]: On master: COMMIT
[0m05:45:44.998593 [debug] [MainThread]: SQL status: COMMIT in 0.000 seconds
[0m05:45:44.999136 [debug] [MainThread]: On master: Close
[0m05:45:44.999906 [debug] [MainThread]: Connection 'master' was properly closed.
[0m05:45:45.000500 [debug] [MainThread]: Connection 'model.dbt_ecommerce.ecom_top_product' was properly closed.
[0m05:45:45.001089 [info ] [MainThread]: 
[0m05:45:45.001580 [info ] [MainThread]: Finished running 5 view models in 0 hours 0 minutes and 0.56 seconds (0.56s).
[0m05:45:45.002643 [debug] [MainThread]: Command end result
[0m05:45:45.065555 [info ] [MainThread]: 
[0m05:45:45.066632 [info ] [MainThread]: [32mCompleted successfully[0m
[0m05:45:45.067418 [info ] [MainThread]: 
[0m05:45:45.068248 [info ] [MainThread]: Done. PASS=5 WARN=0 ERROR=0 SKIP=0 TOTAL=5
[0m05:45:45.069545 [debug] [MainThread]: Resource report: {"command_name": "run", "command_success": true, "command_wall_clock_time": 1.4028366, "process_user_time": 1.405703, "process_kernel_time": 0.232315, "process_mem_max_rss": "105684", "process_in_blocks": "0", "process_out_blocks": "0"}
[0m05:45:45.070505 [debug] [MainThread]: Command `dbt run` succeeded at 05:45:45.070423 after 1.40 seconds
[0m05:45:45.071307 [debug] [MainThread]: Sending event: {'category': 'dbt', 'action': 'invocation', 'label': 'end', 'context': [<snowplow_tracker.self_describing_json.SelfDescribingJson object at 0x7430cde5e640>, <snowplow_tracker.self_describing_json.SelfDescribingJson object at 0x7430cef16160>, <snowplow_tracker.self_describing_json.SelfDescribingJson object at 0x7430cdc4c8e0>]}
[0m05:45:45.072062 [debug] [MainThread]: Flushing usage events
[0m05:45:47.355012 [debug] [MainThread]: An error was encountered while trying to flush usage events
[0m05:45:49.833215 [debug] [MainThread]: Sending event: {'category': 'dbt', 'action': 'invocation', 'label': 'start', 'context': [<snowplow_tracker.self_describing_json.SelfDescribingJson object at 0x7c889f3a75b0>, <snowplow_tracker.self_describing_json.SelfDescribingJson object at 0x7c889eb3c760>, <snowplow_tracker.self_describing_json.SelfDescribingJson object at 0x7c889e835fd0>]}


============================== 05:45:49.839561 | e104b045-5fe0-466a-8eb9-fa4cf7d46075 ==============================
[0m05:45:49.839561 [info ] [MainThread]: Running with dbt=1.9.0-b2
[0m05:45:49.840309 [debug] [MainThread]: running dbt with arguments {'printer_width': '80', 'indirect_selection': 'eager', 'write_json': 'True', 'log_cache_events': 'False', 'partial_parse': 'True', 'cache_selected_only': 'False', 'warn_error': 'None', 'fail_fast': 'False', 'debug': 'False', 'log_path': '/opt/airflow/dbt_ecommerce/logs', 'version_check': 'True', 'profiles_dir': '/home/airflow/.dbt', 'use_colors': 'True', 'use_experimental_parser': 'False', 'empty': 'None', 'quiet': 'False', 'no_print': 'None', 'log_format': 'default', 'introspect': 'True', 'static_parser': 'True', 'invocation_command': 'dbt test', 'target_path': 'None', 'warn_error_options': 'WarnErrorOptions(include=[], exclude=[])', 'send_anonymous_usage_stats': 'True'}
[0m05:45:50.001187 [debug] [MainThread]: Sending event: {'category': 'dbt', 'action': 'project_id', 'label': 'e104b045-5fe0-466a-8eb9-fa4cf7d46075', 'context': [<snowplow_tracker.self_describing_json.SelfDescribingJson object at 0x7c889e6fe280>]}
[0m05:45:50.044864 [debug] [MainThread]: Sending event: {'category': 'dbt', 'action': 'adapter_info', 'label': 'e104b045-5fe0-466a-8eb9-fa4cf7d46075', 'context': [<snowplow_tracker.self_describing_json.SelfDescribingJson object at 0x7c889ecbdd90>]}
[0m05:45:50.045886 [info ] [MainThread]: Registered adapter: postgres=1.8.2
[0m05:45:50.057888 [debug] [MainThread]: checksum: 4cfbbe2a671212f062e88a43cba5322b30b7e3e8e91b953aa4de249eeaade60f, vars: {}, profile: , target: , version: 1.9.0b2
[0m05:45:50.236733 [debug] [MainThread]: Partial parsing enabled: 0 files deleted, 0 files added, 0 files changed.
[0m05:45:50.237461 [debug] [MainThread]: Partial parsing enabled, no changes found, skipping parsing
[0m05:45:50.270512 [debug] [MainThread]: Sending event: {'category': 'dbt', 'action': 'load_project', 'label': 'e104b045-5fe0-466a-8eb9-fa4cf7d46075', 'context': [<snowplow_tracker.self_describing_json.SelfDescribingJson object at 0x7c889d6d3c40>]}
[0m05:45:50.390910 [debug] [MainThread]: Sending event: {'category': 'dbt', 'action': 'resource_counts', 'label': 'e104b045-5fe0-466a-8eb9-fa4cf7d46075', 'context': [<snowplow_tracker.self_describing_json.SelfDescribingJson object at 0x7c889d29a820>]}
[0m05:45:50.391635 [info ] [MainThread]: Found 5 models, 13 data tests, 423 macros
[0m05:45:50.392635 [debug] [MainThread]: Sending event: {'category': 'dbt', 'action': 'runnable_timing', 'label': 'e104b045-5fe0-466a-8eb9-fa4cf7d46075', 'context': [<snowplow_tracker.self_describing_json.SelfDescribingJson object at 0x7c889d6c2640>]}
[0m05:45:50.395053 [info ] [MainThread]: 
[0m05:45:50.397366 [info ] [MainThread]: Concurrency: 1 threads (target='dev')
[0m05:45:50.403966 [info ] [MainThread]: 
[0m05:45:50.410835 [debug] [MainThread]: Acquiring new postgres connection 'master'
[0m05:45:50.415182 [debug] [ThreadPool]: Acquiring new postgres connection 'list_airflow_public'
[0m05:45:50.443553 [debug] [ThreadPool]: Using postgres connection "list_airflow_public"
[0m05:45:50.444404 [debug] [ThreadPool]: On list_airflow_public: BEGIN
[0m05:45:50.445064 [debug] [ThreadPool]: Opening a new connection, currently in state init
[0m05:45:50.450469 [debug] [ThreadPool]: SQL status: BEGIN in 0.005 seconds
[0m05:45:50.451272 [debug] [ThreadPool]: Using postgres connection "list_airflow_public"
[0m05:45:50.451980 [debug] [ThreadPool]: On list_airflow_public: /* {"app": "dbt", "dbt_version": "1.9.0b2", "profile_name": "dbt_ecommerce", "target_name": "dev", "connection_name": "list_airflow_public"} */
select
      'airflow' as database,
      tablename as name,
      schemaname as schema,
      'table' as type
    from pg_tables
    where schemaname ilike 'public'
    union all
    select
      'airflow' as database,
      viewname as name,
      schemaname as schema,
      'view' as type
    from pg_views
    where schemaname ilike 'public'
    union all
    select
      'airflow' as database,
      matviewname as name,
      schemaname as schema,
      'materialized_view' as type
    from pg_matviews
    where schemaname ilike 'public'
  
[0m05:45:50.454464 [debug] [ThreadPool]: SQL status: SELECT 52 in 0.002 seconds
[0m05:45:50.456776 [debug] [ThreadPool]: On list_airflow_public: ROLLBACK
[0m05:45:50.457515 [debug] [ThreadPool]: On list_airflow_public: Close
[0m05:45:50.466586 [debug] [MainThread]: Using postgres connection "master"
[0m05:45:50.467216 [debug] [MainThread]: On master: BEGIN
[0m05:45:50.467824 [debug] [MainThread]: Opening a new connection, currently in state init
[0m05:45:50.472060 [debug] [MainThread]: SQL status: BEGIN in 0.004 seconds
[0m05:45:50.472732 [debug] [MainThread]: Using postgres connection "master"
[0m05:45:50.473456 [debug] [MainThread]: On master: /* {"app": "dbt", "dbt_version": "1.9.0b2", "profile_name": "dbt_ecommerce", "target_name": "dev", "connection_name": "master"} */
with relation as (
        select
            pg_rewrite.ev_class as class,
            pg_rewrite.oid as id
        from pg_rewrite
    ),
    class as (
        select
            oid as id,
            relname as name,
            relnamespace as schema,
            relkind as kind
        from pg_class
    ),
    dependency as (
        select distinct
            pg_depend.objid as id,
            pg_depend.refobjid as ref
        from pg_depend
    ),
    schema as (
        select
            pg_namespace.oid as id,
            pg_namespace.nspname as name
        from pg_namespace
        where nspname != 'information_schema' and nspname not like 'pg\_%'
    ),
    referenced as (
        select
            relation.id AS id,
            referenced_class.name ,
            referenced_class.schema ,
            referenced_class.kind
        from relation
        join class as referenced_class on relation.class=referenced_class.id
        where referenced_class.kind in ('r', 'v', 'm')
    ),
    relationships as (
        select
            referenced.name as referenced_name,
            referenced.schema as referenced_schema_id,
            dependent_class.name as dependent_name,
            dependent_class.schema as dependent_schema_id,
            referenced.kind as kind
        from referenced
        join dependency on referenced.id=dependency.id
        join class as dependent_class on dependency.ref=dependent_class.id
        where
            (referenced.name != dependent_class.name or
             referenced.schema != dependent_class.schema)
    )

    select
        referenced_schema.name as referenced_schema,
        relationships.referenced_name as referenced_name,
        dependent_schema.name as dependent_schema,
        relationships.dependent_name as dependent_name
    from relationships
    join schema as dependent_schema on relationships.dependent_schema_id=dependent_schema.id
    join schema as referenced_schema on relationships.referenced_schema_id=referenced_schema.id
    group by referenced_schema, referenced_name, dependent_schema, dependent_name
    order by referenced_schema, referenced_name, dependent_schema, dependent_name;
[0m05:45:50.487545 [debug] [MainThread]: SQL status: SELECT 5 in 0.013 seconds
[0m05:45:50.489524 [debug] [MainThread]: Sending event: {'category': 'dbt', 'action': 'runnable_timing', 'label': 'e104b045-5fe0-466a-8eb9-fa4cf7d46075', 'context': [<snowplow_tracker.self_describing_json.SelfDescribingJson object at 0x7c889d29ad00>]}
[0m05:45:50.492528 [debug] [MainThread]: On master: ROLLBACK
[0m05:45:50.496818 [debug] [MainThread]: Using postgres connection "master"
[0m05:45:50.497613 [debug] [MainThread]: On master: BEGIN
[0m05:45:50.498456 [debug] [MainThread]: SQL status: BEGIN in 0.000 seconds
[0m05:45:50.498829 [debug] [MainThread]: On master: COMMIT
[0m05:45:50.499300 [debug] [MainThread]: Using postgres connection "master"
[0m05:45:50.499725 [debug] [MainThread]: On master: COMMIT
[0m05:45:50.500163 [debug] [MainThread]: SQL status: COMMIT in 0.000 seconds
[0m05:45:50.500578 [debug] [MainThread]: On master: Close
[0m05:45:50.506109 [debug] [Thread-1  ]: Began running node test.dbt_ecommerce.not_null_ecom_monthly_revenue_invoice_month.32c0e2da40
[0m05:45:50.506814 [info ] [Thread-1  ]: 1 of 13 START test not_null_ecom_monthly_revenue_invoice_month ................. [RUN]
[0m05:45:50.507545 [debug] [Thread-1  ]: Re-using an available connection from the pool (formerly list_airflow_public, now test.dbt_ecommerce.not_null_ecom_monthly_revenue_invoice_month.32c0e2da40)
[0m05:45:50.507964 [debug] [Thread-1  ]: Began compiling node test.dbt_ecommerce.not_null_ecom_monthly_revenue_invoice_month.32c0e2da40
[0m05:45:50.520354 [debug] [Thread-1  ]: Writing injected SQL for node "test.dbt_ecommerce.not_null_ecom_monthly_revenue_invoice_month.32c0e2da40"
[0m05:45:50.527791 [debug] [Thread-1  ]: Began executing node test.dbt_ecommerce.not_null_ecom_monthly_revenue_invoice_month.32c0e2da40
[0m05:45:50.538481 [debug] [Thread-1  ]: Writing runtime sql for node "test.dbt_ecommerce.not_null_ecom_monthly_revenue_invoice_month.32c0e2da40"
[0m05:45:50.545668 [debug] [Thread-1  ]: Using postgres connection "test.dbt_ecommerce.not_null_ecom_monthly_revenue_invoice_month.32c0e2da40"
[0m05:45:50.546226 [debug] [Thread-1  ]: On test.dbt_ecommerce.not_null_ecom_monthly_revenue_invoice_month.32c0e2da40: BEGIN
[0m05:45:50.546733 [debug] [Thread-1  ]: Opening a new connection, currently in state closed
[0m05:45:50.550879 [debug] [Thread-1  ]: SQL status: BEGIN in 0.004 seconds
[0m05:45:50.551464 [debug] [Thread-1  ]: Using postgres connection "test.dbt_ecommerce.not_null_ecom_monthly_revenue_invoice_month.32c0e2da40"
[0m05:45:50.551940 [debug] [Thread-1  ]: On test.dbt_ecommerce.not_null_ecom_monthly_revenue_invoice_month.32c0e2da40: /* {"app": "dbt", "dbt_version": "1.9.0b2", "profile_name": "dbt_ecommerce", "target_name": "dev", "node_id": "test.dbt_ecommerce.not_null_ecom_monthly_revenue_invoice_month.32c0e2da40"} */
select
      count(*) as failures,
      count(*) != 0 as should_warn,
      count(*) != 0 as should_error
    from (
      
    
    



select invoice_month
from "airflow"."public"."ecom_monthly_revenue"
where invoice_month is null



      
    ) dbt_internal_test
[0m05:45:50.589456 [debug] [Thread-1  ]: SQL status: SELECT 1 in 0.037 seconds
[0m05:45:50.593214 [debug] [Thread-1  ]: On test.dbt_ecommerce.not_null_ecom_monthly_revenue_invoice_month.32c0e2da40: ROLLBACK
[0m05:45:50.594361 [debug] [Thread-1  ]: On test.dbt_ecommerce.not_null_ecom_monthly_revenue_invoice_month.32c0e2da40: Close
[0m05:45:50.595582 [info ] [Thread-1  ]: 1 of 13 PASS not_null_ecom_monthly_revenue_invoice_month ....................... [[32mPASS[0m in 0.09s]
[0m05:45:50.597357 [debug] [Thread-1  ]: Finished running node test.dbt_ecommerce.not_null_ecom_monthly_revenue_invoice_month.32c0e2da40
[0m05:45:50.598529 [debug] [Thread-1  ]: Began running node test.dbt_ecommerce.not_null_ecom_monthly_revenue_revenue.ada5483343
[0m05:45:50.599371 [info ] [Thread-1  ]: 2 of 13 START test not_null_ecom_monthly_revenue_revenue ....................... [RUN]
[0m05:45:50.600372 [debug] [Thread-1  ]: Re-using an available connection from the pool (formerly test.dbt_ecommerce.not_null_ecom_monthly_revenue_invoice_month.32c0e2da40, now test.dbt_ecommerce.not_null_ecom_monthly_revenue_revenue.ada5483343)
[0m05:45:50.600977 [debug] [Thread-1  ]: Began compiling node test.dbt_ecommerce.not_null_ecom_monthly_revenue_revenue.ada5483343
[0m05:45:50.605119 [debug] [Thread-1  ]: Writing injected SQL for node "test.dbt_ecommerce.not_null_ecom_monthly_revenue_revenue.ada5483343"
[0m05:45:50.619231 [debug] [Thread-1  ]: Began executing node test.dbt_ecommerce.not_null_ecom_monthly_revenue_revenue.ada5483343
[0m05:45:50.621574 [debug] [Thread-1  ]: Writing runtime sql for node "test.dbt_ecommerce.not_null_ecom_monthly_revenue_revenue.ada5483343"
[0m05:45:50.635568 [debug] [Thread-1  ]: Using postgres connection "test.dbt_ecommerce.not_null_ecom_monthly_revenue_revenue.ada5483343"
[0m05:45:50.636202 [debug] [Thread-1  ]: On test.dbt_ecommerce.not_null_ecom_monthly_revenue_revenue.ada5483343: BEGIN
[0m05:45:50.636778 [debug] [Thread-1  ]: Opening a new connection, currently in state closed
[0m05:45:50.641164 [debug] [Thread-1  ]: SQL status: BEGIN in 0.004 seconds
[0m05:45:50.641790 [debug] [Thread-1  ]: Using postgres connection "test.dbt_ecommerce.not_null_ecom_monthly_revenue_revenue.ada5483343"
[0m05:45:50.642388 [debug] [Thread-1  ]: On test.dbt_ecommerce.not_null_ecom_monthly_revenue_revenue.ada5483343: /* {"app": "dbt", "dbt_version": "1.9.0b2", "profile_name": "dbt_ecommerce", "target_name": "dev", "node_id": "test.dbt_ecommerce.not_null_ecom_monthly_revenue_revenue.ada5483343"} */
select
      count(*) as failures,
      count(*) != 0 as should_warn,
      count(*) != 0 as should_error
    from (
      
    
    



select revenue
from "airflow"."public"."ecom_monthly_revenue"
where revenue is null



      
    ) dbt_internal_test
[0m05:45:50.683353 [debug] [Thread-1  ]: SQL status: SELECT 1 in 0.040 seconds
[0m05:45:50.685150 [debug] [Thread-1  ]: On test.dbt_ecommerce.not_null_ecom_monthly_revenue_revenue.ada5483343: ROLLBACK
[0m05:45:50.686162 [debug] [Thread-1  ]: On test.dbt_ecommerce.not_null_ecom_monthly_revenue_revenue.ada5483343: Close
[0m05:45:50.687321 [info ] [Thread-1  ]: 2 of 13 PASS not_null_ecom_monthly_revenue_revenue ............................. [[32mPASS[0m in 0.09s]
[0m05:45:50.688271 [debug] [Thread-1  ]: Finished running node test.dbt_ecommerce.not_null_ecom_monthly_revenue_revenue.ada5483343
[0m05:45:50.688822 [debug] [Thread-1  ]: Began running node test.dbt_ecommerce.not_null_ecom_sales_by_country_country.06c22a4811
[0m05:45:50.689680 [info ] [Thread-1  ]: 3 of 13 START test not_null_ecom_sales_by_country_country ...................... [RUN]
[0m05:45:50.690893 [debug] [Thread-1  ]: Re-using an available connection from the pool (formerly test.dbt_ecommerce.not_null_ecom_monthly_revenue_revenue.ada5483343, now test.dbt_ecommerce.not_null_ecom_sales_by_country_country.06c22a4811)
[0m05:45:50.691489 [debug] [Thread-1  ]: Began compiling node test.dbt_ecommerce.not_null_ecom_sales_by_country_country.06c22a4811
[0m05:45:50.695124 [debug] [Thread-1  ]: Writing injected SQL for node "test.dbt_ecommerce.not_null_ecom_sales_by_country_country.06c22a4811"
[0m05:45:50.709411 [debug] [Thread-1  ]: Began executing node test.dbt_ecommerce.not_null_ecom_sales_by_country_country.06c22a4811
[0m05:45:50.711908 [debug] [Thread-1  ]: Writing runtime sql for node "test.dbt_ecommerce.not_null_ecom_sales_by_country_country.06c22a4811"
[0m05:45:50.726171 [debug] [Thread-1  ]: Using postgres connection "test.dbt_ecommerce.not_null_ecom_sales_by_country_country.06c22a4811"
[0m05:45:50.726987 [debug] [Thread-1  ]: On test.dbt_ecommerce.not_null_ecom_sales_by_country_country.06c22a4811: BEGIN
[0m05:45:50.727747 [debug] [Thread-1  ]: Opening a new connection, currently in state closed
[0m05:45:50.732334 [debug] [Thread-1  ]: SQL status: BEGIN in 0.005 seconds
[0m05:45:50.732953 [debug] [Thread-1  ]: Using postgres connection "test.dbt_ecommerce.not_null_ecom_sales_by_country_country.06c22a4811"
[0m05:45:50.733494 [debug] [Thread-1  ]: On test.dbt_ecommerce.not_null_ecom_sales_by_country_country.06c22a4811: /* {"app": "dbt", "dbt_version": "1.9.0b2", "profile_name": "dbt_ecommerce", "target_name": "dev", "node_id": "test.dbt_ecommerce.not_null_ecom_sales_by_country_country.06c22a4811"} */
select
      count(*) as failures,
      count(*) != 0 as should_warn,
      count(*) != 0 as should_error
    from (
      
    
    



select country
from "airflow"."public"."ecom_sales_by_country"
where country is null



      
    ) dbt_internal_test
[0m05:45:50.746285 [debug] [Thread-1  ]: SQL status: SELECT 1 in 0.012 seconds
[0m05:45:50.748042 [debug] [Thread-1  ]: On test.dbt_ecommerce.not_null_ecom_sales_by_country_country.06c22a4811: ROLLBACK
[0m05:45:50.748906 [debug] [Thread-1  ]: On test.dbt_ecommerce.not_null_ecom_sales_by_country_country.06c22a4811: Close
[0m05:45:50.749839 [info ] [Thread-1  ]: 3 of 13 PASS not_null_ecom_sales_by_country_country ............................ [[32mPASS[0m in 0.06s]
[0m05:45:50.750684 [debug] [Thread-1  ]: Finished running node test.dbt_ecommerce.not_null_ecom_sales_by_country_country.06c22a4811
[0m05:45:50.751358 [debug] [Thread-1  ]: Began running node test.dbt_ecommerce.not_null_ecom_top_customers_customer_id.8fd8630edf
[0m05:45:50.751956 [info ] [Thread-1  ]: 4 of 13 START test not_null_ecom_top_customers_customer_id ..................... [RUN]
[0m05:45:50.752911 [debug] [Thread-1  ]: Re-using an available connection from the pool (formerly test.dbt_ecommerce.not_null_ecom_sales_by_country_country.06c22a4811, now test.dbt_ecommerce.not_null_ecom_top_customers_customer_id.8fd8630edf)
[0m05:45:50.753446 [debug] [Thread-1  ]: Began compiling node test.dbt_ecommerce.not_null_ecom_top_customers_customer_id.8fd8630edf
[0m05:45:50.757044 [debug] [Thread-1  ]: Writing injected SQL for node "test.dbt_ecommerce.not_null_ecom_top_customers_customer_id.8fd8630edf"
[0m05:45:50.766621 [debug] [Thread-1  ]: Began executing node test.dbt_ecommerce.not_null_ecom_top_customers_customer_id.8fd8630edf
[0m05:45:50.768973 [debug] [Thread-1  ]: Writing runtime sql for node "test.dbt_ecommerce.not_null_ecom_top_customers_customer_id.8fd8630edf"
[0m05:45:50.775848 [debug] [Thread-1  ]: Using postgres connection "test.dbt_ecommerce.not_null_ecom_top_customers_customer_id.8fd8630edf"
[0m05:45:50.776389 [debug] [Thread-1  ]: On test.dbt_ecommerce.not_null_ecom_top_customers_customer_id.8fd8630edf: BEGIN
[0m05:45:50.777346 [debug] [Thread-1  ]: Opening a new connection, currently in state closed
[0m05:45:50.781662 [debug] [Thread-1  ]: SQL status: BEGIN in 0.004 seconds
[0m05:45:50.782152 [debug] [Thread-1  ]: Using postgres connection "test.dbt_ecommerce.not_null_ecom_top_customers_customer_id.8fd8630edf"
[0m05:45:50.782757 [debug] [Thread-1  ]: On test.dbt_ecommerce.not_null_ecom_top_customers_customer_id.8fd8630edf: /* {"app": "dbt", "dbt_version": "1.9.0b2", "profile_name": "dbt_ecommerce", "target_name": "dev", "node_id": "test.dbt_ecommerce.not_null_ecom_top_customers_customer_id.8fd8630edf"} */
select
      count(*) as failures,
      count(*) != 0 as should_warn,
      count(*) != 0 as should_error
    from (
      
    
    



select customer_id
from "airflow"."public"."ecom_top_customers"
where customer_id is null



      
    ) dbt_internal_test
[0m05:45:50.805551 [debug] [Thread-1  ]: SQL status: SELECT 1 in 0.022 seconds
[0m05:45:50.807045 [debug] [Thread-1  ]: On test.dbt_ecommerce.not_null_ecom_top_customers_customer_id.8fd8630edf: ROLLBACK
[0m05:45:50.807869 [debug] [Thread-1  ]: On test.dbt_ecommerce.not_null_ecom_top_customers_customer_id.8fd8630edf: Close
[0m05:45:50.808619 [info ] [Thread-1  ]: 4 of 13 PASS not_null_ecom_top_customers_customer_id ........................... [[32mPASS[0m in 0.06s]
[0m05:45:50.809437 [debug] [Thread-1  ]: Finished running node test.dbt_ecommerce.not_null_ecom_top_customers_customer_id.8fd8630edf
[0m05:45:50.810051 [debug] [Thread-1  ]: Began running node test.dbt_ecommerce.not_null_ecom_top_product_stock_code.4f32e1d985
[0m05:45:50.810506 [info ] [Thread-1  ]: 5 of 13 START test not_null_ecom_top_product_stock_code ........................ [RUN]
[0m05:45:50.811378 [debug] [Thread-1  ]: Re-using an available connection from the pool (formerly test.dbt_ecommerce.not_null_ecom_top_customers_customer_id.8fd8630edf, now test.dbt_ecommerce.not_null_ecom_top_product_stock_code.4f32e1d985)
[0m05:45:50.811979 [debug] [Thread-1  ]: Began compiling node test.dbt_ecommerce.not_null_ecom_top_product_stock_code.4f32e1d985
[0m05:45:50.815350 [debug] [Thread-1  ]: Writing injected SQL for node "test.dbt_ecommerce.not_null_ecom_top_product_stock_code.4f32e1d985"
[0m05:45:50.822659 [debug] [Thread-1  ]: Began executing node test.dbt_ecommerce.not_null_ecom_top_product_stock_code.4f32e1d985
[0m05:45:50.825026 [debug] [Thread-1  ]: Writing runtime sql for node "test.dbt_ecommerce.not_null_ecom_top_product_stock_code.4f32e1d985"
[0m05:45:50.833605 [debug] [Thread-1  ]: Using postgres connection "test.dbt_ecommerce.not_null_ecom_top_product_stock_code.4f32e1d985"
[0m05:45:50.834098 [debug] [Thread-1  ]: On test.dbt_ecommerce.not_null_ecom_top_product_stock_code.4f32e1d985: BEGIN
[0m05:45:50.834616 [debug] [Thread-1  ]: Opening a new connection, currently in state closed
[0m05:45:50.839063 [debug] [Thread-1  ]: SQL status: BEGIN in 0.004 seconds
[0m05:45:50.839585 [debug] [Thread-1  ]: Using postgres connection "test.dbt_ecommerce.not_null_ecom_top_product_stock_code.4f32e1d985"
[0m05:45:50.840120 [debug] [Thread-1  ]: On test.dbt_ecommerce.not_null_ecom_top_product_stock_code.4f32e1d985: /* {"app": "dbt", "dbt_version": "1.9.0b2", "profile_name": "dbt_ecommerce", "target_name": "dev", "node_id": "test.dbt_ecommerce.not_null_ecom_top_product_stock_code.4f32e1d985"} */
select
      count(*) as failures,
      count(*) != 0 as should_warn,
      count(*) != 0 as should_error
    from (
      
    
    



select stock_code
from "airflow"."public"."ecom_top_product"
where stock_code is null



      
    ) dbt_internal_test
[0m05:45:50.913783 [debug] [Thread-1  ]: SQL status: SELECT 1 in 0.073 seconds
[0m05:45:50.915263 [debug] [Thread-1  ]: On test.dbt_ecommerce.not_null_ecom_top_product_stock_code.4f32e1d985: ROLLBACK
[0m05:45:50.915937 [debug] [Thread-1  ]: On test.dbt_ecommerce.not_null_ecom_top_product_stock_code.4f32e1d985: Close
[0m05:45:50.916869 [info ] [Thread-1  ]: 5 of 13 PASS not_null_ecom_top_product_stock_code .............................. [[32mPASS[0m in 0.11s]
[0m05:45:50.917520 [debug] [Thread-1  ]: Finished running node test.dbt_ecommerce.not_null_ecom_top_product_stock_code.4f32e1d985
[0m05:45:50.918074 [debug] [Thread-1  ]: Began running node test.dbt_ecommerce.not_null_stg_ecom_customer_id.bf5ba12dcb
[0m05:45:50.918564 [info ] [Thread-1  ]: 6 of 13 START test not_null_stg_ecom_customer_id ............................... [RUN]
[0m05:45:50.919087 [debug] [Thread-1  ]: Re-using an available connection from the pool (formerly test.dbt_ecommerce.not_null_ecom_top_product_stock_code.4f32e1d985, now test.dbt_ecommerce.not_null_stg_ecom_customer_id.bf5ba12dcb)
[0m05:45:50.919515 [debug] [Thread-1  ]: Began compiling node test.dbt_ecommerce.not_null_stg_ecom_customer_id.bf5ba12dcb
[0m05:45:50.923489 [debug] [Thread-1  ]: Writing injected SQL for node "test.dbt_ecommerce.not_null_stg_ecom_customer_id.bf5ba12dcb"
[0m05:45:50.932039 [debug] [Thread-1  ]: Began executing node test.dbt_ecommerce.not_null_stg_ecom_customer_id.bf5ba12dcb
[0m05:45:50.934552 [debug] [Thread-1  ]: Writing runtime sql for node "test.dbt_ecommerce.not_null_stg_ecom_customer_id.bf5ba12dcb"
[0m05:45:50.944616 [debug] [Thread-1  ]: Using postgres connection "test.dbt_ecommerce.not_null_stg_ecom_customer_id.bf5ba12dcb"
[0m05:45:50.945071 [debug] [Thread-1  ]: On test.dbt_ecommerce.not_null_stg_ecom_customer_id.bf5ba12dcb: BEGIN
[0m05:45:50.945500 [debug] [Thread-1  ]: Opening a new connection, currently in state closed
[0m05:45:50.949868 [debug] [Thread-1  ]: SQL status: BEGIN in 0.004 seconds
[0m05:45:50.950463 [debug] [Thread-1  ]: Using postgres connection "test.dbt_ecommerce.not_null_stg_ecom_customer_id.bf5ba12dcb"
[0m05:45:50.951012 [debug] [Thread-1  ]: On test.dbt_ecommerce.not_null_stg_ecom_customer_id.bf5ba12dcb: /* {"app": "dbt", "dbt_version": "1.9.0b2", "profile_name": "dbt_ecommerce", "target_name": "dev", "node_id": "test.dbt_ecommerce.not_null_stg_ecom_customer_id.bf5ba12dcb"} */
select
      count(*) as failures,
      count(*) != 0 as should_warn,
      count(*) != 0 as should_error
    from (
      
    
    



select customer_id
from "airflow"."public"."stg_ecom"
where customer_id is null



      
    ) dbt_internal_test
[0m05:45:50.963249 [debug] [Thread-1  ]: SQL status: SELECT 1 in 0.012 seconds
[0m05:45:50.965028 [debug] [Thread-1  ]: On test.dbt_ecommerce.not_null_stg_ecom_customer_id.bf5ba12dcb: ROLLBACK
[0m05:45:50.965767 [debug] [Thread-1  ]: On test.dbt_ecommerce.not_null_stg_ecom_customer_id.bf5ba12dcb: Close
[0m05:45:50.966668 [info ] [Thread-1  ]: 6 of 13 PASS not_null_stg_ecom_customer_id ..................................... [[32mPASS[0m in 0.05s]
[0m05:45:50.967878 [debug] [Thread-1  ]: Finished running node test.dbt_ecommerce.not_null_stg_ecom_customer_id.bf5ba12dcb
[0m05:45:50.968601 [debug] [Thread-1  ]: Began running node test.dbt_ecommerce.not_null_stg_ecom_invoice_no.f807ecd9fc
[0m05:45:50.969154 [info ] [Thread-1  ]: 7 of 13 START test not_null_stg_ecom_invoice_no ................................ [RUN]
[0m05:45:50.969821 [debug] [Thread-1  ]: Re-using an available connection from the pool (formerly test.dbt_ecommerce.not_null_stg_ecom_customer_id.bf5ba12dcb, now test.dbt_ecommerce.not_null_stg_ecom_invoice_no.f807ecd9fc)
[0m05:45:50.970320 [debug] [Thread-1  ]: Began compiling node test.dbt_ecommerce.not_null_stg_ecom_invoice_no.f807ecd9fc
[0m05:45:50.974281 [debug] [Thread-1  ]: Writing injected SQL for node "test.dbt_ecommerce.not_null_stg_ecom_invoice_no.f807ecd9fc"
[0m05:45:50.981186 [debug] [Thread-1  ]: Began executing node test.dbt_ecommerce.not_null_stg_ecom_invoice_no.f807ecd9fc
[0m05:45:50.983252 [debug] [Thread-1  ]: Writing runtime sql for node "test.dbt_ecommerce.not_null_stg_ecom_invoice_no.f807ecd9fc"
[0m05:45:50.998353 [debug] [Thread-1  ]: Using postgres connection "test.dbt_ecommerce.not_null_stg_ecom_invoice_no.f807ecd9fc"
[0m05:45:50.998966 [debug] [Thread-1  ]: On test.dbt_ecommerce.not_null_stg_ecom_invoice_no.f807ecd9fc: BEGIN
[0m05:45:50.999482 [debug] [Thread-1  ]: Opening a new connection, currently in state closed
[0m05:45:51.004347 [debug] [Thread-1  ]: SQL status: BEGIN in 0.005 seconds
[0m05:45:51.013182 [debug] [Thread-1  ]: Using postgres connection "test.dbt_ecommerce.not_null_stg_ecom_invoice_no.f807ecd9fc"
[0m05:45:51.013834 [debug] [Thread-1  ]: On test.dbt_ecommerce.not_null_stg_ecom_invoice_no.f807ecd9fc: /* {"app": "dbt", "dbt_version": "1.9.0b2", "profile_name": "dbt_ecommerce", "target_name": "dev", "node_id": "test.dbt_ecommerce.not_null_stg_ecom_invoice_no.f807ecd9fc"} */
select
      count(*) as failures,
      count(*) != 0 as should_warn,
      count(*) != 0 as should_error
    from (
      
    
    



select invoice_no
from "airflow"."public"."stg_ecom"
where invoice_no is null



      
    ) dbt_internal_test
[0m05:45:51.026731 [debug] [Thread-1  ]: SQL status: SELECT 1 in 0.012 seconds
[0m05:45:51.028349 [debug] [Thread-1  ]: On test.dbt_ecommerce.not_null_stg_ecom_invoice_no.f807ecd9fc: ROLLBACK
[0m05:45:51.028987 [debug] [Thread-1  ]: On test.dbt_ecommerce.not_null_stg_ecom_invoice_no.f807ecd9fc: Close
[0m05:45:51.029728 [info ] [Thread-1  ]: 7 of 13 PASS not_null_stg_ecom_invoice_no ...................................... [[32mPASS[0m in 0.06s]
[0m05:45:51.030370 [debug] [Thread-1  ]: Finished running node test.dbt_ecommerce.not_null_stg_ecom_invoice_no.f807ecd9fc
[0m05:45:51.030835 [debug] [Thread-1  ]: Began running node test.dbt_ecommerce.not_null_stg_ecom_quantity.83eb48507a
[0m05:45:51.031423 [info ] [Thread-1  ]: 8 of 13 START test not_null_stg_ecom_quantity .................................. [RUN]
[0m05:45:51.032006 [debug] [Thread-1  ]: Re-using an available connection from the pool (formerly test.dbt_ecommerce.not_null_stg_ecom_invoice_no.f807ecd9fc, now test.dbt_ecommerce.not_null_stg_ecom_quantity.83eb48507a)
[0m05:45:51.032689 [debug] [Thread-1  ]: Began compiling node test.dbt_ecommerce.not_null_stg_ecom_quantity.83eb48507a
[0m05:45:51.036537 [debug] [Thread-1  ]: Writing injected SQL for node "test.dbt_ecommerce.not_null_stg_ecom_quantity.83eb48507a"
[0m05:45:51.051371 [debug] [Thread-1  ]: Began executing node test.dbt_ecommerce.not_null_stg_ecom_quantity.83eb48507a
[0m05:45:51.053712 [debug] [Thread-1  ]: Writing runtime sql for node "test.dbt_ecommerce.not_null_stg_ecom_quantity.83eb48507a"
[0m05:45:51.066832 [debug] [Thread-1  ]: Using postgres connection "test.dbt_ecommerce.not_null_stg_ecom_quantity.83eb48507a"
[0m05:45:51.067496 [debug] [Thread-1  ]: On test.dbt_ecommerce.not_null_stg_ecom_quantity.83eb48507a: BEGIN
[0m05:45:51.068060 [debug] [Thread-1  ]: Opening a new connection, currently in state closed
[0m05:45:51.072571 [debug] [Thread-1  ]: SQL status: BEGIN in 0.004 seconds
[0m05:45:51.073151 [debug] [Thread-1  ]: Using postgres connection "test.dbt_ecommerce.not_null_stg_ecom_quantity.83eb48507a"
[0m05:45:51.073717 [debug] [Thread-1  ]: On test.dbt_ecommerce.not_null_stg_ecom_quantity.83eb48507a: /* {"app": "dbt", "dbt_version": "1.9.0b2", "profile_name": "dbt_ecommerce", "target_name": "dev", "node_id": "test.dbt_ecommerce.not_null_stg_ecom_quantity.83eb48507a"} */
select
      count(*) as failures,
      count(*) != 0 as should_warn,
      count(*) != 0 as should_error
    from (
      
    
    



select quantity
from "airflow"."public"."stg_ecom"
where quantity is null



      
    ) dbt_internal_test
[0m05:45:51.086353 [debug] [Thread-1  ]: SQL status: SELECT 1 in 0.012 seconds
[0m05:45:51.088077 [debug] [Thread-1  ]: On test.dbt_ecommerce.not_null_stg_ecom_quantity.83eb48507a: ROLLBACK
[0m05:45:51.088906 [debug] [Thread-1  ]: On test.dbt_ecommerce.not_null_stg_ecom_quantity.83eb48507a: Close
[0m05:45:51.089770 [info ] [Thread-1  ]: 8 of 13 PASS not_null_stg_ecom_quantity ........................................ [[32mPASS[0m in 0.06s]
[0m05:45:51.090552 [debug] [Thread-1  ]: Finished running node test.dbt_ecommerce.not_null_stg_ecom_quantity.83eb48507a
[0m05:45:51.091128 [debug] [Thread-1  ]: Began running node test.dbt_ecommerce.not_null_stg_ecom_unit_price.5cc87191c1
[0m05:45:51.091665 [info ] [Thread-1  ]: 9 of 13 START test not_null_stg_ecom_unit_price ................................ [RUN]
[0m05:45:51.092583 [debug] [Thread-1  ]: Re-using an available connection from the pool (formerly test.dbt_ecommerce.not_null_stg_ecom_quantity.83eb48507a, now test.dbt_ecommerce.not_null_stg_ecom_unit_price.5cc87191c1)
[0m05:45:51.093356 [debug] [Thread-1  ]: Began compiling node test.dbt_ecommerce.not_null_stg_ecom_unit_price.5cc87191c1
[0m05:45:51.097061 [debug] [Thread-1  ]: Writing injected SQL for node "test.dbt_ecommerce.not_null_stg_ecom_unit_price.5cc87191c1"
[0m05:45:51.110330 [debug] [Thread-1  ]: Began executing node test.dbt_ecommerce.not_null_stg_ecom_unit_price.5cc87191c1
[0m05:45:51.113404 [debug] [Thread-1  ]: Writing runtime sql for node "test.dbt_ecommerce.not_null_stg_ecom_unit_price.5cc87191c1"
[0m05:45:51.126573 [debug] [Thread-1  ]: Using postgres connection "test.dbt_ecommerce.not_null_stg_ecom_unit_price.5cc87191c1"
[0m05:45:51.127062 [debug] [Thread-1  ]: On test.dbt_ecommerce.not_null_stg_ecom_unit_price.5cc87191c1: BEGIN
[0m05:45:51.127659 [debug] [Thread-1  ]: Opening a new connection, currently in state closed
[0m05:45:51.131744 [debug] [Thread-1  ]: SQL status: BEGIN in 0.004 seconds
[0m05:45:51.132271 [debug] [Thread-1  ]: Using postgres connection "test.dbt_ecommerce.not_null_stg_ecom_unit_price.5cc87191c1"
[0m05:45:51.132774 [debug] [Thread-1  ]: On test.dbt_ecommerce.not_null_stg_ecom_unit_price.5cc87191c1: /* {"app": "dbt", "dbt_version": "1.9.0b2", "profile_name": "dbt_ecommerce", "target_name": "dev", "node_id": "test.dbt_ecommerce.not_null_stg_ecom_unit_price.5cc87191c1"} */
select
      count(*) as failures,
      count(*) != 0 as should_warn,
      count(*) != 0 as should_error
    from (
      
    
    



select unit_price
from "airflow"."public"."stg_ecom"
where unit_price is null



      
    ) dbt_internal_test
[0m05:45:51.144972 [debug] [Thread-1  ]: SQL status: SELECT 1 in 0.012 seconds
[0m05:45:51.146587 [debug] [Thread-1  ]: On test.dbt_ecommerce.not_null_stg_ecom_unit_price.5cc87191c1: ROLLBACK
[0m05:45:51.147464 [debug] [Thread-1  ]: On test.dbt_ecommerce.not_null_stg_ecom_unit_price.5cc87191c1: Close
[0m05:45:51.148257 [info ] [Thread-1  ]: 9 of 13 PASS not_null_stg_ecom_unit_price ...................................... [[32mPASS[0m in 0.06s]
[0m05:45:51.149136 [debug] [Thread-1  ]: Finished running node test.dbt_ecommerce.not_null_stg_ecom_unit_price.5cc87191c1
[0m05:45:51.149651 [debug] [Thread-1  ]: Began running node test.dbt_ecommerce.unique_ecom_monthly_revenue_invoice_month.9f9c49b329
[0m05:45:51.150106 [info ] [Thread-1  ]: 10 of 13 START test unique_ecom_monthly_revenue_invoice_month .................. [RUN]
[0m05:45:51.150785 [debug] [Thread-1  ]: Re-using an available connection from the pool (formerly test.dbt_ecommerce.not_null_stg_ecom_unit_price.5cc87191c1, now test.dbt_ecommerce.unique_ecom_monthly_revenue_invoice_month.9f9c49b329)
[0m05:45:51.151302 [debug] [Thread-1  ]: Began compiling node test.dbt_ecommerce.unique_ecom_monthly_revenue_invoice_month.9f9c49b329
[0m05:45:51.192585 [debug] [Thread-1  ]: Writing injected SQL for node "test.dbt_ecommerce.unique_ecom_monthly_revenue_invoice_month.9f9c49b329"
[0m05:45:51.201788 [debug] [Thread-1  ]: Began executing node test.dbt_ecommerce.unique_ecom_monthly_revenue_invoice_month.9f9c49b329
[0m05:45:51.204013 [debug] [Thread-1  ]: Writing runtime sql for node "test.dbt_ecommerce.unique_ecom_monthly_revenue_invoice_month.9f9c49b329"
[0m05:45:51.211186 [debug] [Thread-1  ]: Using postgres connection "test.dbt_ecommerce.unique_ecom_monthly_revenue_invoice_month.9f9c49b329"
[0m05:45:51.211780 [debug] [Thread-1  ]: On test.dbt_ecommerce.unique_ecom_monthly_revenue_invoice_month.9f9c49b329: BEGIN
[0m05:45:51.212259 [debug] [Thread-1  ]: Opening a new connection, currently in state closed
[0m05:45:51.216799 [debug] [Thread-1  ]: SQL status: BEGIN in 0.004 seconds
[0m05:45:51.217483 [debug] [Thread-1  ]: Using postgres connection "test.dbt_ecommerce.unique_ecom_monthly_revenue_invoice_month.9f9c49b329"
[0m05:45:51.217985 [debug] [Thread-1  ]: On test.dbt_ecommerce.unique_ecom_monthly_revenue_invoice_month.9f9c49b329: /* {"app": "dbt", "dbt_version": "1.9.0b2", "profile_name": "dbt_ecommerce", "target_name": "dev", "node_id": "test.dbt_ecommerce.unique_ecom_monthly_revenue_invoice_month.9f9c49b329"} */
select
      count(*) as failures,
      count(*) != 0 as should_warn,
      count(*) != 0 as should_error
    from (
      
    
    

select
    invoice_month as unique_field,
    count(*) as n_records

from "airflow"."public"."ecom_monthly_revenue"
where invoice_month is not null
group by invoice_month
having count(*) > 1



      
    ) dbt_internal_test
[0m05:45:51.273535 [debug] [Thread-1  ]: SQL status: SELECT 1 in 0.055 seconds
[0m05:45:51.275319 [debug] [Thread-1  ]: On test.dbt_ecommerce.unique_ecom_monthly_revenue_invoice_month.9f9c49b329: ROLLBACK
[0m05:45:51.276254 [debug] [Thread-1  ]: On test.dbt_ecommerce.unique_ecom_monthly_revenue_invoice_month.9f9c49b329: Close
[0m05:45:51.277155 [info ] [Thread-1  ]: 10 of 13 PASS unique_ecom_monthly_revenue_invoice_month ........................ [[32mPASS[0m in 0.13s]
[0m05:45:51.278050 [debug] [Thread-1  ]: Finished running node test.dbt_ecommerce.unique_ecom_monthly_revenue_invoice_month.9f9c49b329
[0m05:45:51.278703 [debug] [Thread-1  ]: Began running node test.dbt_ecommerce.unique_ecom_sales_by_country_country.474189ab72
[0m05:45:51.279319 [info ] [Thread-1  ]: 11 of 13 START test unique_ecom_sales_by_country_country ....................... [RUN]
[0m05:45:51.280131 [debug] [Thread-1  ]: Re-using an available connection from the pool (formerly test.dbt_ecommerce.unique_ecom_monthly_revenue_invoice_month.9f9c49b329, now test.dbt_ecommerce.unique_ecom_sales_by_country_country.474189ab72)
[0m05:45:51.280652 [debug] [Thread-1  ]: Began compiling node test.dbt_ecommerce.unique_ecom_sales_by_country_country.474189ab72
[0m05:45:51.284143 [debug] [Thread-1  ]: Writing injected SQL for node "test.dbt_ecommerce.unique_ecom_sales_by_country_country.474189ab72"
[0m05:45:51.300878 [debug] [Thread-1  ]: Began executing node test.dbt_ecommerce.unique_ecom_sales_by_country_country.474189ab72
[0m05:45:51.303504 [debug] [Thread-1  ]: Writing runtime sql for node "test.dbt_ecommerce.unique_ecom_sales_by_country_country.474189ab72"
[0m05:45:51.319913 [debug] [Thread-1  ]: Using postgres connection "test.dbt_ecommerce.unique_ecom_sales_by_country_country.474189ab72"
[0m05:45:51.320697 [debug] [Thread-1  ]: On test.dbt_ecommerce.unique_ecom_sales_by_country_country.474189ab72: BEGIN
[0m05:45:51.321381 [debug] [Thread-1  ]: Opening a new connection, currently in state closed
[0m05:45:51.325931 [debug] [Thread-1  ]: SQL status: BEGIN in 0.004 seconds
[0m05:45:51.326856 [debug] [Thread-1  ]: Using postgres connection "test.dbt_ecommerce.unique_ecom_sales_by_country_country.474189ab72"
[0m05:45:51.327565 [debug] [Thread-1  ]: On test.dbt_ecommerce.unique_ecom_sales_by_country_country.474189ab72: /* {"app": "dbt", "dbt_version": "1.9.0b2", "profile_name": "dbt_ecommerce", "target_name": "dev", "node_id": "test.dbt_ecommerce.unique_ecom_sales_by_country_country.474189ab72"} */
select
      count(*) as failures,
      count(*) != 0 as should_warn,
      count(*) != 0 as should_error
    from (
      
    
    

select
    country as unique_field,
    count(*) as n_records

from "airflow"."public"."ecom_sales_by_country"
where country is not null
group by country
having count(*) > 1



      
    ) dbt_internal_test
[0m05:45:51.353153 [debug] [Thread-1  ]: SQL status: SELECT 1 in 0.025 seconds
[0m05:45:51.354838 [debug] [Thread-1  ]: On test.dbt_ecommerce.unique_ecom_sales_by_country_country.474189ab72: ROLLBACK
[0m05:45:51.355660 [debug] [Thread-1  ]: On test.dbt_ecommerce.unique_ecom_sales_by_country_country.474189ab72: Close
[0m05:45:51.356560 [info ] [Thread-1  ]: 11 of 13 PASS unique_ecom_sales_by_country_country ............................. [[32mPASS[0m in 0.08s]
[0m05:45:51.357583 [debug] [Thread-1  ]: Finished running node test.dbt_ecommerce.unique_ecom_sales_by_country_country.474189ab72
[0m05:45:51.358171 [debug] [Thread-1  ]: Began running node test.dbt_ecommerce.unique_ecom_top_customers_customer_id.0082e1dd61
[0m05:45:51.358890 [info ] [Thread-1  ]: 12 of 13 START test unique_ecom_top_customers_customer_id ...................... [RUN]
[0m05:45:51.359831 [debug] [Thread-1  ]: Re-using an available connection from the pool (formerly test.dbt_ecommerce.unique_ecom_sales_by_country_country.474189ab72, now test.dbt_ecommerce.unique_ecom_top_customers_customer_id.0082e1dd61)
[0m05:45:51.360579 [debug] [Thread-1  ]: Began compiling node test.dbt_ecommerce.unique_ecom_top_customers_customer_id.0082e1dd61
[0m05:45:51.363963 [debug] [Thread-1  ]: Writing injected SQL for node "test.dbt_ecommerce.unique_ecom_top_customers_customer_id.0082e1dd61"
[0m05:45:51.378532 [debug] [Thread-1  ]: Began executing node test.dbt_ecommerce.unique_ecom_top_customers_customer_id.0082e1dd61
[0m05:45:51.381012 [debug] [Thread-1  ]: Writing runtime sql for node "test.dbt_ecommerce.unique_ecom_top_customers_customer_id.0082e1dd61"
[0m05:45:51.397390 [debug] [Thread-1  ]: Using postgres connection "test.dbt_ecommerce.unique_ecom_top_customers_customer_id.0082e1dd61"
[0m05:45:51.398174 [debug] [Thread-1  ]: On test.dbt_ecommerce.unique_ecom_top_customers_customer_id.0082e1dd61: BEGIN
[0m05:45:51.398934 [debug] [Thread-1  ]: Opening a new connection, currently in state closed
[0m05:45:51.403156 [debug] [Thread-1  ]: SQL status: BEGIN in 0.004 seconds
[0m05:45:51.403810 [debug] [Thread-1  ]: Using postgres connection "test.dbt_ecommerce.unique_ecom_top_customers_customer_id.0082e1dd61"
[0m05:45:51.404381 [debug] [Thread-1  ]: On test.dbt_ecommerce.unique_ecom_top_customers_customer_id.0082e1dd61: /* {"app": "dbt", "dbt_version": "1.9.0b2", "profile_name": "dbt_ecommerce", "target_name": "dev", "node_id": "test.dbt_ecommerce.unique_ecom_top_customers_customer_id.0082e1dd61"} */
select
      count(*) as failures,
      count(*) != 0 as should_warn,
      count(*) != 0 as should_error
    from (
      
    
    

select
    customer_id as unique_field,
    count(*) as n_records

from "airflow"."public"."ecom_top_customers"
where customer_id is not null
group by customer_id
having count(*) > 1



      
    ) dbt_internal_test
[0m05:45:51.427560 [debug] [Thread-1  ]: SQL status: SELECT 1 in 0.023 seconds
[0m05:45:51.429351 [debug] [Thread-1  ]: On test.dbt_ecommerce.unique_ecom_top_customers_customer_id.0082e1dd61: ROLLBACK
[0m05:45:51.430368 [debug] [Thread-1  ]: On test.dbt_ecommerce.unique_ecom_top_customers_customer_id.0082e1dd61: Close
[0m05:45:51.431247 [info ] [Thread-1  ]: 12 of 13 PASS unique_ecom_top_customers_customer_id ............................ [[32mPASS[0m in 0.07s]
[0m05:45:51.432158 [debug] [Thread-1  ]: Finished running node test.dbt_ecommerce.unique_ecom_top_customers_customer_id.0082e1dd61
[0m05:45:51.432813 [debug] [Thread-1  ]: Began running node test.dbt_ecommerce.unique_ecom_top_product_stock_code.2ca5fd7598
[0m05:45:51.433424 [info ] [Thread-1  ]: 13 of 13 START test unique_ecom_top_product_stock_code ......................... [RUN]
[0m05:45:51.434222 [debug] [Thread-1  ]: Re-using an available connection from the pool (formerly test.dbt_ecommerce.unique_ecom_top_customers_customer_id.0082e1dd61, now test.dbt_ecommerce.unique_ecom_top_product_stock_code.2ca5fd7598)
[0m05:45:51.434768 [debug] [Thread-1  ]: Began compiling node test.dbt_ecommerce.unique_ecom_top_product_stock_code.2ca5fd7598
[0m05:45:51.438274 [debug] [Thread-1  ]: Writing injected SQL for node "test.dbt_ecommerce.unique_ecom_top_product_stock_code.2ca5fd7598"
[0m05:45:51.455111 [debug] [Thread-1  ]: Began executing node test.dbt_ecommerce.unique_ecom_top_product_stock_code.2ca5fd7598
[0m05:45:51.458512 [debug] [Thread-1  ]: Writing runtime sql for node "test.dbt_ecommerce.unique_ecom_top_product_stock_code.2ca5fd7598"
[0m05:45:51.472873 [debug] [Thread-1  ]: Using postgres connection "test.dbt_ecommerce.unique_ecom_top_product_stock_code.2ca5fd7598"
[0m05:45:51.473580 [debug] [Thread-1  ]: On test.dbt_ecommerce.unique_ecom_top_product_stock_code.2ca5fd7598: BEGIN
[0m05:45:51.474090 [debug] [Thread-1  ]: Opening a new connection, currently in state closed
[0m05:45:51.478485 [debug] [Thread-1  ]: SQL status: BEGIN in 0.004 seconds
[0m05:45:51.479172 [debug] [Thread-1  ]: Using postgres connection "test.dbt_ecommerce.unique_ecom_top_product_stock_code.2ca5fd7598"
[0m05:45:51.479779 [debug] [Thread-1  ]: On test.dbt_ecommerce.unique_ecom_top_product_stock_code.2ca5fd7598: /* {"app": "dbt", "dbt_version": "1.9.0b2", "profile_name": "dbt_ecommerce", "target_name": "dev", "node_id": "test.dbt_ecommerce.unique_ecom_top_product_stock_code.2ca5fd7598"} */
select
      count(*) as failures,
      count(*) != 0 as should_warn,
      count(*) != 0 as should_error
    from (
      
    
    

select
    stock_code as unique_field,
    count(*) as n_records

from "airflow"."public"."ecom_top_product"
where stock_code is not null
group by stock_code
having count(*) > 1



      
    ) dbt_internal_test
[0m05:45:51.553624 [debug] [Thread-1  ]: SQL status: SELECT 1 in 0.073 seconds
[0m05:45:51.555221 [debug] [Thread-1  ]: On test.dbt_ecommerce.unique_ecom_top_product_stock_code.2ca5fd7598: ROLLBACK
[0m05:45:51.556116 [debug] [Thread-1  ]: On test.dbt_ecommerce.unique_ecom_top_product_stock_code.2ca5fd7598: Close
[0m05:45:51.556873 [info ] [Thread-1  ]: 13 of 13 PASS unique_ecom_top_product_stock_code ............................... [[32mPASS[0m in 0.12s]
[0m05:45:51.557560 [debug] [Thread-1  ]: Finished running node test.dbt_ecommerce.unique_ecom_top_product_stock_code.2ca5fd7598
[0m05:45:51.558930 [debug] [MainThread]: Using postgres connection "master"
[0m05:45:51.559353 [debug] [MainThread]: On master: BEGIN
[0m05:45:51.559792 [debug] [MainThread]: Opening a new connection, currently in state closed
[0m05:45:51.563695 [debug] [MainThread]: SQL status: BEGIN in 0.004 seconds
[0m05:45:51.564119 [debug] [MainThread]: On master: COMMIT
[0m05:45:51.564570 [debug] [MainThread]: Using postgres connection "master"
[0m05:45:51.565151 [debug] [MainThread]: On master: COMMIT
[0m05:45:51.565790 [debug] [MainThread]: SQL status: COMMIT in 0.000 seconds
[0m05:45:51.566161 [debug] [MainThread]: On master: Close
[0m05:45:51.566905 [debug] [MainThread]: Connection 'master' was properly closed.
[0m05:45:51.567441 [debug] [MainThread]: Connection 'test.dbt_ecommerce.unique_ecom_top_product_stock_code.2ca5fd7598' was properly closed.
[0m05:45:51.567866 [info ] [MainThread]: 
[0m05:45:51.568315 [info ] [MainThread]: Finished running 13 data tests in 0 hours 0 minutes and 1.16 seconds (1.16s).
[0m05:45:51.569808 [debug] [MainThread]: Command end result
[0m05:45:51.625467 [info ] [MainThread]: 
[0m05:45:51.626135 [info ] [MainThread]: [32mCompleted successfully[0m
[0m05:45:51.626637 [info ] [MainThread]: 
[0m05:45:51.627369 [info ] [MainThread]: Done. PASS=13 WARN=0 ERROR=0 SKIP=0 TOTAL=13
[0m05:45:51.628629 [debug] [MainThread]: Resource report: {"command_name": "test", "command_success": true, "command_wall_clock_time": 1.8431149, "process_user_time": 1.495127, "process_kernel_time": 0.138804, "process_mem_max_rss": "106120", "process_in_blocks": "0", "process_out_blocks": "0"}
[0m05:45:51.632681 [debug] [MainThread]: Command `dbt test` succeeded at 05:45:51.632598 after 1.85 seconds
[0m05:45:51.633430 [debug] [MainThread]: Sending event: {'category': 'dbt', 'action': 'invocation', 'label': 'end', 'context': [<snowplow_tracker.self_describing_json.SelfDescribingJson object at 0x7c889f3a75b0>, <snowplow_tracker.self_describing_json.SelfDescribingJson object at 0x7c889f1b57f0>, <snowplow_tracker.self_describing_json.SelfDescribingJson object at 0x7c889de91730>]}
[0m05:45:51.634238 [debug] [MainThread]: Flushing usage events
[0m05:45:52.838950 [debug] [MainThread]: An error was encountered while trying to flush usage events
